<?xml version="1.0" encoding="UTF-8"?>
<gpx creator="https://gpx.studio" version="1.1" schemaLocation="http://www.topografix.com/GPX/1/1 http://www.topografix.com/GPX/1/1/gpx.xsd http://www.garmin.com/xmlschemas/GpxExtensions/v3 http://www.garmin.com/xmlschemas/GpxExtensionsv3.xsd http://www.garmin.com/xmlschemas/TrackPointExtension/v1 http://www.garmin.com/xmlschemas/TrackPointExtensionv1.xsd http://www.garmin.com/xmlschemas/PowerExtension/v1 http://www.garmin.com/xmlschemas/PowerExtensionv1.xsd http://www.topografix.com/GPX/gpx_style/0/2 http://www.topografix.com/GPX/gpx_style/0/2/gpx_style.xsd" xmlns="http://www.topografix.com/GPX/1/1" xmlns:xsi="http://www.w3.org/2001/XMLSchema-instance" xsi:schemaLocation="http://www.topografix.com/GPX/1/1 http://www.topografix.com/GPX/1/1/gpx.xsd http://www.garmin.com/xmlschemas/GpxExtensions/v3 http://www.garmin.com/xmlschemas/GpxExtensionsv3.xsd http://www.garmin.com/xmlschemas/TrackPointExtension/v1 http://www.garmin.com/xmlschemas/TrackPointExtensionv1.xsd http://www.garmin.com/xmlschemas/PowerExtension/v1 http://www.garmin.com/xmlschemas/PowerExtensionv1.xsd http://www.topografix.com/GPX/gpx_style/0/2 http://www.topografix.com/GPX/gpx_style/0/2/gpx_style.xsd" xmlns:gpxtpx="http://www.garmin.com/xmlschemas/TrackPointExtension/v1" xmlns:gpxx="http://www.garmin.com/xmlschemas/GpxExtensions/v3" xmlns:gpxpx="http://www.garmin.com/xmlschemas/PowerExtension/v1" xmlns:gpx_style="http://www.topografix.com/GPX/gpx_style/0/2">
  <metadata>
    <name>2026_10_08 moletai INTVL</name>
    <author>
      <name>gpx.studio</name>
      <link href="https://gpx.studio"/>
    </author>
  </metadata>
  <trk>
    <name>2026_10_08 moletai INTVL</name>
    <extensions>
      <gpx_style:line>
        <gpx_style:color>ff0000</gpx_style:color>
      </gpx_style:line>
    </extensions>
    <trkseg>
      <trkpt lat="55.167747" lon="25.387373">
        <ele>167.23</ele>
      </trkpt>
      <trkpt lat="55.167304" lon="25.387095">
        <ele>167.08</ele>
      </trkpt>
      <trkpt lat="55.166307" lon="25.386382">
        <ele>166.45</ele>
      </trkpt>
      <trkpt lat="55.165309" lon="25.385668">
        <ele>168.6</ele>
      </trkpt>
      <trkpt lat="55.164704" lon="25.385256">
        <ele>167.99</ele>
      </trkpt>
      <trkpt lat="55.164497" lon="25.385145">
        <ele>167.64</ele>
      </trkpt>
      <trkpt lat="55.164323" lon="25.385082">
        <ele>167.01</ele>
      </trkpt>
      <trkpt lat="55.164159" lon="25.385054">
        <ele>167.04</ele>
      </trkpt>
      <trkpt lat="55.164022" lon="25.385044">
        <ele>166.33</ele>
      </trkpt>
      <trkpt lat="55.163897" lon="25.385051">
        <ele>167</ele>
      </trkpt>
      <trkpt lat="55.163746" lon="25.385075">
        <ele>167.04</ele>
      </trkpt>
      <trkpt lat="55.16357" lon="25.385122">
        <ele>167.94</ele>
      </trkpt>
      <trkpt lat="55.163091" lon="25.385302">
        <ele>170.89</ele>
      </trkpt>
      <trkpt lat="55.16176" lon="25.385817">
        <ele>173</ele>
      </trkpt>
      <trkpt lat="55.160366" lon="25.386331">
        <ele>168</ele>
      </trkpt>
      <trkpt lat="55.160206" lon="25.386372">
        <ele>168</ele>
      </trkpt>
      <trkpt lat="55.160026" lon="25.3864">
        <ele>167.13</ele>
      </trkpt>
      <trkpt lat="55.159822" lon="25.386411">
        <ele>167</ele>
      </trkpt>
      <trkpt lat="55.159584" lon="25.3864">
        <ele>167.66</ele>
      </trkpt>
      <trkpt lat="55.158905" lon="25.386294">
        <ele>169.04</ele>
      </trkpt>
      <trkpt lat="55.158593" lon="25.386255">
        <ele>167.82</ele>
      </trkpt>
      <trkpt lat="55.158432" lon="25.386249">
        <ele>167.78</ele>
      </trkpt>
      <trkpt lat="55.15826" lon="25.386257">
        <ele>167.82</ele>
      </trkpt>
      <trkpt lat="55.15805" lon="25.386289">
        <ele>168.01</ele>
      </trkpt>
      <trkpt lat="55.157853" lon="25.386339">
        <ele>169.22</ele>
      </trkpt>
      <trkpt lat="55.157601" lon="25.386436">
        <ele>170.93</ele>
      </trkpt>
      <trkpt lat="55.157418" lon="25.38653">
        <ele>172</ele>
      </trkpt>
      <trkpt lat="55.157253" lon="25.386634">
        <ele>172</ele>
      </trkpt>
      <trkpt lat="55.156883" lon="25.386934">
        <ele>170.81</ele>
      </trkpt>
      <trkpt lat="55.156342" lon="25.387466">
        <ele>170</ele>
      </trkpt>
      <trkpt lat="55.156116" lon="25.387702">
        <ele>170.68</ele>
      </trkpt>
      <trkpt lat="55.155753" lon="25.388018">
        <ele>170.98</ele>
      </trkpt>
      <trkpt lat="55.155537" lon="25.388168">
        <ele>170.06</ele>
      </trkpt>
      <trkpt lat="55.155333" lon="25.388279">
        <ele>170</ele>
      </trkpt>
      <trkpt lat="55.155122" lon="25.388374">
        <ele>169.39</ele>
      </trkpt>
      <trkpt lat="55.154856" lon="25.38846">
        <ele>169</ele>
      </trkpt>
      <trkpt lat="55.154068" lon="25.388624">
        <ele>170.25</ele>
      </trkpt>
      <trkpt lat="55.153027" lon="25.38884">
        <ele>176</ele>
      </trkpt>
      <trkpt lat="55.152358" lon="25.389023">
        <ele>179</ele>
      </trkpt>
      <trkpt lat="55.151802" lon="25.389226">
        <ele>180</ele>
      </trkpt>
      <trkpt lat="55.151421" lon="25.389396">
        <ele>182.44</ele>
      </trkpt>
      <trkpt lat="55.150868" lon="25.389694">
        <ele>187.99</ele>
      </trkpt>
      <trkpt lat="55.149454" lon="25.390523">
        <ele>196.38</ele>
      </trkpt>
      <trkpt lat="55.14919" lon="25.390678">
        <ele>197</ele>
      </trkpt>
      <trkpt lat="55.147984" lon="25.391374">
        <ele>193.42</ele>
      </trkpt>
      <trkpt lat="55.147772" lon="25.391502">
        <ele>194.49</ele>
      </trkpt>
      <trkpt lat="55.147507" lon="25.391695">
        <ele>197.93</ele>
      </trkpt>
      <trkpt lat="55.147274" lon="25.391896">
        <ele>200.55</ele>
      </trkpt>
      <trkpt lat="55.147052" lon="25.392116">
        <ele>199.06</ele>
      </trkpt>
      <trkpt lat="55.146851" lon="25.392357">
        <ele>197.71</ele>
      </trkpt>
      <trkpt lat="55.146652" lon="25.392626">
        <ele>195.15</ele>
      </trkpt>
      <trkpt lat="55.146034" lon="25.39357">
        <ele>190.83</ele>
      </trkpt>
      <trkpt lat="55.145865" lon="25.393787">
        <ele>189.72</ele>
      </trkpt>
      <trkpt lat="55.14571" lon="25.393961">
        <ele>189.16</ele>
      </trkpt>
      <trkpt lat="55.145439" lon="25.394184">
        <ele>187.71</ele>
      </trkpt>
      <trkpt lat="55.14529" lon="25.394267">
        <ele>187</ele>
      </trkpt>
      <trkpt lat="55.144792" lon="25.394479">
        <ele>189.51</ele>
      </trkpt>
      <trkpt lat="55.144224" lon="25.394695">
        <ele>190.71</ele>
      </trkpt>
      <trkpt lat="55.143655" lon="25.394911">
        <ele>189.32</ele>
      </trkpt>
      <trkpt lat="55.14318" lon="25.395085">
        <ele>189.88</ele>
      </trkpt>
      <trkpt lat="55.142996" lon="25.395142">
        <ele>190</ele>
      </trkpt>
      <trkpt lat="55.142763" lon="25.39519">
        <ele>191.45</ele>
      </trkpt>
      <trkpt lat="55.142386" lon="25.395214">
        <ele>196.29</ele>
      </trkpt>
      <trkpt lat="55.142049" lon="25.395176">
        <ele>198.32</ele>
      </trkpt>
      <trkpt lat="55.141056" lon="25.394975">
        <ele>195</ele>
      </trkpt>
      <trkpt lat="55.140479" lon="25.394865">
        <ele>196.57</ele>
      </trkpt>
      <trkpt lat="55.137888" lon="25.394356">
        <ele>191.08</ele>
      </trkpt>
      <trkpt lat="55.137097" lon="25.394202">
        <ele>187</ele>
      </trkpt>
      <trkpt lat="55.136733" lon="25.39411">
        <ele>185.62</ele>
      </trkpt>
      <trkpt lat="55.136522" lon="25.39402">
        <ele>184.1</ele>
      </trkpt>
      <trkpt lat="55.136363" lon="25.393937">
        <ele>183.74</ele>
      </trkpt>
      <trkpt lat="55.13612" lon="25.393779">
        <ele>184</ele>
      </trkpt>
      <trkpt lat="55.135677" lon="25.393432">
        <ele>186.46</ele>
      </trkpt>
      <trkpt lat="55.13546" lon="25.393224">
        <ele>186.76</ele>
      </trkpt>
      <trkpt lat="55.135352" lon="25.39311">
        <ele>186.16</ele>
      </trkpt>
      <trkpt lat="55.135229" lon="25.392952">
        <ele>185.17</ele>
      </trkpt>
      <trkpt lat="55.135065" lon="25.392707">
        <ele>184.92</ele>
      </trkpt>
      <trkpt lat="55.134827" lon="25.3923">
        <ele>184.84</ele>
      </trkpt>
      <trkpt lat="55.134603" lon="25.391877">
        <ele>184.28</ele>
      </trkpt>
      <trkpt lat="55.134557" lon="25.391944">
        <ele>184.01</ele>
      </trkpt>
      <trkpt lat="55.134496" lon="25.391995">
        <ele>183.37</ele>
      </trkpt>
      <trkpt lat="55.133555" lon="25.392342">
        <ele>177</ele>
      </trkpt>
      <trkpt lat="55.133269" lon="25.392446">
        <ele>177.02</ele>
      </trkpt>
      <trkpt lat="55.133131" lon="25.392506">
        <ele>178.58</ele>
      </trkpt>
      <trkpt lat="55.132999" lon="25.392593">
        <ele>180.43</ele>
      </trkpt>
      <trkpt lat="55.132859" lon="25.39272">
        <ele>182.29</ele>
      </trkpt>
      <trkpt lat="55.132712" lon="25.392878">
        <ele>181.85</ele>
      </trkpt>
      <trkpt lat="55.132607" lon="25.393012">
        <ele>180.4</ele>
      </trkpt>
      <trkpt lat="55.132412" lon="25.393322">
        <ele>177.93</ele>
      </trkpt>
      <trkpt lat="55.132291" lon="25.393582">
        <ele>178</ele>
      </trkpt>
      <trkpt lat="55.132244" lon="25.39373">
        <ele>178.71</ele>
      </trkpt>
      <trkpt lat="55.133369" lon="25.394594">
        <ele>177</ele>
      </trkpt>
      <trkpt lat="55.133404" lon="25.394623">
        <ele>176.94</ele>
      </trkpt>
      <trkpt lat="55.13399" lon="25.39509">
        <ele>176</ele>
      </trkpt>
      <trkpt lat="55.134557" lon="25.395556">
        <ele>176.99</ele>
      </trkpt>
      <trkpt lat="55.135078" lon="25.396003">
        <ele>177</ele>
      </trkpt>
      <trkpt lat="55.135915" lon="25.396742">
        <ele>178</ele>
      </trkpt>
      <trkpt lat="55.13722" lon="25.397959">
        <ele>179</ele>
      </trkpt>
      <trkpt lat="55.137966" lon="25.398686">
        <ele>177</ele>
      </trkpt>
      <trkpt lat="55.139457" lon="25.400139">
        <ele>179</ele>
      </trkpt>
      <trkpt lat="55.141067" lon="25.40168">
        <ele>178.65</ele>
      </trkpt>
      <trkpt lat="55.141527" lon="25.402121">
        <ele>179.92</ele>
      </trkpt>
      <trkpt lat="55.142471" lon="25.403046">
        <ele>176</ele>
      </trkpt>
      <trkpt lat="55.143415" lon="25.403972">
        <ele>176</ele>
      </trkpt>
      <trkpt lat="55.144124" lon="25.404666">
        <ele>179.38</ele>
      </trkpt>
      <trkpt lat="55.144596" lon="25.405129">
        <ele>179.9</ele>
      </trkpt>
      <trkpt lat="55.14602" lon="25.406514">
        <ele>176</ele>
      </trkpt>
      <trkpt lat="55.147446" lon="25.407902">
        <ele>177.54</ele>
      </trkpt>
      <trkpt lat="55.148873" lon="25.40929">
        <ele>174</ele>
      </trkpt>
      <trkpt lat="55.151251" lon="25.411603">
        <ele>178.3</ele>
      </trkpt>
      <trkpt lat="55.151727" lon="25.412066">
        <ele>175.25</ele>
      </trkpt>
      <trkpt lat="55.152678" lon="25.412991">
        <ele>174.85</ele>
      </trkpt>
      <trkpt lat="55.153154" lon="25.413454">
        <ele>176.25</ele>
      </trkpt>
      <trkpt lat="55.154504" lon="25.414676">
        <ele>182.11</ele>
      </trkpt>
      <trkpt lat="55.155044" lon="25.415104">
        <ele>182.04</ele>
      </trkpt>
      <trkpt lat="55.155855" lon="25.415746">
        <ele>185.82</ele>
      </trkpt>
      <trkpt lat="55.156949" lon="25.416488">
        <ele>185.41</ele>
      </trkpt>
      <trkpt lat="55.157222" lon="25.416673">
        <ele>181.67</ele>
      </trkpt>
      <trkpt lat="55.157718" lon="25.41696">
        <ele>179</ele>
      </trkpt>
      <trkpt lat="55.158463" lon="25.41739">
        <ele>179.54</ele>
      </trkpt>
      <trkpt lat="55.158943" lon="25.417651">
        <ele>180</ele>
      </trkpt>
      <trkpt lat="55.159385" lon="25.417848">
        <ele>180</ele>
      </trkpt>
      <trkpt lat="55.160744" lon="25.418419">
        <ele>177</ele>
      </trkpt>
      <trkpt lat="55.161792" lon="25.418753">
        <ele>174.96</ele>
      </trkpt>
      <trkpt lat="55.162671" lon="25.418968">
        <ele>172.99</ele>
      </trkpt>
      <trkpt lat="55.16304" lon="25.419051">
        <ele>172</ele>
      </trkpt>
      <trkpt lat="55.163585" lon="25.419143">
        <ele>170</ele>
      </trkpt>
      <trkpt lat="55.16413" lon="25.419235">
        <ele>170.56</ele>
      </trkpt>
      <trkpt lat="55.165006" lon="25.419353">
        <ele>172.03</ele>
      </trkpt>
      <trkpt lat="55.165849" lon="25.419471">
        <ele>170.62</ele>
      </trkpt>
      <trkpt lat="55.166953" lon="25.419628">
        <ele>165.15</ele>
      </trkpt>
      <trkpt lat="55.167504" lon="25.419707">
        <ele>163.99</ele>
      </trkpt>
      <trkpt lat="55.168332" lon="25.419825">
        <ele>158.26</ele>
      </trkpt>
      <trkpt lat="55.1693" lon="25.419966">
        <ele>156.33</ele>
      </trkpt>
      <trkpt lat="55.169848" lon="25.420046">
        <ele>159.28</ele>
      </trkpt>
      <trkpt lat="55.17067" lon="25.420166">
        <ele>156</ele>
      </trkpt>
      <trkpt lat="55.171492" lon="25.420285">
        <ele>157</ele>
      </trkpt>
      <trkpt lat="55.172397" lon="25.420411">
        <ele>155</ele>
      </trkpt>
      <trkpt lat="55.173239" lon="25.420527">
        <ele>158</ele>
      </trkpt>
      <trkpt lat="55.173799" lon="25.420604">
        <ele>158</ele>
      </trkpt>
      <trkpt lat="55.174921" lon="25.42076">
        <ele>154</ele>
      </trkpt>
      <trkpt lat="55.175641" lon="25.420853">
        <ele>152.97</ele>
      </trkpt>
      <trkpt lat="55.175635" lon="25.421107">
        <ele>153</ele>
      </trkpt>
      <trkpt lat="55.17565" lon="25.421662">
        <ele>152.08</ele>
      </trkpt>
      <trkpt lat="55.175649" lon="25.421939">
        <ele>152</ele>
      </trkpt>
      <trkpt lat="55.17564" lon="25.422049">
        <ele>152</ele>
      </trkpt>
      <trkpt lat="55.175579" lon="25.422147">
        <ele>152.49</ele>
      </trkpt>
      <trkpt lat="55.175478" lon="25.422179">
        <ele>152.84</ele>
      </trkpt>
      <trkpt lat="55.17496" lon="25.422208">
        <ele>153.63</ele>
      </trkpt>
      <trkpt lat="55.17496" lon="25.422208">
        <ele>153.63</ele>
      </trkpt>
      <trkpt lat="55.174517" lon="25.422232">
        <ele>154.31</ele>
      </trkpt>
      <trkpt lat="55.174058" lon="25.422266">
        <ele>156.8</ele>
      </trkpt>
      <trkpt lat="55.173945" lon="25.422285">
        <ele>156.62</ele>
      </trkpt>
      <trkpt lat="55.173877" lon="25.42234">
        <ele>156.07</ele>
      </trkpt>
      <trkpt lat="55.173821" lon="25.422456">
        <ele>155.44</ele>
      </trkpt>
      <trkpt lat="55.173792" lon="25.422621">
        <ele>154.75</ele>
      </trkpt>
      <trkpt lat="55.173696" lon="25.424336">
        <ele>153</ele>
      </trkpt>
      <trkpt lat="55.173645" lon="25.42497">
        <ele>152</ele>
      </trkpt>
      <trkpt lat="55.173598" lon="25.425935">
        <ele>150.18</ele>
      </trkpt>
      <trkpt lat="55.173544" lon="25.426652">
        <ele>151.8</ele>
      </trkpt>
      <trkpt lat="55.173548" lon="25.426888">
        <ele>152.7</ele>
      </trkpt>
      <trkpt lat="55.173574" lon="25.427011">
        <ele>153.1</ele>
      </trkpt>
      <trkpt lat="55.173626" lon="25.427085">
        <ele>153.76</ele>
      </trkpt>
      <trkpt lat="55.173696" lon="25.427123">
        <ele>154.76</ele>
      </trkpt>
      <trkpt lat="55.174241" lon="25.427172">
        <ele>157</ele>
      </trkpt>
      <trkpt lat="55.174331" lon="25.427236">
        <ele>157</ele>
      </trkpt>
      <trkpt lat="55.174371" lon="25.427325">
        <ele>157</ele>
      </trkpt>
      <trkpt lat="55.174386" lon="25.427449">
        <ele>157</ele>
      </trkpt>
      <trkpt lat="55.174368" lon="25.427673">
        <ele>157.62</ele>
      </trkpt>
      <trkpt lat="55.17412" lon="25.429061">
        <ele>156.2</ele>
      </trkpt>
      <trkpt lat="55.173976" lon="25.429908">
        <ele>156.12</ele>
      </trkpt>
      <trkpt lat="55.173968" lon="25.429986">
        <ele>156.18</ele>
      </trkpt>
      <trkpt lat="55.173974" lon="25.43008">
        <ele>156.68</ele>
      </trkpt>
      <trkpt lat="55.173629" lon="25.430145">
        <ele>155.66</ele>
      </trkpt>
      <trkpt lat="55.173349" lon="25.430243">
        <ele>153.56</ele>
      </trkpt>
      <trkpt lat="55.173124" lon="25.430291">
        <ele>152.84</ele>
      </trkpt>
      <trkpt lat="55.172956" lon="25.430267">
        <ele>153.14</ele>
      </trkpt>
      <trkpt lat="55.172489" lon="25.430116">
        <ele>154.99</ele>
      </trkpt>
      <trkpt lat="55.172391" lon="25.4301">
        <ele>155.69</ele>
      </trkpt>
      <trkpt lat="55.172248" lon="25.4301">
        <ele>155.84</ele>
      </trkpt>
      <trkpt lat="55.172102" lon="25.430117">
        <ele>156</ele>
      </trkpt>
      <trkpt lat="55.17189" lon="25.430159">
        <ele>155.07</ele>
      </trkpt>
      <trkpt lat="55.171785" lon="25.430209">
        <ele>154.93</ele>
      </trkpt>
      <trkpt lat="55.171635" lon="25.430347">
        <ele>153.83</ele>
      </trkpt>
      <trkpt lat="55.171248" lon="25.430906">
        <ele>151.25</ele>
      </trkpt>
      <trkpt lat="55.171134" lon="25.431022">
        <ele>150.91</ele>
      </trkpt>
      <trkpt lat="55.170974" lon="25.431136">
        <ele>150.61</ele>
      </trkpt>
      <trkpt lat="55.170765" lon="25.43123">
        <ele>152.99</ele>
      </trkpt>
      <trkpt lat="55.170752" lon="25.431294">
        <ele>153.25</ele>
      </trkpt>
      <trkpt lat="55.170703" lon="25.431438">
        <ele>154.25</ele>
      </trkpt>
      <trkpt lat="55.170596" lon="25.431698">
        <ele>156.44</ele>
      </trkpt>
      <trkpt lat="55.170485" lon="25.431925">
        <ele>159.8</ele>
      </trkpt>
      <trkpt lat="55.170442" lon="25.432055">
        <ele>161.43</ele>
      </trkpt>
      <trkpt lat="55.17041" lon="25.432247">
        <ele>163.54</ele>
      </trkpt>
      <trkpt lat="55.170396" lon="25.432383">
        <ele>164.77</ele>
      </trkpt>
      <trkpt lat="55.170396" lon="25.432489">
        <ele>165.38</ele>
      </trkpt>
      <trkpt lat="55.170418" lon="25.432641">
        <ele>165.58</ele>
      </trkpt>
      <trkpt lat="55.170438" lon="25.432993">
        <ele>166.27</ele>
      </trkpt>
      <trkpt lat="55.170428" lon="25.43376">
        <ele>162.76</ele>
      </trkpt>
      <trkpt lat="55.17041" lon="25.434189">
        <ele>163.21</ele>
      </trkpt>
      <trkpt lat="55.170402" lon="25.434817">
        <ele>165.29</ele>
      </trkpt>
      <trkpt lat="55.170405" lon="25.435127">
        <ele>167.95</ele>
      </trkpt>
      <trkpt lat="55.170423" lon="25.435602">
        <ele>170.75</ele>
      </trkpt>
      <trkpt lat="55.170458" lon="25.436113">
        <ele>172.19</ele>
      </trkpt>
      <trkpt lat="55.17048" lon="25.43633">
        <ele>172.6</ele>
      </trkpt>
      <trkpt lat="55.170531" lon="25.436693">
        <ele>172.95</ele>
      </trkpt>
      <trkpt lat="55.170565" lon="25.437059">
        <ele>172</ele>
      </trkpt>
      <trkpt lat="55.17065" lon="25.438414">
        <ele>174.33</ele>
      </trkpt>
      <trkpt lat="55.170733" lon="25.439726">
        <ele>171.25</ele>
      </trkpt>
      <trkpt lat="55.170793" lon="25.440579">
        <ele>171</ele>
      </trkpt>
      <trkpt lat="55.170867" lon="25.441348">
        <ele>170</ele>
      </trkpt>
      <trkpt lat="55.170926" lon="25.441864">
        <ele>170</ele>
      </trkpt>
      <trkpt lat="55.170951" lon="25.442247">
        <ele>170</ele>
      </trkpt>
      <trkpt lat="55.170864" lon="25.44297">
        <ele>172.04</ele>
      </trkpt>
      <trkpt lat="55.170845" lon="25.443227">
        <ele>173</ele>
      </trkpt>
      <trkpt lat="55.170853" lon="25.443406">
        <ele>173</ele>
      </trkpt>
      <trkpt lat="55.170895" lon="25.443656">
        <ele>173</ele>
      </trkpt>
      <trkpt lat="55.171008" lon="25.444061">
        <ele>173.89</ele>
      </trkpt>
      <trkpt lat="55.171066" lon="25.444372">
        <ele>174</ele>
      </trkpt>
      <trkpt lat="55.171064" lon="25.444615">
        <ele>173.4</ele>
      </trkpt>
      <trkpt lat="55.170684" lon="25.444803">
        <ele>173.85</ele>
      </trkpt>
      <trkpt lat="55.17038" lon="25.44496">
        <ele>172.95</ele>
      </trkpt>
      <trkpt lat="55.170151" lon="25.445132">
        <ele>172.77</ele>
      </trkpt>
      <trkpt lat="55.170151" lon="25.445132">
        <ele>172.77</ele>
      </trkpt>
      <trkpt lat="55.170026" lon="25.445225">
        <ele>172.67</ele>
      </trkpt>
      <trkpt lat="55.169724" lon="25.44556">
        <ele>170.77</ele>
      </trkpt>
      <trkpt lat="55.169394" lon="25.445949">
        <ele>169</ele>
      </trkpt>
      <trkpt lat="55.169287" lon="25.446127">
        <ele>169</ele>
      </trkpt>
      <trkpt lat="55.169206" lon="25.446286">
        <ele>169</ele>
      </trkpt>
      <trkpt lat="55.169134" lon="25.446488">
        <ele>169</ele>
      </trkpt>
      <trkpt lat="55.169094" lon="25.446663">
        <ele>169.49</ele>
      </trkpt>
      <trkpt lat="55.169062" lon="25.446931">
        <ele>169</ele>
      </trkpt>
      <trkpt lat="55.169045" lon="25.447779">
        <ele>169</ele>
      </trkpt>
      <trkpt lat="55.169029" lon="25.448188">
        <ele>169</ele>
      </trkpt>
      <trkpt lat="55.169032" lon="25.448459">
        <ele>168.53</ele>
      </trkpt>
      <trkpt lat="55.169067" lon="25.44867">
        <ele>168</ele>
      </trkpt>
      <trkpt lat="55.16922" lon="25.449354">
        <ele>167</ele>
      </trkpt>
      <trkpt lat="55.169227" lon="25.449513">
        <ele>167</ele>
      </trkpt>
      <trkpt lat="55.169209" lon="25.449663">
        <ele>167.31</ele>
      </trkpt>
      <trkpt lat="55.169159" lon="25.449786">
        <ele>167.32</ele>
      </trkpt>
      <trkpt lat="55.169009" lon="25.44997">
        <ele>168.09</ele>
      </trkpt>
      <trkpt lat="55.168937" lon="25.450104">
        <ele>169</ele>
      </trkpt>
      <trkpt lat="55.168828" lon="25.450388">
        <ele>169</ele>
      </trkpt>
      <trkpt lat="55.168785" lon="25.45047">
        <ele>169</ele>
      </trkpt>
      <trkpt lat="55.168675" lon="25.450588">
        <ele>168.23</ele>
      </trkpt>
      <trkpt lat="55.168613" lon="25.45071">
        <ele>168.34</ele>
      </trkpt>
      <trkpt lat="55.168555" lon="25.450835">
        <ele>168.01</ele>
      </trkpt>
      <trkpt lat="55.168515" lon="25.450965">
        <ele>168</ele>
      </trkpt>
      <trkpt lat="55.168507" lon="25.451055">
        <ele>168</ele>
      </trkpt>
      <trkpt lat="55.168469" lon="25.451186">
        <ele>167.68</ele>
      </trkpt>
      <trkpt lat="55.168341" lon="25.451328">
        <ele>167.14</ele>
      </trkpt>
      <trkpt lat="55.168231" lon="25.451477">
        <ele>167</ele>
      </trkpt>
      <trkpt lat="55.168053" lon="25.45183">
        <ele>167</ele>
      </trkpt>
      <trkpt lat="55.167992" lon="25.451903">
        <ele>167</ele>
      </trkpt>
      <trkpt lat="55.167752" lon="25.45205">
        <ele>167.94</ele>
      </trkpt>
      <trkpt lat="55.167636" lon="25.452157">
        <ele>167.02</ele>
      </trkpt>
      <trkpt lat="55.167605" lon="25.452232">
        <ele>166.73</ele>
      </trkpt>
      <trkpt lat="55.167563" lon="25.452285">
        <ele>166.28</ele>
      </trkpt>
      <trkpt lat="55.167459" lon="25.452526">
        <ele>166</ele>
      </trkpt>
      <trkpt lat="55.167323" lon="25.452733">
        <ele>166</ele>
      </trkpt>
      <trkpt lat="55.167161" lon="25.453013">
        <ele>166.18</ele>
      </trkpt>
      <trkpt lat="55.167038" lon="25.453142">
        <ele>167</ele>
      </trkpt>
      <trkpt lat="55.166891" lon="25.453319">
        <ele>167.93</ele>
      </trkpt>
      <trkpt lat="55.166798" lon="25.453395">
        <ele>168</ele>
      </trkpt>
      <trkpt lat="55.16667" lon="25.453464">
        <ele>169.1</ele>
      </trkpt>
      <trkpt lat="55.166536" lon="25.453586">
        <ele>170.15</ele>
      </trkpt>
      <trkpt lat="55.16646" lon="25.453739">
        <ele>171.05</ele>
      </trkpt>
      <trkpt lat="55.166378" lon="25.453931">
        <ele>172</ele>
      </trkpt>
      <trkpt lat="55.1663" lon="25.45409">
        <ele>172.2</ele>
      </trkpt>
      <trkpt lat="55.166156" lon="25.45452">
        <ele>172</ele>
      </trkpt>
      <trkpt lat="55.166082" lon="25.455143">
        <ele>171</ele>
      </trkpt>
      <trkpt lat="55.165948" lon="25.455439">
        <ele>171.03</ele>
      </trkpt>
      <trkpt lat="55.165884" lon="25.455658">
        <ele>171</ele>
      </trkpt>
      <trkpt lat="55.16587" lon="25.455854">
        <ele>171</ele>
      </trkpt>
      <trkpt lat="55.165897" lon="25.456021">
        <ele>170.58</ele>
      </trkpt>
      <trkpt lat="55.165949" lon="25.456135">
        <ele>169.95</ele>
      </trkpt>
      <trkpt lat="55.165992" lon="25.456263">
        <ele>169.23</ele>
      </trkpt>
      <trkpt lat="55.166021" lon="25.456413">
        <ele>168.85</ele>
      </trkpt>
      <trkpt lat="55.166004" lon="25.456567">
        <ele>168.37</ele>
      </trkpt>
      <trkpt lat="55.165943" lon="25.456709">
        <ele>168.58</ele>
      </trkpt>
      <trkpt lat="55.165826" lon="25.456876">
        <ele>168.9</ele>
      </trkpt>
      <trkpt lat="55.165669" lon="25.456976">
        <ele>170</ele>
      </trkpt>
      <trkpt lat="55.165393" lon="25.457078">
        <ele>171.65</ele>
      </trkpt>
      <trkpt lat="55.165111" lon="25.45724">
        <ele>172</ele>
      </trkpt>
      <trkpt lat="55.16466" lon="25.457555">
        <ele>173</ele>
      </trkpt>
      <trkpt lat="55.164321" lon="25.457762">
        <ele>171.44</ele>
      </trkpt>
      <trkpt lat="55.164086" lon="25.458077">
        <ele>169.61</ele>
      </trkpt>
      <trkpt lat="55.16383" lon="25.458513">
        <ele>168.15</ele>
      </trkpt>
      <trkpt lat="55.163664" lon="25.458793">
        <ele>169.12</ele>
      </trkpt>
      <trkpt lat="55.163624" lon="25.458912">
        <ele>169.12</ele>
      </trkpt>
      <trkpt lat="55.163565" lon="25.459225">
        <ele>168.77</ele>
      </trkpt>
      <trkpt lat="55.16354" lon="25.459311">
        <ele>168.89</ele>
      </trkpt>
      <trkpt lat="55.163431" lon="25.459683">
        <ele>168.42</ele>
      </trkpt>
      <trkpt lat="55.163252" lon="25.460153">
        <ele>166.52</ele>
      </trkpt>
      <trkpt lat="55.163147" lon="25.460596">
        <ele>164.96</ele>
      </trkpt>
      <trkpt lat="55.1631" lon="25.461079">
        <ele>161.72</ele>
      </trkpt>
      <trkpt lat="55.163088" lon="25.4614">
        <ele>159.66</ele>
      </trkpt>
      <trkpt lat="55.163022" lon="25.461925">
        <ele>158.69</ele>
      </trkpt>
      <trkpt lat="55.162924" lon="25.462448">
        <ele>158.94</ele>
      </trkpt>
      <trkpt lat="55.162895" lon="25.462689">
        <ele>159.4</ele>
      </trkpt>
      <trkpt lat="55.162905" lon="25.462981">
        <ele>159.5</ele>
      </trkpt>
      <trkpt lat="55.162971" lon="25.46338">
        <ele>160.52</ele>
      </trkpt>
      <trkpt lat="55.16295" lon="25.463669">
        <ele>161</ele>
      </trkpt>
      <trkpt lat="55.16282" lon="25.463987">
        <ele>163.11</ele>
      </trkpt>
      <trkpt lat="55.162551" lon="25.464546">
        <ele>169.1</ele>
      </trkpt>
      <trkpt lat="55.162411" lon="25.464987">
        <ele>169.48</ele>
      </trkpt>
      <trkpt lat="55.162271" lon="25.465428">
        <ele>165.86</ele>
      </trkpt>
      <trkpt lat="55.162213" lon="25.465721">
        <ele>164.17</ele>
      </trkpt>
      <trkpt lat="55.162246" lon="25.465991">
        <ele>165.2</ele>
      </trkpt>
      <trkpt lat="55.162306" lon="25.466202">
        <ele>166.63</ele>
      </trkpt>
      <trkpt lat="55.16238" lon="25.466373">
        <ele>167.78</ele>
      </trkpt>
      <trkpt lat="55.162471" lon="25.466731">
        <ele>169.73</ele>
      </trkpt>
      <trkpt lat="55.162508" lon="25.467041">
        <ele>169.77</ele>
      </trkpt>
      <trkpt lat="55.162185" lon="25.46754">
        <ele>169.93</ele>
      </trkpt>
      <trkpt lat="55.162152" lon="25.46761">
        <ele>169.75</ele>
      </trkpt>
      <trkpt lat="55.162012" lon="25.467899">
        <ele>169</ele>
      </trkpt>
      <trkpt lat="55.161916" lon="25.468202">
        <ele>168</ele>
      </trkpt>
      <trkpt lat="55.161803" lon="25.468718">
        <ele>167.21</ele>
      </trkpt>
      <trkpt lat="55.16136" lon="25.471378">
        <ele>168</ele>
      </trkpt>
      <trkpt lat="55.161291" lon="25.471877">
        <ele>168</ele>
      </trkpt>
      <trkpt lat="55.161155" lon="25.472874">
        <ele>164.71</ele>
      </trkpt>
      <trkpt lat="55.161019" lon="25.473872">
        <ele>159</ele>
      </trkpt>
      <trkpt lat="55.160897" lon="25.475694">
        <ele>163</ele>
      </trkpt>
      <trkpt lat="55.160463" lon="25.475618">
        <ele>165.36</ele>
      </trkpt>
      <trkpt lat="55.160074" lon="25.475576">
        <ele>167</ele>
      </trkpt>
      <trkpt lat="55.159831" lon="25.475576">
        <ele>168</ele>
      </trkpt>
      <trkpt lat="55.159701" lon="25.475592">
        <ele>168</ele>
      </trkpt>
      <trkpt lat="55.159602" lon="25.475629">
        <ele>168</ele>
      </trkpt>
      <trkpt lat="55.159476" lon="25.475766">
        <ele>168</ele>
      </trkpt>
      <trkpt lat="55.15935" lon="25.47596">
        <ele>168.36</ele>
      </trkpt>
      <trkpt lat="55.159289" lon="25.476148">
        <ele>169.26</ele>
      </trkpt>
      <trkpt lat="55.159172" lon="25.476511">
        <ele>171</ele>
      </trkpt>
      <trkpt lat="55.158944" lon="25.477402">
        <ele>172</ele>
      </trkpt>
      <trkpt lat="55.158667" lon="25.478522">
        <ele>170.37</ele>
      </trkpt>
      <trkpt lat="55.158541" lon="25.478876">
        <ele>168.14</ele>
      </trkpt>
      <trkpt lat="55.158215" lon="25.47961">
        <ele>163.77</ele>
      </trkpt>
      <trkpt lat="55.158179" lon="25.479784">
        <ele>163.76</ele>
      </trkpt>
      <trkpt lat="55.157955" lon="25.47965">
        <ele>162.82</ele>
      </trkpt>
      <trkpt lat="55.15769" lon="25.479562">
        <ele>161.31</ele>
      </trkpt>
      <trkpt lat="55.157016" lon="25.47944">
        <ele>159.23</ele>
      </trkpt>
      <trkpt lat="55.156385" lon="25.479356">
        <ele>153.89</ele>
      </trkpt>
      <trkpt lat="55.155694" lon="25.479264">
        <ele>152</ele>
      </trkpt>
      <trkpt lat="55.155466" lon="25.479191">
        <ele>151.82</ele>
      </trkpt>
      <trkpt lat="55.15523" lon="25.4791">
        <ele>151</ele>
      </trkpt>
      <trkpt lat="55.15474" lon="25.478851">
        <ele>150.66</ele>
      </trkpt>
      <trkpt lat="55.154334" lon="25.478564">
        <ele>151</ele>
      </trkpt>
      <trkpt lat="55.154057" lon="25.478255">
        <ele>151</ele>
      </trkpt>
      <trkpt lat="55.153787" lon="25.477816">
        <ele>151</ele>
      </trkpt>
      <trkpt lat="55.153516" lon="25.477407">
        <ele>150.79</ele>
      </trkpt>
      <trkpt lat="55.152997" lon="25.476881">
        <ele>150</ele>
      </trkpt>
      <trkpt lat="55.152623" lon="25.476561">
        <ele>151</ele>
      </trkpt>
      <trkpt lat="55.152385" lon="25.476415">
        <ele>150.99</ele>
      </trkpt>
      <trkpt lat="55.152177" lon="25.476377">
        <ele>151</ele>
      </trkpt>
      <trkpt lat="55.151914" lon="25.476401">
        <ele>151</ele>
      </trkpt>
      <trkpt lat="55.151436" lon="25.476487">
        <ele>151</ele>
      </trkpt>
      <trkpt lat="55.150979" lon="25.476519">
        <ele>151</ele>
      </trkpt>
      <trkpt lat="55.149971" lon="25.476447">
        <ele>153.29</ele>
      </trkpt>
      <trkpt lat="55.149682" lon="25.476444">
        <ele>154.01</ele>
      </trkpt>
      <trkpt lat="55.14944" lon="25.476425">
        <ele>154.03</ele>
      </trkpt>
      <trkpt lat="55.149204" lon="25.476439">
        <ele>154</ele>
      </trkpt>
      <trkpt lat="55.148747" lon="25.476519">
        <ele>153.27</ele>
      </trkpt>
      <trkpt lat="55.148481" lon="25.476514">
        <ele>151.42</ele>
      </trkpt>
      <trkpt lat="55.14791" lon="25.476457">
        <ele>150</ele>
      </trkpt>
      <trkpt lat="55.147624" lon="25.476429">
        <ele>150.91</ele>
      </trkpt>
      <trkpt lat="55.147259" lon="25.476444">
        <ele>153.54</ele>
      </trkpt>
      <trkpt lat="55.147104" lon="25.476476">
        <ele>154.92</ele>
      </trkpt>
      <trkpt lat="55.146968" lon="25.476541">
        <ele>155.75</ele>
      </trkpt>
      <trkpt lat="55.146848" lon="25.476642">
        <ele>156.56</ele>
      </trkpt>
      <trkpt lat="55.146748" lon="25.476795">
        <ele>156.91</ele>
      </trkpt>
      <trkpt lat="55.146696" lon="25.476969">
        <ele>156.87</ele>
      </trkpt>
      <trkpt lat="55.14658" lon="25.477531">
        <ele>156.62</ele>
      </trkpt>
      <trkpt lat="55.146072" lon="25.480894">
        <ele>158.99</ele>
      </trkpt>
      <trkpt lat="55.14596" lon="25.481882">
        <ele>157.12</ele>
      </trkpt>
      <trkpt lat="55.145876" lon="25.482591">
        <ele>154.06</ele>
      </trkpt>
      <trkpt lat="55.145834" lon="25.48287">
        <ele>153.46</ele>
      </trkpt>
      <trkpt lat="55.145782" lon="25.483122">
        <ele>153</ele>
      </trkpt>
      <trkpt lat="55.145714" lon="25.483401">
        <ele>153.79</ele>
      </trkpt>
      <trkpt lat="55.145648" lon="25.483624">
        <ele>154.92</ele>
      </trkpt>
      <trkpt lat="55.145541" lon="25.483916">
        <ele>155.37</ele>
      </trkpt>
      <trkpt lat="55.145492" lon="25.484029">
        <ele>155.4</ele>
      </trkpt>
      <trkpt lat="55.145412" lon="25.484179">
        <ele>154.06</ele>
      </trkpt>
      <trkpt lat="55.145311" lon="25.484322">
        <ele>152.94</ele>
      </trkpt>
      <trkpt lat="55.145084" lon="25.484595">
        <ele>151</ele>
      </trkpt>
      <trkpt lat="55.144056" lon="25.485755">
        <ele>153</ele>
      </trkpt>
      <trkpt lat="55.14353" lon="25.486378">
        <ele>152</ele>
      </trkpt>
      <trkpt lat="55.143107" lon="25.486928">
        <ele>152.83</ele>
      </trkpt>
      <trkpt lat="55.142958" lon="25.487169">
        <ele>153.69</ele>
      </trkpt>
      <trkpt lat="55.142823" lon="25.487483">
        <ele>152.64</ele>
      </trkpt>
      <trkpt lat="55.142734" lon="25.487729">
        <ele>152.74</ele>
      </trkpt>
      <trkpt lat="55.142642" lon="25.48802">
        <ele>153.33</ele>
      </trkpt>
      <trkpt lat="55.142532" lon="25.488427">
        <ele>156.64</ele>
      </trkpt>
      <trkpt lat="55.142349" lon="25.488961">
        <ele>158</ele>
      </trkpt>
      <trkpt lat="55.142173" lon="25.489377">
        <ele>158</ele>
      </trkpt>
      <trkpt lat="55.142093" lon="25.489508">
        <ele>157.86</ele>
      </trkpt>
      <trkpt lat="55.14203" lon="25.489565">
        <ele>157.54</ele>
      </trkpt>
      <trkpt lat="55.142053" lon="25.489665">
        <ele>157</ele>
      </trkpt>
      <trkpt lat="55.142036" lon="25.489896">
        <ele>156.61</ele>
      </trkpt>
      <trkpt lat="55.141947" lon="25.490277">
        <ele>154.85</ele>
      </trkpt>
      <trkpt lat="55.141652" lon="25.491339">
        <ele>154</ele>
      </trkpt>
      <trkpt lat="55.141607" lon="25.491507">
        <ele>154.75</ele>
      </trkpt>
      <trkpt lat="55.141561" lon="25.49172">
        <ele>155</ele>
      </trkpt>
      <trkpt lat="55.14141" lon="25.492584">
        <ele>153</ele>
      </trkpt>
      <trkpt lat="55.141362" lon="25.493023">
        <ele>153</ele>
      </trkpt>
      <trkpt lat="55.141362" lon="25.493161">
        <ele>153.14</ele>
      </trkpt>
      <trkpt lat="55.14138" lon="25.493438">
        <ele>153.48</ele>
      </trkpt>
      <trkpt lat="55.141544" lon="25.494574">
        <ele>152</ele>
      </trkpt>
      <trkpt lat="55.141763" lon="25.495519">
        <ele>152.92</ele>
      </trkpt>
      <trkpt lat="55.142041" lon="25.496714">
        <ele>151</ele>
      </trkpt>
      <trkpt lat="55.142197" lon="25.497482">
        <ele>151</ele>
      </trkpt>
      <trkpt lat="55.14227" lon="25.497845">
        <ele>152.6</ele>
      </trkpt>
      <trkpt lat="55.142355" lon="25.498393">
        <ele>154</ele>
      </trkpt>
      <trkpt lat="55.142425" lon="25.498845">
        <ele>153</ele>
      </trkpt>
      <trkpt lat="55.142514" lon="25.499799">
        <ele>153</ele>
      </trkpt>
      <trkpt lat="55.142521" lon="25.500114">
        <ele>153</ele>
      </trkpt>
      <trkpt lat="55.142516" lon="25.500896">
        <ele>152.64</ele>
      </trkpt>
      <trkpt lat="55.142486" lon="25.501732">
        <ele>152</ele>
      </trkpt>
      <trkpt lat="55.142326" lon="25.505581">
        <ele>151.48</ele>
      </trkpt>
      <trkpt lat="55.142317" lon="25.50592">
        <ele>151</ele>
      </trkpt>
      <trkpt lat="55.142274" lon="25.506266">
        <ele>149.25</ele>
      </trkpt>
      <trkpt lat="55.142231" lon="25.506471">
        <ele>149</ele>
      </trkpt>
      <trkpt lat="55.142159" lon="25.506759">
        <ele>149.77</ele>
      </trkpt>
      <trkpt lat="55.141959" lon="25.507434">
        <ele>152.63</ele>
      </trkpt>
      <trkpt lat="55.141478" lon="25.508983">
        <ele>154</ele>
      </trkpt>
      <trkpt lat="55.14137" lon="25.509435">
        <ele>154</ele>
      </trkpt>
      <trkpt lat="55.141154" lon="25.510338">
        <ele>157.82</ele>
      </trkpt>
      <trkpt lat="55.141027" lon="25.510906">
        <ele>158.52</ele>
      </trkpt>
      <trkpt lat="55.140906" lon="25.511352">
        <ele>159</ele>
      </trkpt>
      <trkpt lat="55.140807" lon="25.511666">
        <ele>159</ele>
      </trkpt>
      <trkpt lat="55.140536" lon="25.512366">
        <ele>156.87</ele>
      </trkpt>
      <trkpt lat="55.140393" lon="25.512661">
        <ele>156</ele>
      </trkpt>
      <trkpt lat="55.140299" lon="25.512923">
        <ele>156</ele>
      </trkpt>
      <trkpt lat="55.140139" lon="25.513643">
        <ele>155.45</ele>
      </trkpt>
      <trkpt lat="55.139936" lon="25.5146">
        <ele>157</ele>
      </trkpt>
      <trkpt lat="55.139841" lon="25.514984">
        <ele>157.87</ele>
      </trkpt>
      <trkpt lat="55.139668" lon="25.515622">
        <ele>158.96</ele>
      </trkpt>
      <trkpt lat="55.139634" lon="25.515895">
        <ele>159</ele>
      </trkpt>
      <trkpt lat="55.139619" lon="25.51609">
        <ele>158.32</ele>
      </trkpt>
      <trkpt lat="55.139596" lon="25.516167">
        <ele>158</ele>
      </trkpt>
      <trkpt lat="55.139554" lon="25.516226">
        <ele>157.96</ele>
      </trkpt>
      <trkpt lat="55.139122" lon="25.516603">
        <ele>157.21</ele>
      </trkpt>
      <trkpt lat="55.139003" lon="25.516707">
        <ele>157</ele>
      </trkpt>
      <trkpt lat="55.138613" lon="25.517153">
        <ele>157.91</ele>
      </trkpt>
      <trkpt lat="55.138449" lon="25.517423">
        <ele>158.29</ele>
      </trkpt>
      <trkpt lat="55.138361" lon="25.517599">
        <ele>158.35</ele>
      </trkpt>
      <trkpt lat="55.138282" lon="25.51782">
        <ele>158.71</ele>
      </trkpt>
      <trkpt lat="55.138033" lon="25.518836">
        <ele>161.28</ele>
      </trkpt>
      <trkpt lat="55.137824" lon="25.519943">
        <ele>163</ele>
      </trkpt>
      <trkpt lat="55.137717" lon="25.520202">
        <ele>163</ele>
      </trkpt>
      <trkpt lat="55.137537" lon="25.5206">
        <ele>163.96</ele>
      </trkpt>
      <trkpt lat="55.137268" lon="25.521281">
        <ele>167.86</ele>
      </trkpt>
      <trkpt lat="55.136859" lon="25.522105">
        <ele>170.15</ele>
      </trkpt>
      <trkpt lat="55.136654" lon="25.522517">
        <ele>169.41</ele>
      </trkpt>
      <trkpt lat="55.136089" lon="25.523497">
        <ele>166.92</ele>
      </trkpt>
      <trkpt lat="55.135721" lon="25.523986">
        <ele>164</ele>
      </trkpt>
      <trkpt lat="55.135607" lon="25.524187">
        <ele>163.18</ele>
      </trkpt>
      <trkpt lat="55.135473" lon="25.524441">
        <ele>163.24</ele>
      </trkpt>
      <trkpt lat="55.135133" lon="25.525199">
        <ele>163</ele>
      </trkpt>
      <trkpt lat="55.134881" lon="25.525654">
        <ele>164.11</ele>
      </trkpt>
      <trkpt lat="55.134796" lon="25.525908">
        <ele>164.88</ele>
      </trkpt>
      <trkpt lat="55.134766" lon="25.526167">
        <ele>165.27</ele>
      </trkpt>
      <trkpt lat="55.134769" lon="25.526479">
        <ele>166.23</ele>
      </trkpt>
      <trkpt lat="55.134799" lon="25.526956">
        <ele>167.08</ele>
      </trkpt>
      <trkpt lat="55.134859" lon="25.527912">
        <ele>165.65</ele>
      </trkpt>
      <trkpt lat="55.135169" lon="25.529916">
        <ele>160.65</ele>
      </trkpt>
      <trkpt lat="55.135204" lon="25.530185">
        <ele>161</ele>
      </trkpt>
      <trkpt lat="55.135371" lon="25.531464">
        <ele>162.63</ele>
      </trkpt>
      <trkpt lat="55.135892" lon="25.534211">
        <ele>157.98</ele>
      </trkpt>
      <trkpt lat="55.135961" lon="25.534664">
        <ele>157</ele>
      </trkpt>
      <trkpt lat="55.136166" lon="25.536023">
        <ele>164.81</ele>
      </trkpt>
      <trkpt lat="55.136288" lon="25.536525">
        <ele>162.66</ele>
      </trkpt>
      <trkpt lat="55.136533" lon="25.537528">
        <ele>162</ele>
      </trkpt>
      <trkpt lat="55.136922" lon="25.539426">
        <ele>163.31</ele>
      </trkpt>
      <trkpt lat="55.137279" lon="25.541449">
        <ele>166.91</ele>
      </trkpt>
      <trkpt lat="55.137339" lon="25.542053">
        <ele>164.76</ele>
      </trkpt>
      <trkpt lat="55.137546" lon="25.543046">
        <ele>161.31</ele>
      </trkpt>
      <trkpt lat="55.137879" lon="25.544676">
        <ele>165.12</ele>
      </trkpt>
      <trkpt lat="55.138084" lon="25.546214">
        <ele>164.96</ele>
      </trkpt>
      <trkpt lat="55.138498" lon="25.548324">
        <ele>158.17</ele>
      </trkpt>
      <trkpt lat="55.138506" lon="25.548602">
        <ele>158.07</ele>
      </trkpt>
      <trkpt lat="55.138487" lon="25.54888">
        <ele>158</ele>
      </trkpt>
      <trkpt lat="55.138424" lon="25.549148">
        <ele>158.88</ele>
      </trkpt>
      <trkpt lat="55.138173" lon="25.55007">
        <ele>161.79</ele>
      </trkpt>
      <trkpt lat="55.137796" lon="25.551454">
        <ele>161</ele>
      </trkpt>
      <trkpt lat="55.137799" lon="25.551602">
        <ele>160.86</ele>
      </trkpt>
      <trkpt lat="55.13787" lon="25.551799">
        <ele>160.55</ele>
      </trkpt>
      <trkpt lat="55.138408" lon="25.552236">
        <ele>158</ele>
      </trkpt>
      <trkpt lat="55.139213" lon="25.552892">
        <ele>161.35</ele>
      </trkpt>
      <trkpt lat="55.139312" lon="25.553093">
        <ele>160.18</ele>
      </trkpt>
      <trkpt lat="55.139422" lon="25.553474">
        <ele>159.59</ele>
      </trkpt>
      <trkpt lat="55.139862" lon="25.555284">
        <ele>160</ele>
      </trkpt>
      <trkpt lat="55.140136" lon="25.55677">
        <ele>158</ele>
      </trkpt>
      <trkpt lat="55.140419" lon="25.558112">
        <ele>158</ele>
      </trkpt>
      <trkpt lat="55.140911" lon="25.560642">
        <ele>160</ele>
      </trkpt>
      <trkpt lat="55.141075" lon="25.561486">
        <ele>158</ele>
      </trkpt>
      <trkpt lat="55.141377" lon="25.563158">
        <ele>157.85</ele>
      </trkpt>
      <trkpt lat="55.141536" lon="25.564046">
        <ele>156</ele>
      </trkpt>
      <trkpt lat="55.141695" lon="25.564934">
        <ele>157</ele>
      </trkpt>
      <trkpt lat="55.141857" lon="25.565576">
        <ele>156</ele>
      </trkpt>
      <trkpt lat="55.142345" lon="25.568045">
        <ele>157.7</ele>
      </trkpt>
      <trkpt lat="55.14255" lon="25.569312">
        <ele>156</ele>
      </trkpt>
      <trkpt lat="55.142864" lon="25.571142">
        <ele>156</ele>
      </trkpt>
      <trkpt lat="55.143022" lon="25.572057">
        <ele>159</ele>
      </trkpt>
      <trkpt lat="55.143287" lon="25.573329">
        <ele>154</ele>
      </trkpt>
      <trkpt lat="55.14373" lon="25.575448">
        <ele>156.49</ele>
      </trkpt>
      <trkpt lat="55.143997" lon="25.576806">
        <ele>157.89</ele>
      </trkpt>
      <trkpt lat="55.144176" lon="25.577711">
        <ele>155</ele>
      </trkpt>
      <trkpt lat="55.144273" lon="25.578291">
        <ele>153.09</ele>
      </trkpt>
      <trkpt lat="55.144288" lon="25.578503">
        <ele>153</ele>
      </trkpt>
      <trkpt lat="55.144286" lon="25.578632">
        <ele>153</ele>
      </trkpt>
      <trkpt lat="55.144273" lon="25.578733">
        <ele>153</ele>
      </trkpt>
      <trkpt lat="55.144309" lon="25.578766">
        <ele>153</ele>
      </trkpt>
      <trkpt lat="55.144346" lon="25.578885">
        <ele>153</ele>
      </trkpt>
      <trkpt lat="55.144453" lon="25.578818">
        <ele>153</ele>
      </trkpt>
      <trkpt lat="55.144554" lon="25.578778">
        <ele>153</ele>
      </trkpt>
      <trkpt lat="55.144852" lon="25.578787">
        <ele>153.37</ele>
      </trkpt>
      <trkpt lat="55.146131" lon="25.57893">
        <ele>157</ele>
      </trkpt>
      <trkpt lat="55.146391" lon="25.578959">
        <ele>155.63</ele>
      </trkpt>
      <trkpt lat="55.146737" lon="25.578982">
        <ele>155.33</ele>
      </trkpt>
      <trkpt lat="55.14694" lon="25.578978">
        <ele>153.3</ele>
      </trkpt>
      <trkpt lat="55.147351" lon="25.578916">
        <ele>152.27</ele>
      </trkpt>
      <trkpt lat="55.14844" lon="25.578652">
        <ele>154.31</ele>
      </trkpt>
      <trkpt lat="55.148896" lon="25.578551">
        <ele>157.16</ele>
      </trkpt>
      <trkpt lat="55.150031" lon="25.578321">
        <ele>157</ele>
      </trkpt>
      <trkpt lat="55.150595" lon="25.578197">
        <ele>156</ele>
      </trkpt>
      <trkpt lat="55.150885" lon="25.578121">
        <ele>155.55</ele>
      </trkpt>
      <trkpt lat="55.151718" lon="25.577897">
        <ele>150</ele>
      </trkpt>
      <trkpt lat="55.152143" lon="25.577721">
        <ele>149</ele>
      </trkpt>
      <trkpt lat="55.152402" lon="25.577579">
        <ele>149</ele>
      </trkpt>
      <trkpt lat="55.153072" lon="25.577139">
        <ele>149</ele>
      </trkpt>
      <trkpt lat="55.15338" lon="25.576914">
        <ele>150</ele>
      </trkpt>
      <trkpt lat="55.153684" lon="25.576687">
        <ele>149.33</ele>
      </trkpt>
      <trkpt lat="55.154246" lon="25.576224">
        <ele>149</ele>
      </trkpt>
      <trkpt lat="55.154505" lon="25.57598">
        <ele>149</ele>
      </trkpt>
      <trkpt lat="55.154735" lon="25.575741">
        <ele>149</ele>
      </trkpt>
      <trkpt lat="55.154944" lon="25.575505">
        <ele>148.13</ele>
      </trkpt>
      <trkpt lat="55.155363" lon="25.574997">
        <ele>148.62</ele>
      </trkpt>
      <trkpt lat="55.155714" lon="25.574505">
        <ele>148.47</ele>
      </trkpt>
      <trkpt lat="55.156306" lon="25.573577">
        <ele>148</ele>
      </trkpt>
      <trkpt lat="55.156534" lon="25.573168">
        <ele>148</ele>
      </trkpt>
      <trkpt lat="55.157239" lon="25.571839">
        <ele>147.16</ele>
      </trkpt>
      <trkpt lat="55.157638" lon="25.571081">
        <ele>149.6</ele>
      </trkpt>
      <trkpt lat="55.158263" lon="25.569893">
        <ele>149</ele>
      </trkpt>
      <trkpt lat="55.158573" lon="25.569293">
        <ele>149</ele>
      </trkpt>
      <trkpt lat="55.15869" lon="25.569031">
        <ele>148.29</ele>
      </trkpt>
      <trkpt lat="55.158769" lon="25.568824">
        <ele>148.11</ele>
      </trkpt>
      <trkpt lat="55.158887" lon="25.568355">
        <ele>148</ele>
      </trkpt>
      <trkpt lat="55.158971" lon="25.567929">
        <ele>148</ele>
      </trkpt>
      <trkpt lat="55.159014" lon="25.567639">
        <ele>148</ele>
      </trkpt>
      <trkpt lat="55.159038" lon="25.567366">
        <ele>148.32</ele>
      </trkpt>
      <trkpt lat="55.159055" lon="25.566715">
        <ele>149.32</ele>
      </trkpt>
      <trkpt lat="55.159047" lon="25.566083">
        <ele>149.74</ele>
      </trkpt>
      <trkpt lat="55.158987" lon="25.564472">
        <ele>154</ele>
      </trkpt>
      <trkpt lat="55.158975" lon="25.56401">
        <ele>154</ele>
      </trkpt>
      <trkpt lat="55.15898" lon="25.563581">
        <ele>154.21</ele>
      </trkpt>
      <trkpt lat="55.159017" lon="25.563015">
        <ele>156.46</ele>
      </trkpt>
      <trkpt lat="55.159035" lon="25.562832">
        <ele>157</ele>
      </trkpt>
      <trkpt lat="55.159064" lon="25.562676">
        <ele>157</ele>
      </trkpt>
      <trkpt lat="55.15916" lon="25.562573">
        <ele>156.97</ele>
      </trkpt>
      <trkpt lat="55.159525" lon="25.562309">
        <ele>155.36</ele>
      </trkpt>
      <trkpt lat="55.159686" lon="25.562166">
        <ele>154.15</ele>
      </trkpt>
      <trkpt lat="55.160175" lon="25.561681">
        <ele>151</ele>
      </trkpt>
      <trkpt lat="55.160822" lon="25.561037">
        <ele>152.3</ele>
      </trkpt>
      <trkpt lat="55.16109" lon="25.560794">
        <ele>154.03</ele>
      </trkpt>
      <trkpt lat="55.161346" lon="25.560591">
        <ele>155.64</ele>
      </trkpt>
      <trkpt lat="55.161958" lon="25.560202">
        <ele>155.26</ele>
      </trkpt>
      <trkpt lat="55.162177" lon="25.560075">
        <ele>154</ele>
      </trkpt>
      <trkpt lat="55.162861" lon="25.559714">
        <ele>154</ele>
      </trkpt>
      <trkpt lat="55.164403" lon="25.558936">
        <ele>151</ele>
      </trkpt>
      <trkpt lat="55.166029" lon="25.558107">
        <ele>153</ele>
      </trkpt>
      <trkpt lat="55.166275" lon="25.557968">
        <ele>153</ele>
      </trkpt>
      <trkpt lat="55.166507" lon="25.557807">
        <ele>153</ele>
      </trkpt>
      <trkpt lat="55.167212" lon="25.557201">
        <ele>156</ele>
      </trkpt>
      <trkpt lat="55.167399" lon="25.557002">
        <ele>155</ele>
      </trkpt>
      <trkpt lat="55.167506" lon="25.556863">
        <ele>155</ele>
      </trkpt>
      <trkpt lat="55.167626" lon="25.556667">
        <ele>155</ele>
      </trkpt>
      <trkpt lat="55.168495" lon="25.555023">
        <ele>153</ele>
      </trkpt>
      <trkpt lat="55.168883" lon="25.554278">
        <ele>153.42</ele>
      </trkpt>
      <trkpt lat="55.169426" lon="25.553237">
        <ele>154</ele>
      </trkpt>
      <trkpt lat="55.169804" lon="25.55256">
        <ele>154</ele>
      </trkpt>
      <trkpt lat="55.169927" lon="25.552389">
        <ele>154</ele>
      </trkpt>
      <trkpt lat="55.170057" lon="25.552263">
        <ele>154.31</ele>
      </trkpt>
      <trkpt lat="55.170206" lon="25.552169">
        <ele>155</ele>
      </trkpt>
      <trkpt lat="55.170342" lon="25.552107">
        <ele>155</ele>
      </trkpt>
      <trkpt lat="55.170484" lon="25.55207">
        <ele>155</ele>
      </trkpt>
      <trkpt lat="55.170665" lon="25.552053">
        <ele>155</ele>
      </trkpt>
      <trkpt lat="55.170979" lon="25.552065">
        <ele>154.89</ele>
      </trkpt>
      <trkpt lat="55.172056" lon="25.552142">
        <ele>156.65</ele>
      </trkpt>
      <trkpt lat="55.172963" lon="25.552112">
        <ele>152.22</ele>
      </trkpt>
      <trkpt lat="55.173697" lon="25.552075">
        <ele>153</ele>
      </trkpt>
      <trkpt lat="55.173853" lon="25.552048">
        <ele>153.7</ele>
      </trkpt>
      <trkpt lat="55.174026" lon="25.551994">
        <ele>154</ele>
      </trkpt>
      <trkpt lat="55.174253" lon="25.551895">
        <ele>154.01</ele>
      </trkpt>
      <trkpt lat="55.17456" lon="25.551737">
        <ele>155.13</ele>
      </trkpt>
      <trkpt lat="55.175598" lon="25.551171">
        <ele>153.9</ele>
      </trkpt>
      <trkpt lat="55.176164" lon="25.550863">
        <ele>156.92</ele>
      </trkpt>
      <trkpt lat="55.177024" lon="25.550364">
        <ele>157.22</ele>
      </trkpt>
      <trkpt lat="55.177596" lon="25.550023">
        <ele>161</ele>
      </trkpt>
      <trkpt lat="55.177764" lon="25.549907">
        <ele>161.76</ele>
      </trkpt>
      <trkpt lat="55.177893" lon="25.549809">
        <ele>161.67</ele>
      </trkpt>
      <trkpt lat="55.178067" lon="25.549638">
        <ele>160.78</ele>
      </trkpt>
      <trkpt lat="55.178436" lon="25.549232">
        <ele>159</ele>
      </trkpt>
      <trkpt lat="55.178809" lon="25.548777">
        <ele>158.6</ele>
      </trkpt>
      <trkpt lat="55.179668" lon="25.547688">
        <ele>157.85</ele>
      </trkpt>
      <trkpt lat="55.180318" lon="25.546883">
        <ele>153.55</ele>
      </trkpt>
      <trkpt lat="55.180967" lon="25.546078">
        <ele>154.4</ele>
      </trkpt>
      <trkpt lat="55.181334" lon="25.545625">
        <ele>153.04</ele>
      </trkpt>
      <trkpt lat="55.18434" lon="25.541873">
        <ele>155</ele>
      </trkpt>
      <trkpt lat="55.184825" lon="25.541281">
        <ele>154.09</ele>
      </trkpt>
      <trkpt lat="55.18531" lon="25.540689">
        <ele>157</ele>
      </trkpt>
      <trkpt lat="55.185623" lon="25.540265">
        <ele>156.82</ele>
      </trkpt>
      <trkpt lat="55.185919" lon="25.539808">
        <ele>154.61</ele>
      </trkpt>
      <trkpt lat="55.186133" lon="25.539459">
        <ele>154.01</ele>
      </trkpt>
      <trkpt lat="55.186879" lon="25.538355">
        <ele>158.36</ele>
      </trkpt>
      <trkpt lat="55.187005" lon="25.538124">
        <ele>159</ele>
      </trkpt>
      <trkpt lat="55.187091" lon="25.537933">
        <ele>158.5</ele>
      </trkpt>
      <trkpt lat="55.187151" lon="25.537769">
        <ele>158.65</ele>
      </trkpt>
      <trkpt lat="55.187273" lon="25.537356">
        <ele>158.81</ele>
      </trkpt>
      <trkpt lat="55.187866" lon="25.53515">
        <ele>157</ele>
      </trkpt>
      <trkpt lat="55.187997" lon="25.53471">
        <ele>156.03</ele>
      </trkpt>
      <trkpt lat="55.188142" lon="25.534277">
        <ele>156</ele>
      </trkpt>
      <trkpt lat="55.188529" lon="25.53329">
        <ele>155.8</ele>
      </trkpt>
      <trkpt lat="55.188631" lon="25.533086">
        <ele>155.71</ele>
      </trkpt>
      <trkpt lat="55.188733" lon="25.532918">
        <ele>155.52</ele>
      </trkpt>
      <trkpt lat="55.188854" lon="25.532757">
        <ele>155</ele>
      </trkpt>
      <trkpt lat="55.189149" lon="25.532433">
        <ele>156</ele>
      </trkpt>
      <trkpt lat="55.189468" lon="25.532106">
        <ele>157</ele>
      </trkpt>
      <trkpt lat="55.190143" lon="25.531431">
        <ele>155.98</ele>
      </trkpt>
      <trkpt lat="55.190406" lon="25.53115">
        <ele>156.73</ele>
      </trkpt>
      <trkpt lat="55.190574" lon="25.530954">
        <ele>157.31</ele>
      </trkpt>
      <trkpt lat="55.190754" lon="25.530704">
        <ele>157.65</ele>
      </trkpt>
      <trkpt lat="55.190841" lon="25.530556">
        <ele>156.79</ele>
      </trkpt>
      <trkpt lat="55.190911" lon="25.530405">
        <ele>156</ele>
      </trkpt>
      <trkpt lat="55.191039" lon="25.530072">
        <ele>155.06</ele>
      </trkpt>
      <trkpt lat="55.191393" lon="25.528937">
        <ele>158</ele>
      </trkpt>
      <trkpt lat="55.191503" lon="25.528607">
        <ele>158</ele>
      </trkpt>
      <trkpt lat="55.191589" lon="25.528404">
        <ele>158</ele>
      </trkpt>
      <trkpt lat="55.191836" lon="25.527904">
        <ele>158</ele>
      </trkpt>
      <trkpt lat="55.19219" lon="25.527234">
        <ele>157</ele>
      </trkpt>
      <trkpt lat="55.192268" lon="25.527061">
        <ele>157</ele>
      </trkpt>
      <trkpt lat="55.19235" lon="25.526844">
        <ele>156.7</ele>
      </trkpt>
      <trkpt lat="55.192625" lon="25.52605">
        <ele>155</ele>
      </trkpt>
      <trkpt lat="55.192876" lon="25.525341">
        <ele>156.35</ele>
      </trkpt>
      <trkpt lat="55.193015" lon="25.524992">
        <ele>158.07</ele>
      </trkpt>
      <trkpt lat="55.193203" lon="25.52456">
        <ele>160.91</ele>
      </trkpt>
      <trkpt lat="55.193662" lon="25.523742">
        <ele>162.72</ele>
      </trkpt>
      <trkpt lat="55.193944" lon="25.523191">
        <ele>164</ele>
      </trkpt>
      <trkpt lat="55.194649" lon="25.521702">
        <ele>160.29</ele>
      </trkpt>
      <trkpt lat="55.194983" lon="25.520947">
        <ele>159.96</ele>
      </trkpt>
      <trkpt lat="55.195352" lon="25.520056">
        <ele>160</ele>
      </trkpt>
      <trkpt lat="55.195518" lon="25.519697">
        <ele>158.63</ele>
      </trkpt>
      <trkpt lat="55.195678" lon="25.519392">
        <ele>158.82</ele>
      </trkpt>
      <trkpt lat="55.196021" lon="25.518839">
        <ele>159</ele>
      </trkpt>
      <trkpt lat="55.196186" lon="25.518597">
        <ele>158.63</ele>
      </trkpt>
      <trkpt lat="55.196358" lon="25.518401">
        <ele>157.88</ele>
      </trkpt>
      <trkpt lat="55.196531" lon="25.518249">
        <ele>156.11</ele>
      </trkpt>
      <trkpt lat="55.196687" lon="25.518133">
        <ele>155.73</ele>
      </trkpt>
      <trkpt lat="55.196896" lon="25.517995">
        <ele>155.1</ele>
      </trkpt>
      <trkpt lat="55.19721" lon="25.517808">
        <ele>155</ele>
      </trkpt>
      <trkpt lat="55.197722" lon="25.517568">
        <ele>157.43</ele>
      </trkpt>
      <trkpt lat="55.197868" lon="25.517468">
        <ele>157.77</ele>
      </trkpt>
      <trkpt lat="55.198038" lon="25.51732">
        <ele>158.33</ele>
      </trkpt>
      <trkpt lat="55.198428" lon="25.516874">
        <ele>162.86</ele>
      </trkpt>
      <trkpt lat="55.198738" lon="25.516474">
        <ele>165.28</ele>
      </trkpt>
      <trkpt lat="55.199458" lon="25.515536">
        <ele>167.7</ele>
      </trkpt>
      <trkpt lat="55.199738" lon="25.515211">
        <ele>169.81</ele>
      </trkpt>
      <trkpt lat="55.20003" lon="25.514929">
        <ele>170.53</ele>
      </trkpt>
      <trkpt lat="55.200614" lon="25.51441">
        <ele>169.96</ele>
      </trkpt>
      <trkpt lat="55.201145" lon="25.51392">
        <ele>171.99</ele>
      </trkpt>
      <trkpt lat="55.20141" lon="25.513674">
        <ele>171.79</ele>
      </trkpt>
      <trkpt lat="55.201827" lon="25.513288">
        <ele>168.72</ele>
      </trkpt>
      <trkpt lat="55.201956" lon="25.513143">
        <ele>168.25</ele>
      </trkpt>
      <trkpt lat="55.202083" lon="25.51295">
        <ele>168.06</ele>
      </trkpt>
      <trkpt lat="55.202197" lon="25.512737">
        <ele>167.58</ele>
      </trkpt>
      <trkpt lat="55.202281" lon="25.512511">
        <ele>167.79</ele>
      </trkpt>
      <trkpt lat="55.202355" lon="25.512229">
        <ele>167.5</ele>
      </trkpt>
      <trkpt lat="55.202436" lon="25.511821">
        <ele>165.04</ele>
      </trkpt>
      <trkpt lat="55.202505" lon="25.511865">
        <ele>165.98</ele>
      </trkpt>
      <trkpt lat="55.202569" lon="25.51194">
        <ele>168.07</ele>
      </trkpt>
      <trkpt lat="55.202664" lon="25.5121">
        <ele>172.05</ele>
      </trkpt>
      <trkpt lat="55.20289" lon="25.51254">
        <ele>177.99</ele>
      </trkpt>
      <trkpt lat="55.202928" lon="25.512613">
        <ele>178.97</ele>
      </trkpt>
      <trkpt lat="55.203058" lon="25.512974">
        <ele>177.62</ele>
      </trkpt>
      <trkpt lat="55.203145" lon="25.513384">
        <ele>177.27</ele>
      </trkpt>
      <trkpt lat="55.203168" lon="25.513792">
        <ele>177.68</ele>
      </trkpt>
      <trkpt lat="55.203136" lon="25.514224">
        <ele>177</ele>
      </trkpt>
      <trkpt lat="55.203131" lon="25.514556">
        <ele>177.76</ele>
      </trkpt>
      <trkpt lat="55.203171" lon="25.514878">
        <ele>178.47</ele>
      </trkpt>
      <trkpt lat="55.203422" lon="25.51587">
        <ele>173.59</ele>
      </trkpt>
      <trkpt lat="55.203514" lon="25.516061">
        <ele>173.03</ele>
      </trkpt>
      <trkpt lat="55.203904" lon="25.516436">
        <ele>174.31</ele>
      </trkpt>
      <trkpt lat="55.204155" lon="25.516804">
        <ele>174.09</ele>
      </trkpt>
      <trkpt lat="55.204364" lon="25.517206">
        <ele>175.56</ele>
      </trkpt>
      <trkpt lat="55.204477" lon="25.517501">
        <ele>174.11</ele>
      </trkpt>
      <trkpt lat="55.204601" lon="25.517903">
        <ele>172</ele>
      </trkpt>
      <trkpt lat="55.204975" lon="25.519108">
        <ele>170.79</ele>
      </trkpt>
      <trkpt lat="55.2051" lon="25.51951">
        <ele>165.7</ele>
      </trkpt>
      <trkpt lat="55.205224" lon="25.519911">
        <ele>157.86</ele>
      </trkpt>
      <trkpt lat="55.205267" lon="25.520027">
        <ele>155.4</ele>
      </trkpt>
      <trkpt lat="55.205462" lon="25.520547">
        <ele>151.59</ele>
      </trkpt>
      <trkpt lat="55.205532" lon="25.520801">
        <ele>153.09</ele>
      </trkpt>
      <trkpt lat="55.20558" lon="25.521069">
        <ele>155.74</ele>
      </trkpt>
      <trkpt lat="55.205616" lon="25.521411">
        <ele>157.95</ele>
      </trkpt>
      <trkpt lat="55.205671" lon="25.521885">
        <ele>163.36</ele>
      </trkpt>
      <trkpt lat="55.205823" lon="25.522644">
        <ele>172.88</ele>
      </trkpt>
      <trkpt lat="55.20586" lon="25.52297">
        <ele>174.68</ele>
      </trkpt>
      <trkpt lat="55.205871" lon="25.523365">
        <ele>176.98</ele>
      </trkpt>
      <trkpt lat="55.205846" lon="25.523869">
        <ele>177.02</ele>
      </trkpt>
      <trkpt lat="55.205813" lon="25.52422">
        <ele>174.11</ele>
      </trkpt>
      <trkpt lat="55.205781" lon="25.52457">
        <ele>167.18</ele>
      </trkpt>
      <trkpt lat="55.20577" lon="25.524818">
        <ele>163.15</ele>
      </trkpt>
      <trkpt lat="55.205775" lon="25.525285">
        <ele>160.13</ele>
      </trkpt>
      <trkpt lat="55.205793" lon="25.52551">
        <ele>161.21</ele>
      </trkpt>
      <trkpt lat="55.20583" lon="25.525647">
        <ele>161.63</ele>
      </trkpt>
      <trkpt lat="55.205934" lon="25.525805">
        <ele>160.64</ele>
      </trkpt>
      <trkpt lat="55.206139" lon="25.526039">
        <ele>158.6</ele>
      </trkpt>
      <trkpt lat="55.206234" lon="25.526171">
        <ele>158</ele>
      </trkpt>
      <trkpt lat="55.206388" lon="25.526346">
        <ele>156.69</ele>
      </trkpt>
      <trkpt lat="55.206429" lon="25.526377">
        <ele>156.28</ele>
      </trkpt>
      <trkpt lat="55.206472" lon="25.526382">
        <ele>155.76</ele>
      </trkpt>
      <trkpt lat="55.206533" lon="25.526351">
        <ele>154.95</ele>
      </trkpt>
      <trkpt lat="55.206655" lon="25.526205">
        <ele>154.5</ele>
      </trkpt>
      <trkpt lat="55.20688" lon="25.525978">
        <ele>155</ele>
      </trkpt>
      <trkpt lat="55.207013" lon="25.525896">
        <ele>154.33</ele>
      </trkpt>
      <trkpt lat="55.207167" lon="25.52586">
        <ele>153.37</ele>
      </trkpt>
      <trkpt lat="55.207262" lon="25.525895">
        <ele>153</ele>
      </trkpt>
      <trkpt lat="55.207371" lon="25.525975">
        <ele>152.63</ele>
      </trkpt>
      <trkpt lat="55.207633" lon="25.526249">
        <ele>150.25</ele>
      </trkpt>
      <trkpt lat="55.207804" lon="25.526366">
        <ele>151.42</ele>
      </trkpt>
      <trkpt lat="55.208145" lon="25.526674">
        <ele>153</ele>
      </trkpt>
      <trkpt lat="55.208357" lon="25.526816">
        <ele>153.35</ele>
      </trkpt>
      <trkpt lat="55.20867" lon="25.527004">
        <ele>153.35</ele>
      </trkpt>
      <trkpt lat="55.20882" lon="25.527114">
        <ele>153.63</ele>
      </trkpt>
      <trkpt lat="55.209136" lon="25.527428">
        <ele>159.01</ele>
      </trkpt>
      <trkpt lat="55.20935" lon="25.527602">
        <ele>165.72</ele>
      </trkpt>
      <trkpt lat="55.209543" lon="25.527757">
        <ele>169.6</ele>
      </trkpt>
      <trkpt lat="55.209737" lon="25.527911">
        <ele>170.63</ele>
      </trkpt>
      <trkpt lat="55.21012" lon="25.528244">
        <ele>176.32</ele>
      </trkpt>
      <trkpt lat="55.210896" lon="25.529003">
        <ele>185.24</ele>
      </trkpt>
      <trkpt lat="55.211397" lon="25.529442">
        <ele>188</ele>
      </trkpt>
      <trkpt lat="55.211647" lon="25.529662">
        <ele>187.41</ele>
      </trkpt>
      <trkpt lat="55.21214" lon="25.530121">
        <ele>181.06</ele>
      </trkpt>
      <trkpt lat="55.212717" lon="25.530658">
        <ele>181</ele>
      </trkpt>
      <trkpt lat="55.212942" lon="25.530904">
        <ele>180.93</ele>
      </trkpt>
      <trkpt lat="55.213291" lon="25.531392">
        <ele>177.7</ele>
      </trkpt>
      <trkpt lat="55.213494" lon="25.531728">
        <ele>176.83</ele>
      </trkpt>
      <trkpt lat="55.213578" lon="25.531918">
        <ele>176.57</ele>
      </trkpt>
      <trkpt lat="55.213858" lon="25.532664">
        <ele>174.63</ele>
      </trkpt>
      <trkpt lat="55.214079" lon="25.533061">
        <ele>178.23</ele>
      </trkpt>
      <trkpt lat="55.214455" lon="25.533637">
        <ele>186.66</ele>
      </trkpt>
      <trkpt lat="55.215145" lon="25.534711">
        <ele>194.54</ele>
      </trkpt>
      <trkpt lat="55.215489" lon="25.535388">
        <ele>195.17</ele>
      </trkpt>
      <trkpt lat="55.215682" lon="25.535785">
        <ele>194.62</ele>
      </trkpt>
      <trkpt lat="55.215845" lon="25.536141">
        <ele>190.74</ele>
      </trkpt>
      <trkpt lat="55.216336" lon="25.537208">
        <ele>191.54</ele>
      </trkpt>
      <trkpt lat="55.216499" lon="25.537564">
        <ele>189.28</ele>
      </trkpt>
      <trkpt lat="55.216663" lon="25.53792">
        <ele>184.2</ele>
      </trkpt>
      <trkpt lat="55.216826" lon="25.538276">
        <ele>182.23</ele>
      </trkpt>
      <trkpt lat="55.218363" lon="25.54162">
        <ele>188.07</ele>
      </trkpt>
      <trkpt lat="55.218616" lon="25.542324">
        <ele>187.8</ele>
      </trkpt>
      <trkpt lat="55.218881" lon="25.543065">
        <ele>179.33</ele>
      </trkpt>
      <trkpt lat="55.218997" lon="25.54342">
        <ele>173.8</ele>
      </trkpt>
      <trkpt lat="55.219113" lon="25.543775">
        <ele>171.34</ele>
      </trkpt>
      <trkpt lat="55.219229" lon="25.54413">
        <ele>173.84</ele>
      </trkpt>
      <trkpt lat="55.219314" lon="25.544473">
        <ele>176.35</ele>
      </trkpt>
      <trkpt lat="55.219426" lon="25.544924">
        <ele>175.66</ele>
      </trkpt>
      <trkpt lat="55.219502" lon="25.545362">
        <ele>174.98</ele>
      </trkpt>
      <trkpt lat="55.219579" lon="25.5458">
        <ele>176.69</ele>
      </trkpt>
      <trkpt lat="55.219876" lon="25.546786">
        <ele>184.15</ele>
      </trkpt>
      <trkpt lat="55.220017" lon="25.547252">
        <ele>183.14</ele>
      </trkpt>
      <trkpt lat="55.22028" lon="25.548171">
        <ele>178.62</ele>
      </trkpt>
      <trkpt lat="55.220643" lon="25.549441">
        <ele>169.74</ele>
      </trkpt>
      <trkpt lat="55.220688" lon="25.549599">
        <ele>168.63</ele>
      </trkpt>
      <trkpt lat="55.220752" lon="25.550052">
        <ele>164.06</ele>
      </trkpt>
      <trkpt lat="55.220791" lon="25.550742">
        <ele>154.78</ele>
      </trkpt>
      <trkpt lat="55.220784" lon="25.551111">
        <ele>151.02</ele>
      </trkpt>
      <trkpt lat="55.220737" lon="25.552405">
        <ele>153</ele>
      </trkpt>
      <trkpt lat="55.220734" lon="25.552812">
        <ele>152.31</ele>
      </trkpt>
      <trkpt lat="55.220752" lon="25.553075">
        <ele>150.6</ele>
      </trkpt>
      <trkpt lat="55.220835" lon="25.553287">
        <ele>149.47</ele>
      </trkpt>
      <trkpt lat="55.220902" lon="25.553432">
        <ele>149</ele>
      </trkpt>
      <trkpt lat="55.221049" lon="25.553457">
        <ele>149.67</ele>
      </trkpt>
      <trkpt lat="55.221178" lon="25.553509">
        <ele>150.24</ele>
      </trkpt>
      <trkpt lat="55.221389" lon="25.55369">
        <ele>150.29</ele>
      </trkpt>
      <trkpt lat="55.221942" lon="25.554337">
        <ele>149</ele>
      </trkpt>
      <trkpt lat="55.222213" lon="25.554651">
        <ele>149.88</ele>
      </trkpt>
      <trkpt lat="55.222412" lon="25.554823">
        <ele>151.75</ele>
      </trkpt>
      <trkpt lat="55.222589" lon="25.554908">
        <ele>152.52</ele>
      </trkpt>
      <trkpt lat="55.22274" lon="25.554936">
        <ele>154.97</ele>
      </trkpt>
      <trkpt lat="55.223111" lon="25.554978">
        <ele>165.68</ele>
      </trkpt>
      <trkpt lat="55.223338" lon="25.555046">
        <ele>171.43</ele>
      </trkpt>
      <trkpt lat="55.223565" lon="25.555114">
        <ele>174</ele>
      </trkpt>
      <trkpt lat="55.223792" lon="25.555182">
        <ele>174</ele>
      </trkpt>
      <trkpt lat="55.223952" lon="25.555374">
        <ele>173.64</ele>
      </trkpt>
      <trkpt lat="55.224051" lon="25.555524">
        <ele>173</ele>
      </trkpt>
      <trkpt lat="55.22434" lon="25.556066">
        <ele>175.21</ele>
      </trkpt>
      <trkpt lat="55.224606" lon="25.556264">
        <ele>177.51</ele>
      </trkpt>
      <trkpt lat="55.224999" lon="25.556612">
        <ele>182.28</ele>
      </trkpt>
      <trkpt lat="55.225305" lon="25.557197">
        <ele>181.48</ele>
      </trkpt>
      <trkpt lat="55.225494" lon="25.557767">
        <ele>180.67</ele>
      </trkpt>
      <trkpt lat="55.225676" lon="25.558253">
        <ele>178.23</ele>
      </trkpt>
      <trkpt lat="55.226138" lon="25.559465">
        <ele>179</ele>
      </trkpt>
      <trkpt lat="55.226362" lon="25.559884">
        <ele>176.82</ele>
      </trkpt>
      <trkpt lat="55.226457" lon="25.559975">
        <ele>176.17</ele>
      </trkpt>
      <trkpt lat="55.226456" lon="25.560358">
        <ele>176.01</ele>
      </trkpt>
      <trkpt lat="55.226559" lon="25.560612">
        <ele>176.54</ele>
      </trkpt>
      <trkpt lat="55.226632" lon="25.560722">
        <ele>177</ele>
      </trkpt>
      <trkpt lat="55.226712" lon="25.560803">
        <ele>177</ele>
      </trkpt>
      <trkpt lat="55.226779" lon="25.56091">
        <ele>176.91</ele>
      </trkpt>
      <trkpt lat="55.226811" lon="25.561079">
        <ele>177.14</ele>
      </trkpt>
      <trkpt lat="55.2268" lon="25.561288">
        <ele>177.82</ele>
      </trkpt>
      <trkpt lat="55.226828" lon="25.561618">
        <ele>178</ele>
      </trkpt>
      <trkpt lat="55.226719" lon="25.562262">
        <ele>177</ele>
      </trkpt>
      <trkpt lat="55.226699" lon="25.562466">
        <ele>176.69</ele>
      </trkpt>
      <trkpt lat="55.226673" lon="25.562616">
        <ele>176</ele>
      </trkpt>
      <trkpt lat="55.226661" lon="25.56278">
        <ele>175.8</ele>
      </trkpt>
      <trkpt lat="55.226704" lon="25.563126">
        <ele>173.85</ele>
      </trkpt>
      <trkpt lat="55.226787" lon="25.563429">
        <ele>171.89</ele>
      </trkpt>
      <trkpt lat="55.226788" lon="25.563595">
        <ele>171.78</ele>
      </trkpt>
      <trkpt lat="55.226776" lon="25.563753">
        <ele>171.91</ele>
      </trkpt>
      <trkpt lat="55.226814" lon="25.56403">
        <ele>172.4</ele>
      </trkpt>
      <trkpt lat="55.226794" lon="25.564215">
        <ele>173</ele>
      </trkpt>
      <trkpt lat="55.226791" lon="25.564756">
        <ele>172.25</ele>
      </trkpt>
      <trkpt lat="55.226773" lon="25.565279">
        <ele>170.06</ele>
      </trkpt>
      <trkpt lat="55.22682" lon="25.565813">
        <ele>170.9</ele>
      </trkpt>
      <trkpt lat="55.226821" lon="25.566057">
        <ele>171.64</ele>
      </trkpt>
      <trkpt lat="55.226834" lon="25.566237">
        <ele>172.24</ele>
      </trkpt>
      <trkpt lat="55.226872" lon="25.566497">
        <ele>173</ele>
      </trkpt>
      <trkpt lat="55.22688" lon="25.566677">
        <ele>173</ele>
      </trkpt>
      <trkpt lat="55.226926" lon="25.567009">
        <ele>172.55</ele>
      </trkpt>
      <trkpt lat="55.22695" lon="25.567527">
        <ele>173.1</ele>
      </trkpt>
      <trkpt lat="55.226948" lon="25.567611">
        <ele>173.75</ele>
      </trkpt>
      <trkpt lat="55.226941" lon="25.567844">
        <ele>175.58</ele>
      </trkpt>
      <trkpt lat="55.226924" lon="25.568045">
        <ele>175.55</ele>
      </trkpt>
      <trkpt lat="55.226921" lon="25.568399">
        <ele>172.39</ele>
      </trkpt>
      <trkpt lat="55.226875" lon="25.569075">
        <ele>163.55</ele>
      </trkpt>
      <trkpt lat="55.226826" lon="25.569238">
        <ele>163.22</ele>
      </trkpt>
      <trkpt lat="55.226779" lon="25.569574">
        <ele>161.99</ele>
      </trkpt>
      <trkpt lat="55.226781" lon="25.570153">
        <ele>160.73</ele>
      </trkpt>
      <trkpt lat="55.226794" lon="25.570411">
        <ele>162.73</ele>
      </trkpt>
      <trkpt lat="55.226791" lon="25.570596">
        <ele>164.47</ele>
      </trkpt>
      <trkpt lat="55.226814" lon="25.570759">
        <ele>165.81</ele>
      </trkpt>
      <trkpt lat="55.226819" lon="25.570939">
        <ele>167.05</ele>
      </trkpt>
      <trkpt lat="55.226805" lon="25.571159">
        <ele>167.94</ele>
      </trkpt>
      <trkpt lat="55.226811" lon="25.571309">
        <ele>167.27</ele>
      </trkpt>
      <trkpt lat="55.22684" lon="25.571467">
        <ele>165.7</ele>
      </trkpt>
      <trkpt lat="55.226921" lon="25.571671">
        <ele>162.5</ele>
      </trkpt>
      <trkpt lat="55.226988" lon="25.571871">
        <ele>159.26</ele>
      </trkpt>
      <trkpt lat="55.227062" lon="25.57206">
        <ele>157.84</ele>
      </trkpt>
      <trkpt lat="55.227113" lon="25.572104">
        <ele>158.55</ele>
      </trkpt>
      <trkpt lat="55.227328" lon="25.572357">
        <ele>161.82</ele>
      </trkpt>
      <trkpt lat="55.22798" lon="25.572892">
        <ele>164.36</ele>
      </trkpt>
      <trkpt lat="55.228251" lon="25.573089">
        <ele>166.31</ele>
      </trkpt>
      <trkpt lat="55.228403" lon="25.573131">
        <ele>168.68</ele>
      </trkpt>
      <trkpt lat="55.228588" lon="25.573159">
        <ele>169.4</ele>
      </trkpt>
      <trkpt lat="55.22887" lon="25.573152">
        <ele>168.12</ele>
      </trkpt>
      <trkpt lat="55.229011" lon="25.573162">
        <ele>167.99</ele>
      </trkpt>
      <trkpt lat="55.229445" lon="25.573287">
        <ele>168.09</ele>
      </trkpt>
      <trkpt lat="55.229711" lon="25.573363">
        <ele>163.64</ele>
      </trkpt>
      <trkpt lat="55.230089" lon="25.573387">
        <ele>154.35</ele>
      </trkpt>
      <trkpt lat="55.230171" lon="25.573307">
        <ele>153.95</ele>
      </trkpt>
      <trkpt lat="55.230248" lon="25.573256">
        <ele>153.95</ele>
      </trkpt>
      <trkpt lat="55.230671" lon="25.573041">
        <ele>154.84</ele>
      </trkpt>
      <trkpt lat="55.231703" lon="25.572647">
        <ele>157.66</ele>
      </trkpt>
      <trkpt lat="55.231809" lon="25.572707">
        <ele>158</ele>
      </trkpt>
      <trkpt lat="55.231204" lon="25.575531">
        <ele>153.17</ele>
      </trkpt>
      <trkpt lat="55.230707" lon="25.57791">
        <ele>151</ele>
      </trkpt>
      <trkpt lat="55.230482" lon="25.57894">
        <ele>151</ele>
      </trkpt>
      <trkpt lat="55.23041" lon="25.579338">
        <ele>151</ele>
      </trkpt>
      <trkpt lat="55.230353" lon="25.579716">
        <ele>152</ele>
      </trkpt>
      <trkpt lat="55.230298" lon="25.580155">
        <ele>153</ele>
      </trkpt>
      <trkpt lat="55.230111" lon="25.581818">
        <ele>152.91</ele>
      </trkpt>
      <trkpt lat="55.22982" lon="25.584401">
        <ele>155.87</ele>
      </trkpt>
      <trkpt lat="55.229654" lon="25.585864">
        <ele>152.65</ele>
      </trkpt>
      <trkpt lat="55.229564" lon="25.586421">
        <ele>151</ele>
      </trkpt>
      <trkpt lat="55.229521" lon="25.586633">
        <ele>151</ele>
      </trkpt>
      <trkpt lat="55.229398" lon="25.587098">
        <ele>151</ele>
      </trkpt>
      <trkpt lat="55.229018" lon="25.588332">
        <ele>153</ele>
      </trkpt>
      <trkpt lat="55.228959" lon="25.588562">
        <ele>153.66</ele>
      </trkpt>
      <trkpt lat="55.228912" lon="25.588788">
        <ele>154.13</ele>
      </trkpt>
      <trkpt lat="55.22887" lon="25.589057">
        <ele>154.56</ele>
      </trkpt>
      <trkpt lat="55.228825" lon="25.589621">
        <ele>153.81</ele>
      </trkpt>
      <trkpt lat="55.22883" lon="25.590001">
        <ele>152.58</ele>
      </trkpt>
      <trkpt lat="55.228858" lon="25.590337">
        <ele>151.89</ele>
      </trkpt>
      <trkpt lat="55.228908" lon="25.590719">
        <ele>151.17</ele>
      </trkpt>
      <trkpt lat="55.228959" lon="25.591001">
        <ele>151</ele>
      </trkpt>
      <trkpt lat="55.229003" lon="25.59119">
        <ele>151</ele>
      </trkpt>
      <trkpt lat="55.229055" lon="25.591346">
        <ele>151</ele>
      </trkpt>
      <trkpt lat="55.229121" lon="25.59153">
        <ele>151.29</ele>
      </trkpt>
      <trkpt lat="55.229474" lon="25.592292">
        <ele>152</ele>
      </trkpt>
      <trkpt lat="55.230887" lon="25.595267">
        <ele>153</ele>
      </trkpt>
      <trkpt lat="55.230968" lon="25.595482">
        <ele>152.17</ele>
      </trkpt>
      <trkpt lat="55.231126" lon="25.596039">
        <ele>152</ele>
      </trkpt>
      <trkpt lat="55.231304" lon="25.596736">
        <ele>151.42</ele>
      </trkpt>
      <trkpt lat="55.231412" lon="25.597128">
        <ele>151.84</ele>
      </trkpt>
      <trkpt lat="55.23154" lon="25.597516">
        <ele>152</ele>
      </trkpt>
      <trkpt lat="55.232111" lon="25.599061">
        <ele>153.48</ele>
      </trkpt>
      <trkpt lat="55.232326" lon="25.599759">
        <ele>154</ele>
      </trkpt>
      <trkpt lat="55.232404" lon="25.600062">
        <ele>154.05</ele>
      </trkpt>
      <trkpt lat="55.232488" lon="25.600464">
        <ele>154.25</ele>
      </trkpt>
      <trkpt lat="55.232566" lon="25.600923">
        <ele>154</ele>
      </trkpt>
      <trkpt lat="55.232741" lon="25.602494">
        <ele>152</ele>
      </trkpt>
      <trkpt lat="55.232768" lon="25.602844">
        <ele>151.93</ele>
      </trkpt>
      <trkpt lat="55.23279" lon="25.603498">
        <ele>151</ele>
      </trkpt>
      <trkpt lat="55.232784" lon="25.604695">
        <ele>151</ele>
      </trkpt>
      <trkpt lat="55.232776" lon="25.605602">
        <ele>153</ele>
      </trkpt>
      <trkpt lat="55.232764" lon="25.606307">
        <ele>152.44</ele>
      </trkpt>
      <trkpt lat="55.232737" lon="25.607883">
        <ele>151</ele>
      </trkpt>
      <trkpt lat="55.232749" lon="25.608157">
        <ele>151</ele>
      </trkpt>
      <trkpt lat="55.232781" lon="25.60845">
        <ele>151.31</ele>
      </trkpt>
      <trkpt lat="55.232833" lon="25.608777">
        <ele>151.84</ele>
      </trkpt>
      <trkpt lat="55.233077" lon="25.610069">
        <ele>154.08</ele>
      </trkpt>
      <trkpt lat="55.233138" lon="25.610421">
        <ele>155.13</ele>
      </trkpt>
      <trkpt lat="55.233165" lon="25.61063">
        <ele>155.85</ele>
      </trkpt>
      <trkpt lat="55.233182" lon="25.610823">
        <ele>156</ele>
      </trkpt>
      <trkpt lat="55.233188" lon="25.611022">
        <ele>156.33</ele>
      </trkpt>
      <trkpt lat="55.23318" lon="25.611323">
        <ele>157</ele>
      </trkpt>
      <trkpt lat="55.233136" lon="25.612447">
        <ele>156</ele>
      </trkpt>
      <trkpt lat="55.233101" lon="25.613761">
        <ele>155.57</ele>
      </trkpt>
      <trkpt lat="55.233081" lon="25.615214">
        <ele>154.01</ele>
      </trkpt>
      <trkpt lat="55.233097" lon="25.615592">
        <ele>154</ele>
      </trkpt>
      <trkpt lat="55.233121" lon="25.615794">
        <ele>154</ele>
      </trkpt>
      <trkpt lat="55.233163" lon="25.616019">
        <ele>153.79</ele>
      </trkpt>
      <trkpt lat="55.233266" lon="25.616382">
        <ele>151.96</ele>
      </trkpt>
      <trkpt lat="55.23353" lon="25.617181">
        <ele>149.05</ele>
      </trkpt>
      <trkpt lat="55.233926" lon="25.618381">
        <ele>149.41</ele>
      </trkpt>
      <trkpt lat="55.234028" lon="25.618728">
        <ele>150</ele>
      </trkpt>
      <trkpt lat="55.234108" lon="25.619051">
        <ele>149.16</ele>
      </trkpt>
      <trkpt lat="55.23417" lon="25.619565">
        <ele>149</ele>
      </trkpt>
      <trkpt lat="55.234237" lon="25.621602">
        <ele>153</ele>
      </trkpt>
      <trkpt lat="55.234251" lon="25.622028">
        <ele>152</ele>
      </trkpt>
      <trkpt lat="55.234303" lon="25.623572">
        <ele>154.17</ele>
      </trkpt>
      <trkpt lat="55.23432" lon="25.624087">
        <ele>156.58</ele>
      </trkpt>
      <trkpt lat="55.234343" lon="25.624708">
        <ele>156.76</ele>
      </trkpt>
      <trkpt lat="55.234383" lon="25.625498">
        <ele>155.36</ele>
      </trkpt>
      <trkpt lat="55.234503" lon="25.62746">
        <ele>152</ele>
      </trkpt>
      <trkpt lat="55.234607" lon="25.629225">
        <ele>155.07</ele>
      </trkpt>
      <trkpt lat="55.234628" lon="25.629741">
        <ele>154.86</ele>
      </trkpt>
      <trkpt lat="55.234642" lon="25.63042">
        <ele>154</ele>
      </trkpt>
      <trkpt lat="55.234638" lon="25.63072">
        <ele>154</ele>
      </trkpt>
      <trkpt lat="55.234626" lon="25.630967">
        <ele>154.51</ele>
      </trkpt>
      <trkpt lat="55.234595" lon="25.631228">
        <ele>155.02</ele>
      </trkpt>
      <trkpt lat="55.234555" lon="25.631468">
        <ele>155.6</ele>
      </trkpt>
      <trkpt lat="55.234392" lon="25.632288">
        <ele>157</ele>
      </trkpt>
      <trkpt lat="55.234217" lon="25.633304">
        <ele>156.96</ele>
      </trkpt>
      <trkpt lat="55.234037" lon="25.634427">
        <ele>157.96</ele>
      </trkpt>
      <trkpt lat="55.233864" lon="25.635533">
        <ele>154</ele>
      </trkpt>
      <trkpt lat="55.233689" lon="25.636675">
        <ele>153.9</ele>
      </trkpt>
      <trkpt lat="55.233553" lon="25.637598">
        <ele>156.18</ele>
      </trkpt>
      <trkpt lat="55.233358" lon="25.638983">
        <ele>156.19</ele>
      </trkpt>
      <trkpt lat="55.233289" lon="25.639337">
        <ele>155.87</ele>
      </trkpt>
      <trkpt lat="55.233208" lon="25.639627">
        <ele>155.02</ele>
      </trkpt>
      <trkpt lat="55.233155" lon="25.639767">
        <ele>155</ele>
      </trkpt>
      <trkpt lat="55.233004" lon="25.64008">
        <ele>154</ele>
      </trkpt>
      <trkpt lat="55.232421" lon="25.641037">
        <ele>155.31</ele>
      </trkpt>
      <trkpt lat="55.231979" lon="25.64176">
        <ele>153.86</ele>
      </trkpt>
      <trkpt lat="55.231806" lon="25.642082">
        <ele>155.63</ele>
      </trkpt>
      <trkpt lat="55.231704" lon="25.642312">
        <ele>156</ele>
      </trkpt>
      <trkpt lat="55.231611" lon="25.642607">
        <ele>154.75</ele>
      </trkpt>
      <trkpt lat="55.231515" lon="25.64299">
        <ele>153.31</ele>
      </trkpt>
      <trkpt lat="55.231257" lon="25.644209">
        <ele>153</ele>
      </trkpt>
      <trkpt lat="55.231018" lon="25.645421">
        <ele>154</ele>
      </trkpt>
      <trkpt lat="55.230939" lon="25.645861">
        <ele>156.09</ele>
      </trkpt>
      <trkpt lat="55.230791" lon="25.646624">
        <ele>157.64</ele>
      </trkpt>
      <trkpt lat="55.230658" lon="25.647293">
        <ele>155.33</ele>
      </trkpt>
      <trkpt lat="55.230493" lon="25.648074">
        <ele>153.99</ele>
      </trkpt>
      <trkpt lat="55.230429" lon="25.648471">
        <ele>153.22</ele>
      </trkpt>
      <trkpt lat="55.230383" lon="25.648849">
        <ele>152.86</ele>
      </trkpt>
      <trkpt lat="55.230338" lon="25.649307">
        <ele>152.4</ele>
      </trkpt>
      <trkpt lat="55.230257" lon="25.650355">
        <ele>152</ele>
      </trkpt>
      <trkpt lat="55.230202" lon="25.650876">
        <ele>152.33</ele>
      </trkpt>
      <trkpt lat="55.230152" lon="25.651231">
        <ele>153</ele>
      </trkpt>
      <trkpt lat="55.230009" lon="25.652051">
        <ele>152</ele>
      </trkpt>
      <trkpt lat="55.229686" lon="25.653437">
        <ele>153</ele>
      </trkpt>
      <trkpt lat="55.229305" lon="25.655059">
        <ele>150</ele>
      </trkpt>
      <trkpt lat="55.229076" lon="25.65601">
        <ele>151.54</ele>
      </trkpt>
      <trkpt lat="55.228973" lon="25.656491">
        <ele>149.99</ele>
      </trkpt>
      <trkpt lat="55.22891" lon="25.656855">
        <ele>150</ele>
      </trkpt>
      <trkpt lat="55.228864" lon="25.657196">
        <ele>150</ele>
      </trkpt>
      <trkpt lat="55.228812" lon="25.657771">
        <ele>151.07</ele>
      </trkpt>
      <trkpt lat="55.228769" lon="25.658577">
        <ele>156.24</ele>
      </trkpt>
      <trkpt lat="55.228742" lon="25.659165">
        <ele>157.61</ele>
      </trkpt>
      <trkpt lat="55.228715" lon="25.659362">
        <ele>158.33</ele>
      </trkpt>
      <trkpt lat="55.228672" lon="25.65961">
        <ele>157.93</ele>
      </trkpt>
      <trkpt lat="55.228542" lon="25.660149">
        <ele>155.34</ele>
      </trkpt>
      <trkpt lat="55.228512" lon="25.66036">
        <ele>153.64</ele>
      </trkpt>
      <trkpt lat="55.228499" lon="25.66058">
        <ele>153</ele>
      </trkpt>
      <trkpt lat="55.228503" lon="25.660796">
        <ele>153.71</ele>
      </trkpt>
      <trkpt lat="55.228503" lon="25.660796">
        <ele>153.71</ele>
      </trkpt>
      <trkpt lat="55.228524" lon="25.661099">
        <ele>155.77</ele>
      </trkpt>
      <trkpt lat="55.228568" lon="25.661423">
        <ele>156.58</ele>
      </trkpt>
      <trkpt lat="55.228621" lon="25.661704">
        <ele>155.61</ele>
      </trkpt>
      <trkpt lat="55.228778" lon="25.662369">
        <ele>151.92</ele>
      </trkpt>
      <trkpt lat="55.228868" lon="25.662681">
        <ele>151.03</ele>
      </trkpt>
      <trkpt lat="55.22899" lon="25.66303">
        <ele>151</ele>
      </trkpt>
      <trkpt lat="55.229298" lon="25.663848">
        <ele>155.5</ele>
      </trkpt>
      <trkpt lat="55.229433" lon="25.664206">
        <ele>160.84</ele>
      </trkpt>
      <trkpt lat="55.229568" lon="25.664565">
        <ele>162.41</ele>
      </trkpt>
      <trkpt lat="55.229703" lon="25.664924">
        <ele>166.03</ele>
      </trkpt>
      <trkpt lat="55.229659" lon="25.664989">
        <ele>166.96</ele>
      </trkpt>
      <trkpt lat="55.229636" lon="25.66506">
        <ele>167.8</ele>
      </trkpt>
      <trkpt lat="55.22961" lon="25.665207">
        <ele>170.61</ele>
      </trkpt>
      <trkpt lat="55.229572" lon="25.665629">
        <ele>175.6</ele>
      </trkpt>
      <trkpt lat="55.229508" lon="25.666257">
        <ele>167.98</ele>
      </trkpt>
      <trkpt lat="55.229479" lon="25.666847">
        <ele>157.46</ele>
      </trkpt>
      <trkpt lat="55.229483" lon="25.667219">
        <ele>157.04</ele>
      </trkpt>
      <trkpt lat="55.229487" lon="25.667592">
        <ele>161.4</ele>
      </trkpt>
      <trkpt lat="55.229502" lon="25.668094">
        <ele>172.01</ele>
      </trkpt>
      <trkpt lat="55.229479" lon="25.668333">
        <ele>176.07</ele>
      </trkpt>
      <trkpt lat="55.229413" lon="25.668587">
        <ele>179.62</ele>
      </trkpt>
      <trkpt lat="55.229306" lon="25.668842">
        <ele>182.79</ele>
      </trkpt>
      <trkpt lat="55.229116" lon="25.669102">
        <ele>182.94</ele>
      </trkpt>
      <trkpt lat="55.228963" lon="25.669322">
        <ele>175.99</ele>
      </trkpt>
      <trkpt lat="55.228901" lon="25.669475">
        <ele>172.29</ele>
      </trkpt>
      <trkpt lat="55.228878" lon="25.669609">
        <ele>170.47</ele>
      </trkpt>
      <trkpt lat="55.228821" lon="25.670039">
        <ele>168.45</ele>
      </trkpt>
      <trkpt lat="55.228768" lon="25.670253">
        <ele>167.57</ele>
      </trkpt>
      <trkpt lat="55.228664" lon="25.670476">
        <ele>166.39</ele>
      </trkpt>
      <trkpt lat="55.228509" lon="25.670798">
        <ele>169.55</ele>
      </trkpt>
      <trkpt lat="55.228359" lon="25.671133">
        <ele>176.53</ele>
      </trkpt>
      <trkpt lat="55.228241" lon="25.671374">
        <ele>179.51</ele>
      </trkpt>
      <trkpt lat="55.228139" lon="25.671613">
        <ele>180.89</ele>
      </trkpt>
      <trkpt lat="55.228047" lon="25.6719">
        <ele>180</ele>
      </trkpt>
      <trkpt lat="55.227983" lon="25.672206">
        <ele>179.66</ele>
      </trkpt>
      <trkpt lat="55.227914" lon="25.672479">
        <ele>177.76</ele>
      </trkpt>
      <trkpt lat="55.227809" lon="25.672769">
        <ele>175</ele>
      </trkpt>
      <trkpt lat="55.227694" lon="25.673037">
        <ele>171.44</ele>
      </trkpt>
      <trkpt lat="55.227336" lon="25.673677">
        <ele>165.2</ele>
      </trkpt>
      <trkpt lat="55.227157" lon="25.673997">
        <ele>166.23</ele>
      </trkpt>
      <trkpt lat="55.226722" lon="25.674732">
        <ele>170.74</ele>
      </trkpt>
      <trkpt lat="55.226322" lon="25.675361">
        <ele>169.68</ele>
      </trkpt>
      <trkpt lat="55.226322" lon="25.675361">
        <ele>169.68</ele>
      </trkpt>
      <trkpt lat="55.225964" lon="25.675989">
        <ele>171.18</ele>
      </trkpt>
      <trkpt lat="55.225554" lon="25.676707">
        <ele>167.77</ele>
      </trkpt>
      <trkpt lat="55.225247" lon="25.67775">
        <ele>165.67</ele>
      </trkpt>
      <trkpt lat="55.225115" lon="25.678029">
        <ele>165.04</ele>
      </trkpt>
      <trkpt lat="55.224949" lon="25.678272">
        <ele>164.45</ele>
      </trkpt>
      <trkpt lat="55.224722" lon="25.678699">
        <ele>164.61</ele>
      </trkpt>
      <trkpt lat="55.224501" lon="25.679206">
        <ele>164.75</ele>
      </trkpt>
      <trkpt lat="55.224266" lon="25.680231">
        <ele>166.01</ele>
      </trkpt>
      <trkpt lat="55.224013" lon="25.681155">
        <ele>172.27</ele>
      </trkpt>
      <trkpt lat="55.223886" lon="25.681618">
        <ele>169.2</ele>
      </trkpt>
      <trkpt lat="55.223739" lon="25.682253">
        <ele>162.51</ele>
      </trkpt>
      <trkpt lat="55.22351" lon="25.683047">
        <ele>160.9</ele>
      </trkpt>
      <trkpt lat="55.223342" lon="25.683455">
        <ele>162.15</ele>
      </trkpt>
      <trkpt lat="55.223164" lon="25.684024">
        <ele>163</ele>
      </trkpt>
      <trkpt lat="55.222811" lon="25.684949">
        <ele>165.14</ele>
      </trkpt>
      <trkpt lat="55.222667" lon="25.685272">
        <ele>167.62</ele>
      </trkpt>
      <trkpt lat="55.222381" lon="25.685917">
        <ele>176.48</ele>
      </trkpt>
      <trkpt lat="55.222046" lon="25.686619">
        <ele>183.02</ele>
      </trkpt>
      <trkpt lat="55.221713" lon="25.687318">
        <ele>183.01</ele>
      </trkpt>
      <trkpt lat="55.221713" lon="25.687318">
        <ele>183.01</ele>
      </trkpt>
      <trkpt lat="55.221376" lon="25.688024">
        <ele>183</ele>
      </trkpt>
      <trkpt lat="55.221041" lon="25.688726">
        <ele>178.38</ele>
      </trkpt>
      <trkpt lat="55.220706" lon="25.689428">
        <ele>178.41</ele>
      </trkpt>
      <trkpt lat="55.220539" lon="25.689779">
        <ele>175.51</ele>
      </trkpt>
      <trkpt lat="55.220383" lon="25.690217">
        <ele>172.99</ele>
      </trkpt>
      <trkpt lat="55.220071" lon="25.691092">
        <ele>174.65</ele>
      </trkpt>
      <trkpt lat="55.219916" lon="25.69153">
        <ele>173.3</ele>
      </trkpt>
      <trkpt lat="55.219765" lon="25.691883">
        <ele>170.87</ele>
      </trkpt>
      <trkpt lat="55.219615" lon="25.692237">
        <ele>170.9</ele>
      </trkpt>
      <trkpt lat="55.219465" lon="25.69259">
        <ele>173.06</ele>
      </trkpt>
      <trkpt lat="55.219164" lon="25.693297">
        <ele>174.03</ele>
      </trkpt>
      <trkpt lat="55.219037" lon="25.693674">
        <ele>176.55</ele>
      </trkpt>
      <trkpt lat="55.218657" lon="25.694807">
        <ele>179.33</ele>
      </trkpt>
      <trkpt lat="55.21853" lon="25.695184">
        <ele>181.92</ele>
      </trkpt>
      <trkpt lat="55.218403" lon="25.695562">
        <ele>182.01</ele>
      </trkpt>
      <trkpt lat="55.218335" lon="25.695765">
        <ele>181.26</ele>
      </trkpt>
      <trkpt lat="55.21824" lon="25.69621">
        <ele>179.76</ele>
      </trkpt>
      <trkpt lat="55.218145" lon="25.696655">
        <ele>181.38</ele>
      </trkpt>
      <trkpt lat="55.217986" lon="25.697575">
        <ele>180.49</ele>
      </trkpt>
      <trkpt lat="55.217876" lon="25.698412">
        <ele>178.19</ele>
      </trkpt>
      <trkpt lat="55.217752" lon="25.699477">
        <ele>181.02</ele>
      </trkpt>
      <trkpt lat="55.217702" lon="25.700142">
        <ele>179.6</ele>
      </trkpt>
      <trkpt lat="55.21764" lon="25.700767">
        <ele>177.94</ele>
      </trkpt>
      <trkpt lat="55.21757" lon="25.701827">
        <ele>174.69</ele>
      </trkpt>
      <trkpt lat="55.217537" lon="25.702589">
        <ele>175</ele>
      </trkpt>
      <trkpt lat="55.217469" lon="25.703156">
        <ele>174.94</ele>
      </trkpt>
      <trkpt lat="55.217356" lon="25.703708">
        <ele>171.61</ele>
      </trkpt>
      <trkpt lat="55.217297" lon="25.704084">
        <ele>171.15</ele>
      </trkpt>
      <trkpt lat="55.217162" lon="25.704626">
        <ele>173.83</ele>
      </trkpt>
      <trkpt lat="55.217092" lon="25.705045">
        <ele>172.56</ele>
      </trkpt>
      <trkpt lat="55.217037" lon="25.705481">
        <ele>167.38</ele>
      </trkpt>
      <trkpt lat="55.216982" lon="25.705917">
        <ele>165.34</ele>
      </trkpt>
      <trkpt lat="55.216926" lon="25.706353">
        <ele>168.18</ele>
      </trkpt>
      <trkpt lat="55.216849" lon="25.706755">
        <ele>170.09</ele>
      </trkpt>
      <trkpt lat="55.216772" lon="25.707158">
        <ele>169.32</ele>
      </trkpt>
      <trkpt lat="55.216675" lon="25.707579">
        <ele>168.86</ele>
      </trkpt>
      <trkpt lat="55.216614" lon="25.708029">
        <ele>169.49</ele>
      </trkpt>
      <trkpt lat="55.216568" lon="25.708455">
        <ele>171.1</ele>
      </trkpt>
      <trkpt lat="55.216458" lon="25.708965">
        <ele>172.84</ele>
      </trkpt>
      <trkpt lat="55.21645825594412" lon="25.70896463153181">
        <ele>172.83725918371576</ele>
      </trkpt>
      <trkpt lat="55.216354" lon="25.709448">
        <ele>171.88</ele>
      </trkpt>
      <trkpt lat="55.216329" lon="25.71026">
        <ele>170.2</ele>
      </trkpt>
      <trkpt lat="55.216308" lon="25.710919">
        <ele>173.65</ele>
      </trkpt>
      <trkpt lat="55.216241" lon="25.711633">
        <ele>174.29</ele>
      </trkpt>
      <trkpt lat="55.216262" lon="25.712541">
        <ele>177.99</ele>
      </trkpt>
      <trkpt lat="55.216283" lon="25.713449">
        <ele>175.71</ele>
      </trkpt>
      <trkpt lat="55.216222" lon="25.713931">
        <ele>169.19</ele>
      </trkpt>
      <trkpt lat="55.216161" lon="25.714412">
        <ele>158.53</ele>
      </trkpt>
      <trkpt lat="55.216196" lon="25.714713">
        <ele>152.03</ele>
      </trkpt>
      <trkpt lat="55.216185" lon="25.714963">
        <ele>150.06</ele>
      </trkpt>
      <trkpt lat="55.216144" lon="25.715175">
        <ele>150.28</ele>
      </trkpt>
      <trkpt lat="55.216057" lon="25.71548">
        <ele>151.16</ele>
      </trkpt>
      <trkpt lat="55.216052" lon="25.715674">
        <ele>151.5</ele>
      </trkpt>
      <trkpt lat="55.216109" lon="25.716054">
        <ele>153.38</ele>
      </trkpt>
      <trkpt lat="55.216113" lon="25.716397">
        <ele>158.6</ele>
      </trkpt>
      <trkpt lat="55.216196" lon="25.716683">
        <ele>160.14</ele>
      </trkpt>
      <trkpt lat="55.216207" lon="25.716795">
        <ele>160.86</ele>
      </trkpt>
      <trkpt lat="55.216198" lon="25.716883">
        <ele>162.09</ele>
      </trkpt>
      <trkpt lat="55.216171" lon="25.716973">
        <ele>164.24</ele>
      </trkpt>
      <trkpt lat="55.215942" lon="25.717253">
        <ele>177.08</ele>
      </trkpt>
      <trkpt lat="55.215759" lon="25.717522">
        <ele>181.38</ele>
      </trkpt>
      <trkpt lat="55.215576" lon="25.717791">
        <ele>181.06</ele>
      </trkpt>
      <trkpt lat="55.215499" lon="25.717986">
        <ele>181.27</ele>
      </trkpt>
      <trkpt lat="55.215261" lon="25.718922">
        <ele>179.04</ele>
      </trkpt>
      <trkpt lat="55.215039" lon="25.719482">
        <ele>176.79</ele>
      </trkpt>
      <trkpt lat="55.214865" lon="25.720938">
        <ele>172.06</ele>
      </trkpt>
      <trkpt lat="55.214807" lon="25.721423">
        <ele>174.6</ele>
      </trkpt>
      <trkpt lat="55.214819" lon="25.721961">
        <ele>176.08</ele>
      </trkpt>
      <trkpt lat="55.214882" lon="25.722616">
        <ele>172.77</ele>
      </trkpt>
      <trkpt lat="55.214883" lon="25.722985">
        <ele>172.83</ele>
      </trkpt>
      <trkpt lat="55.214884" lon="25.723354">
        <ele>175.84</ele>
      </trkpt>
      <trkpt lat="55.214865" lon="25.723815">
        <ele>178.19</ele>
      </trkpt>
      <trkpt lat="55.214845" lon="25.724276">
        <ele>175.88</ele>
      </trkpt>
      <trkpt lat="55.21486" lon="25.72479">
        <ele>174.34</ele>
      </trkpt>
      <trkpt lat="55.214874" lon="25.725305">
        <ele>177.41</ele>
      </trkpt>
      <trkpt lat="55.215003" lon="25.72637">
        <ele>182.91</ele>
      </trkpt>
      <trkpt lat="55.214802" lon="25.727597">
        <ele>180.49</ele>
      </trkpt>
      <trkpt lat="55.214837" lon="25.728075">
        <ele>174.64</ele>
      </trkpt>
      <trkpt lat="55.214871" lon="25.728552">
        <ele>172.76</ele>
      </trkpt>
      <trkpt lat="55.214905" lon="25.729029">
        <ele>175.32</ele>
      </trkpt>
      <trkpt lat="55.214939" lon="25.729506">
        <ele>179.94</ele>
      </trkpt>
      <trkpt lat="55.214803" lon="25.730536">
        <ele>185.48</ele>
      </trkpt>
      <trkpt lat="55.214844" lon="25.731048">
        <ele>188.46</ele>
      </trkpt>
      <trkpt lat="55.214885" lon="25.73156">
        <ele>188.13</ele>
      </trkpt>
      <trkpt lat="55.214941" lon="25.731949">
        <ele>182.55</ele>
      </trkpt>
      <trkpt lat="55.214998" lon="25.732337">
        <ele>179.14</ele>
      </trkpt>
      <trkpt lat="55.214882" lon="25.732663">
        <ele>175.73</ele>
      </trkpt>
      <trkpt lat="55.214767" lon="25.732989">
        <ele>174.42</ele>
      </trkpt>
      <trkpt lat="55.214486" lon="25.733552">
        <ele>173.69</ele>
      </trkpt>
      <trkpt lat="55.214312" lon="25.733951">
        <ele>178</ele>
      </trkpt>
      <trkpt lat="55.214169" lon="25.734379">
        <ele>184.04</ele>
      </trkpt>
      <trkpt lat="55.214027" lon="25.734807">
        <ele>186.59</ele>
      </trkpt>
      <trkpt lat="55.213885" lon="25.735235">
        <ele>183.9</ele>
      </trkpt>
      <trkpt lat="55.213649" lon="25.735986">
        <ele>176.17</ele>
      </trkpt>
      <trkpt lat="55.213526" lon="25.736462">
        <ele>173.98</ele>
      </trkpt>
      <trkpt lat="55.213444" lon="25.736927">
        <ele>174</ele>
      </trkpt>
      <trkpt lat="55.213419" lon="25.737213">
        <ele>172.74</ele>
      </trkpt>
      <trkpt lat="55.213436" lon="25.737507">
        <ele>171.99</ele>
      </trkpt>
      <trkpt lat="55.213502" lon="25.737898">
        <ele>171.49</ele>
      </trkpt>
      <trkpt lat="55.213246" lon="25.737788">
        <ele>172.81</ele>
      </trkpt>
      <trkpt lat="55.212753" lon="25.737478">
        <ele>176.86</ele>
      </trkpt>
      <trkpt lat="55.212285" lon="25.737169">
        <ele>174.4</ele>
      </trkpt>
      <trkpt lat="55.21199" lon="25.736986">
        <ele>171.4</ele>
      </trkpt>
      <trkpt lat="55.211248" lon="25.736595">
        <ele>172.71</ele>
      </trkpt>
      <trkpt lat="55.210986" lon="25.736458">
        <ele>171</ele>
      </trkpt>
      <trkpt lat="55.210462" lon="25.736184">
        <ele>170.88</ele>
      </trkpt>
      <trkpt lat="55.209938" lon="25.73591">
        <ele>166.38</ele>
      </trkpt>
      <trkpt lat="55.209824" lon="25.735836">
        <ele>166.29</ele>
      </trkpt>
      <trkpt lat="55.209726" lon="25.735755">
        <ele>166.51</ele>
      </trkpt>
      <trkpt lat="55.209682" lon="25.73582">
        <ele>167.33</ele>
      </trkpt>
      <trkpt lat="55.209436" lon="25.735879">
        <ele>170.53</ele>
      </trkpt>
      <trkpt lat="55.209003" lon="25.736048">
        <ele>175.5</ele>
      </trkpt>
      <trkpt lat="55.20884" lon="25.736201">
        <ele>175.12</ele>
      </trkpt>
      <trkpt lat="55.208652" lon="25.736458">
        <ele>175.91</ele>
      </trkpt>
      <trkpt lat="55.208472" lon="25.736759">
        <ele>175.94</ele>
      </trkpt>
      <trkpt lat="55.208331" lon="25.736997">
        <ele>175.96</ele>
      </trkpt>
      <trkpt lat="55.20804" lon="25.737402">
        <ele>172.74</ele>
      </trkpt>
      <trkpt lat="55.207809" lon="25.737668">
        <ele>169.85</ele>
      </trkpt>
      <trkpt lat="55.207634" lon="25.737923">
        <ele>167.57</ele>
      </trkpt>
      <trkpt lat="55.207418" lon="25.738142">
        <ele>165.3</ele>
      </trkpt>
      <trkpt lat="55.207112" lon="25.738296">
        <ele>163.47</ele>
      </trkpt>
      <trkpt lat="55.206538" lon="25.738582">
        <ele>164.74</ele>
      </trkpt>
      <trkpt lat="55.206261" lon="25.738759">
        <ele>165.6</ele>
      </trkpt>
      <trkpt lat="55.205991" lon="25.738985">
        <ele>166.06</ele>
      </trkpt>
      <trkpt lat="55.205857" lon="25.739164">
        <ele>166.77</ele>
      </trkpt>
      <trkpt lat="55.205674" lon="25.739765">
        <ele>173.3</ele>
      </trkpt>
      <trkpt lat="55.205599" lon="25.740122">
        <ele>176.48</ele>
      </trkpt>
      <trkpt lat="55.205437" lon="25.740496">
        <ele>177.61</ele>
      </trkpt>
      <trkpt lat="55.205377" lon="25.740814">
        <ele>174.77</ele>
      </trkpt>
      <trkpt lat="55.205107" lon="25.741206">
        <ele>169.46</ele>
      </trkpt>
      <trkpt lat="55.205016" lon="25.741417">
        <ele>165.77</ele>
      </trkpt>
      <trkpt lat="55.204962" lon="25.741678">
        <ele>161.97</ele>
      </trkpt>
      <trkpt lat="55.204893" lon="25.742056">
        <ele>160.93</ele>
      </trkpt>
      <trkpt lat="55.204713" lon="25.74248">
        <ele>164.69</ele>
      </trkpt>
      <trkpt lat="55.20456" lon="25.742643">
        <ele>168.19</ele>
      </trkpt>
      <trkpt lat="55.204391" lon="25.743111">
        <ele>172.52</ele>
      </trkpt>
      <trkpt lat="55.204221" lon="25.743578">
        <ele>168.45</ele>
      </trkpt>
      <trkpt lat="55.204073" lon="25.743765">
        <ele>161.76</ele>
      </trkpt>
      <trkpt lat="55.203878" lon="25.743883">
        <ele>154.46</ele>
      </trkpt>
      <trkpt lat="55.203683" lon="25.744001">
        <ele>152</ele>
      </trkpt>
      <trkpt lat="55.203343" lon="25.74394">
        <ele>155.73</ele>
      </trkpt>
      <trkpt lat="55.20296" lon="25.743993">
        <ele>162.9</ele>
      </trkpt>
      <trkpt lat="55.202718" lon="25.744719">
        <ele>158.12</ele>
      </trkpt>
      <trkpt lat="55.202759" lon="25.745128">
        <ele>155.08</ele>
      </trkpt>
      <trkpt lat="55.202759084699295" lon="25.74512797950666">
        <ele>155.0822213117849</ele>
      </trkpt>
      <trkpt lat="55.202784" lon="25.745376">
        <ele>153.24</ele>
      </trkpt>
      <trkpt lat="55.202746" lon="25.745759">
        <ele>152.01</ele>
      </trkpt>
      <trkpt lat="55.202566" lon="25.746297">
        <ele>153</ele>
      </trkpt>
      <trkpt lat="55.202273" lon="25.746988">
        <ele>153</ele>
      </trkpt>
      <trkpt lat="55.201673" lon="25.747869">
        <ele>157.26</ele>
      </trkpt>
      <trkpt lat="55.201267" lon="25.7481">
        <ele>161.33</ele>
      </trkpt>
      <trkpt lat="55.201038" lon="25.748678">
        <ele>163.71</ele>
      </trkpt>
      <trkpt lat="55.200858" lon="25.749029">
        <ele>167.95</ele>
      </trkpt>
      <trkpt lat="55.200497" lon="25.74973">
        <ele>172.96</ele>
      </trkpt>
      <trkpt lat="55.200309" lon="25.750344">
        <ele>172.6</ele>
      </trkpt>
      <trkpt lat="55.200326" lon="25.751013">
        <ele>169.83</ele>
      </trkpt>
      <trkpt lat="55.200245" lon="25.75165">
        <ele>168.55</ele>
      </trkpt>
      <trkpt lat="55.200001" lon="25.75227">
        <ele>173.53</ele>
      </trkpt>
      <trkpt lat="55.199816" lon="25.752681">
        <ele>177.88</ele>
      </trkpt>
      <trkpt lat="55.199447" lon="25.753503">
        <ele>179</ele>
      </trkpt>
      <trkpt lat="55.199202" lon="25.753922">
        <ele>179.5</ele>
      </trkpt>
      <trkpt lat="55.198994" lon="25.754201">
        <ele>181.03</ele>
      </trkpt>
      <trkpt lat="55.198851" lon="25.754469">
        <ele>183</ele>
      </trkpt>
      <trkpt lat="55.198709" lon="25.754737">
        <ele>182.06</ele>
      </trkpt>
      <trkpt lat="55.198385" lon="25.755596">
        <ele>180</ele>
      </trkpt>
      <trkpt lat="55.198233" lon="25.75606">
        <ele>179.8</ele>
      </trkpt>
      <trkpt lat="55.198081" lon="25.756524">
        <ele>176.24</ele>
      </trkpt>
      <trkpt lat="55.19795" lon="25.757023">
        <ele>170.21</ele>
      </trkpt>
      <trkpt lat="55.197797" lon="25.757323">
        <ele>170.4</ele>
      </trkpt>
      <trkpt lat="55.197593" lon="25.757629">
        <ele>172.6</ele>
      </trkpt>
      <trkpt lat="55.197185" lon="25.75824">
        <ele>165.26</ele>
      </trkpt>
      <trkpt lat="55.196981" lon="25.758545">
        <ele>166.27</ele>
      </trkpt>
      <trkpt lat="55.196777" lon="25.758851">
        <ele>172.33</ele>
      </trkpt>
      <trkpt lat="55.196512" lon="25.759007">
        <ele>176.7</ele>
      </trkpt>
      <trkpt lat="55.196247" lon="25.759163">
        <ele>174.91</ele>
      </trkpt>
      <trkpt lat="55.196032" lon="25.759257">
        <ele>174.09</ele>
      </trkpt>
      <trkpt lat="55.195817" lon="25.759589">
        <ele>174.6</ele>
      </trkpt>
      <trkpt lat="55.195735" lon="25.759638">
        <ele>174.25</ele>
      </trkpt>
      <trkpt lat="55.195455" lon="25.759662">
        <ele>173.76</ele>
      </trkpt>
      <trkpt lat="55.19517" lon="25.759737">
        <ele>170.77</ele>
      </trkpt>
      <trkpt lat="55.195035" lon="25.759839">
        <ele>168.8</ele>
      </trkpt>
      <trkpt lat="55.194937" lon="25.759938">
        <ele>166.37</ele>
      </trkpt>
      <trkpt lat="55.194695" lon="25.760239">
        <ele>161.3</ele>
      </trkpt>
      <trkpt lat="55.194292" lon="25.760501">
        <ele>157.9</ele>
      </trkpt>
      <trkpt lat="55.194109" lon="25.760646">
        <ele>158.49</ele>
      </trkpt>
      <trkpt lat="55.19362" lon="25.761137">
        <ele>161.34</ele>
      </trkpt>
      <trkpt lat="55.193525" lon="25.761325">
        <ele>160.62</ele>
      </trkpt>
      <trkpt lat="55.19342" lon="25.761574">
        <ele>159.92</ele>
      </trkpt>
      <trkpt lat="55.193227" lon="25.761928">
        <ele>165.31</ele>
      </trkpt>
      <trkpt lat="55.193048" lon="25.762374">
        <ele>171.54</ele>
      </trkpt>
      <trkpt lat="55.192947" lon="25.762661">
        <ele>173.88</ele>
      </trkpt>
      <trkpt lat="55.192861" lon="25.7628">
        <ele>175</ele>
      </trkpt>
      <trkpt lat="55.192737" lon="25.762902">
        <ele>175</ele>
      </trkpt>
      <trkpt lat="55.19234" lon="25.763063">
        <ele>173.79</ele>
      </trkpt>
      <trkpt lat="55.192118" lon="25.763243">
        <ele>171.54</ele>
      </trkpt>
      <trkpt lat="55.191783" lon="25.763651">
        <ele>169.52</ele>
      </trkpt>
      <trkpt lat="55.191566" lon="25.76379">
        <ele>169</ele>
      </trkpt>
      <trkpt lat="55.19076" lon="25.764201">
        <ele>172</ele>
      </trkpt>
      <trkpt lat="55.190491" lon="25.764338">
        <ele>171.37</ele>
      </trkpt>
      <trkpt lat="55.190194" lon="25.764587">
        <ele>171.15</ele>
      </trkpt>
      <trkpt lat="55.189815" lon="25.765097">
        <ele>171.58</ele>
      </trkpt>
      <trkpt lat="55.189436" lon="25.765606">
        <ele>165.24</ele>
      </trkpt>
      <trkpt lat="55.189198" lon="25.765813">
        <ele>163.89</ele>
      </trkpt>
      <trkpt lat="55.188483" lon="25.766435">
        <ele>167.13</ele>
      </trkpt>
      <trkpt lat="55.187488" lon="25.766862">
        <ele>172.68</ele>
      </trkpt>
      <trkpt lat="55.18692" lon="25.76685">
        <ele>171.61</ele>
      </trkpt>
      <trkpt lat="55.185885" lon="25.766684">
        <ele>172.35</ele>
      </trkpt>
      <trkpt lat="55.185601" lon="25.766773">
        <ele>172.4</ele>
      </trkpt>
      <trkpt lat="55.185317" lon="25.766862">
        <ele>168.67</ele>
      </trkpt>
      <trkpt lat="55.185004" lon="25.766901">
        <ele>165.13</ele>
      </trkpt>
      <trkpt lat="55.184377" lon="25.76698">
        <ele>166.9</ele>
      </trkpt>
      <trkpt lat="55.184104" lon="25.766932">
        <ele>168</ele>
      </trkpt>
      <trkpt lat="55.183832" lon="25.766883">
        <ele>166.55</ele>
      </trkpt>
      <trkpt lat="55.183621" lon="25.766913">
        <ele>163.4</ele>
      </trkpt>
      <trkpt lat="55.183461" lon="25.766976">
        <ele>160.77</ele>
      </trkpt>
      <trkpt lat="55.183318" lon="25.767059">
        <ele>160.12</ele>
      </trkpt>
      <trkpt lat="55.183106" lon="25.767256">
        <ele>163.56</ele>
      </trkpt>
      <trkpt lat="55.182894" lon="25.767452">
        <ele>162.89</ele>
      </trkpt>
      <trkpt lat="55.182001" lon="25.767765">
        <ele>157.84</ele>
      </trkpt>
      <trkpt lat="55.181877" lon="25.767767">
        <ele>156.94</ele>
      </trkpt>
      <trkpt lat="55.181827" lon="25.767739">
        <ele>156.78</ele>
      </trkpt>
      <trkpt lat="55.181543" lon="25.767448">
        <ele>153.33</ele>
      </trkpt>
      <trkpt lat="55.18126" lon="25.767156">
        <ele>152.75</ele>
      </trkpt>
      <trkpt lat="55.181087" lon="25.767019">
        <ele>152.76</ele>
      </trkpt>
      <trkpt lat="55.181011" lon="25.766984">
        <ele>152.5</ele>
      </trkpt>
      <trkpt lat="55.180951" lon="25.766974">
        <ele>152.15</ele>
      </trkpt>
      <trkpt lat="55.180624" lon="25.767075">
        <ele>151.07</ele>
      </trkpt>
      <trkpt lat="55.180469" lon="25.767108">
        <ele>151</ele>
      </trkpt>
      <trkpt lat="55.180358" lon="25.767202">
        <ele>151</ele>
      </trkpt>
      <trkpt lat="55.180513" lon="25.767759">
        <ele>150</ele>
      </trkpt>
      <trkpt lat="55.180638" lon="25.768282">
        <ele>150</ele>
      </trkpt>
      <trkpt lat="55.180816" lon="25.769168">
        <ele>150</ele>
      </trkpt>
      <trkpt lat="55.180879" lon="25.769528">
        <ele>150.66</ele>
      </trkpt>
      <trkpt lat="55.180922" lon="25.76988">
        <ele>153.35</ele>
      </trkpt>
      <trkpt lat="55.180938" lon="25.77023">
        <ele>156.43</ele>
      </trkpt>
      <trkpt lat="55.180931" lon="25.770519">
        <ele>157.96</ele>
      </trkpt>
      <trkpt lat="55.180955" lon="25.770922">
        <ele>160.84</ele>
      </trkpt>
      <trkpt lat="55.181001" lon="25.771386">
        <ele>161.91</ele>
      </trkpt>
      <trkpt lat="55.181093" lon="25.772316">
        <ele>160.97</ele>
      </trkpt>
      <trkpt lat="55.181082" lon="25.772637">
        <ele>161.19</ele>
      </trkpt>
      <trkpt lat="55.181082" lon="25.772637">
        <ele>161.19</ele>
      </trkpt>
      <trkpt lat="55.181061" lon="25.772796">
        <ele>160.25</ele>
      </trkpt>
      <trkpt lat="55.181016" lon="25.772958">
        <ele>158.65</ele>
      </trkpt>
      <trkpt lat="55.180935" lon="25.773143">
        <ele>157.1</ele>
      </trkpt>
      <trkpt lat="55.180644" lon="25.773601">
        <ele>163.55</ele>
      </trkpt>
      <trkpt lat="55.180533" lon="25.773864">
        <ele>166.7</ele>
      </trkpt>
      <trkpt lat="55.180369" lon="25.774277">
        <ele>163.26</ele>
      </trkpt>
      <trkpt lat="55.180258" lon="25.774452">
        <ele>161.62</ele>
      </trkpt>
      <trkpt lat="55.17997" lon="25.77472">
        <ele>161.71</ele>
      </trkpt>
      <trkpt lat="55.179728" lon="25.774926">
        <ele>161.54</ele>
      </trkpt>
      <trkpt lat="55.179528" lon="25.775074">
        <ele>160.14</ele>
      </trkpt>
      <trkpt lat="55.179318" lon="25.775117">
        <ele>158.1</ele>
      </trkpt>
      <trkpt lat="55.179128" lon="25.775101">
        <ele>156.13</ele>
      </trkpt>
      <trkpt lat="55.178872" lon="25.775119">
        <ele>154.69</ele>
      </trkpt>
      <trkpt lat="55.1786" lon="25.775176">
        <ele>154.02</ele>
      </trkpt>
      <trkpt lat="55.178463" lon="25.775288">
        <ele>155.46</ele>
      </trkpt>
      <trkpt lat="55.178376" lon="25.775449">
        <ele>157.62</ele>
      </trkpt>
      <trkpt lat="55.178292" lon="25.77572">
        <ele>160.91</ele>
      </trkpt>
      <trkpt lat="55.17826" lon="25.776085">
        <ele>163.87</ele>
      </trkpt>
      <trkpt lat="55.178314" lon="25.776918">
        <ele>165.07</ele>
      </trkpt>
      <trkpt lat="55.178341" lon="25.777335">
        <ele>167.3</ele>
      </trkpt>
      <trkpt lat="55.177864" lon="25.777033">
        <ele>174</ele>
      </trkpt>
      <trkpt lat="55.17691" lon="25.776428">
        <ele>174</ele>
      </trkpt>
      <trkpt lat="55.176763" lon="25.776415">
        <ele>172.24</ele>
      </trkpt>
      <trkpt lat="55.176621" lon="25.776443">
        <ele>169.63</ele>
      </trkpt>
      <trkpt lat="55.176447" lon="25.776568">
        <ele>166.88</ele>
      </trkpt>
      <trkpt lat="55.176066" lon="25.776931">
        <ele>165.92</ele>
      </trkpt>
      <trkpt lat="55.17572" lon="25.777136">
        <ele>164.79</ele>
      </trkpt>
      <trkpt lat="55.175305" lon="25.777244">
        <ele>165.38</ele>
      </trkpt>
      <trkpt lat="55.175151" lon="25.777265">
        <ele>166.33</ele>
      </trkpt>
      <trkpt lat="55.174397" lon="25.777151">
        <ele>165.01</ele>
      </trkpt>
      <trkpt lat="55.174146" lon="25.777112">
        <ele>167.07</ele>
      </trkpt>
      <trkpt lat="55.17366" lon="25.776981">
        <ele>169</ele>
      </trkpt>
      <trkpt lat="55.173076" lon="25.776805">
        <ele>168</ele>
      </trkpt>
      <trkpt lat="55.172784" lon="25.776717">
        <ele>166.06</ele>
      </trkpt>
      <trkpt lat="55.172492" lon="25.776629">
        <ele>161.56</ele>
      </trkpt>
      <trkpt lat="55.1722" lon="25.776541">
        <ele>160.75</ele>
      </trkpt>
      <trkpt lat="55.172044" lon="25.776463">
        <ele>160.71</ele>
      </trkpt>
      <trkpt lat="55.17189" lon="25.776307">
        <ele>161.27</ele>
      </trkpt>
      <trkpt lat="55.171555" lon="25.775776">
        <ele>165.39</ele>
      </trkpt>
      <trkpt lat="55.171323" lon="25.775439">
        <ele>169.45</ele>
      </trkpt>
      <trkpt lat="55.170629" lon="25.774427">
        <ele>171.83</ele>
      </trkpt>
      <trkpt lat="55.170429" lon="25.774136">
        <ele>175.03</ele>
      </trkpt>
      <trkpt lat="55.170229" lon="25.773846">
        <ele>176.04</ele>
      </trkpt>
      <trkpt lat="55.16983" lon="25.773264">
        <ele>173.9</ele>
      </trkpt>
      <trkpt lat="55.169393" lon="25.772776">
        <ele>171.07</ele>
      </trkpt>
      <trkpt lat="55.168956" lon="25.772289">
        <ele>163.18</ele>
      </trkpt>
      <trkpt lat="55.168519" lon="25.771802">
        <ele>162.6</ele>
      </trkpt>
      <trkpt lat="55.168233" lon="25.771583">
        <ele>165.37</ele>
      </trkpt>
      <trkpt lat="55.167997" lon="25.771456">
        <ele>168.28</ele>
      </trkpt>
      <trkpt lat="55.167761" lon="25.771328">
        <ele>167.57</ele>
      </trkpt>
      <trkpt lat="55.167526" lon="25.7712">
        <ele>162.79</ele>
      </trkpt>
      <trkpt lat="55.167391" lon="25.771222">
        <ele>157.6</ele>
      </trkpt>
      <trkpt lat="55.167147" lon="25.771357">
        <ele>149.54</ele>
      </trkpt>
      <trkpt lat="55.166902" lon="25.771492">
        <ele>149.09</ele>
      </trkpt>
      <trkpt lat="55.166378" lon="25.771792">
        <ele>160.17</ele>
      </trkpt>
      <trkpt lat="55.16582" lon="25.772121">
        <ele>169.83</ele>
      </trkpt>
      <trkpt lat="55.165615" lon="25.772171">
        <ele>171.95</ele>
      </trkpt>
      <trkpt lat="55.165307" lon="25.772112">
        <ele>173.79</ele>
      </trkpt>
      <trkpt lat="55.164868" lon="25.771987">
        <ele>177.25</ele>
      </trkpt>
      <trkpt lat="55.164665" lon="25.771879">
        <ele>177.85</ele>
      </trkpt>
      <trkpt lat="55.164289" lon="25.771547">
        <ele>171.75</ele>
      </trkpt>
      <trkpt lat="55.16408" lon="25.771258">
        <ele>167.66</ele>
      </trkpt>
      <trkpt lat="55.163871" lon="25.770969">
        <ele>169.55</ele>
      </trkpt>
      <trkpt lat="55.163631" lon="25.770736">
        <ele>175.13</ele>
      </trkpt>
      <trkpt lat="55.163304" lon="25.770549">
        <ele>177</ele>
      </trkpt>
      <trkpt lat="55.16297" lon="25.770439">
        <ele>176.08</ele>
      </trkpt>
      <trkpt lat="55.162689" lon="25.770455">
        <ele>175.31</ele>
      </trkpt>
      <trkpt lat="55.162157" lon="25.770519">
        <ele>175.95</ele>
      </trkpt>
      <trkpt lat="55.162031" lon="25.770485">
        <ele>176</ele>
      </trkpt>
      <trkpt lat="55.161434" lon="25.770024">
        <ele>175.53</ele>
      </trkpt>
      <trkpt lat="55.161194" lon="25.769838">
        <ele>173.1</ele>
      </trkpt>
      <trkpt lat="55.1605" lon="25.769184">
        <ele>173</ele>
      </trkpt>
      <trkpt lat="55.160253" lon="25.769105">
        <ele>173.65</ele>
      </trkpt>
      <trkpt lat="55.159666" lon="25.768963">
        <ele>171.05</ele>
      </trkpt>
      <trkpt lat="55.159372" lon="25.768892">
        <ele>173.22</ele>
      </trkpt>
      <trkpt lat="55.159207" lon="25.768918">
        <ele>174.64</ele>
      </trkpt>
      <trkpt lat="55.158433" lon="25.769212">
        <ele>177.34</ele>
      </trkpt>
      <trkpt lat="55.158168" lon="25.769275">
        <ele>177.71</ele>
      </trkpt>
      <trkpt lat="55.15725" lon="25.769376">
        <ele>175</ele>
      </trkpt>
      <trkpt lat="55.156645" lon="25.76947">
        <ele>174</ele>
      </trkpt>
      <trkpt lat="55.156343" lon="25.769517">
        <ele>175.03</ele>
      </trkpt>
      <trkpt lat="55.156128" lon="25.769649">
        <ele>175.94</ele>
      </trkpt>
      <trkpt lat="55.155879" lon="25.769975">
        <ele>178</ele>
      </trkpt>
      <trkpt lat="55.155661" lon="25.770165">
        <ele>178.34</ele>
      </trkpt>
      <trkpt lat="55.15544" lon="25.770288">
        <ele>179.87</ele>
      </trkpt>
      <trkpt lat="55.155143" lon="25.770404">
        <ele>181.67</ele>
      </trkpt>
      <trkpt lat="55.154917" lon="25.77055">
        <ele>180.6</ele>
      </trkpt>
      <trkpt lat="55.154784" lon="25.771005">
        <ele>174.46</ele>
      </trkpt>
      <trkpt lat="55.154492" lon="25.771389">
        <ele>169</ele>
      </trkpt>
      <trkpt lat="55.154203" lon="25.771953">
        <ele>166.72</ele>
      </trkpt>
      <trkpt lat="55.154075" lon="25.772271">
        <ele>166.49</ele>
      </trkpt>
      <trkpt lat="55.153947" lon="25.772588">
        <ele>168.97</ele>
      </trkpt>
      <trkpt lat="55.153886" lon="25.773282">
        <ele>173.29</ele>
      </trkpt>
      <trkpt lat="55.153856" lon="25.773906">
        <ele>174</ele>
      </trkpt>
      <trkpt lat="55.153853" lon="25.774583">
        <ele>172.43</ele>
      </trkpt>
      <trkpt lat="55.153873" lon="25.775394">
        <ele>165.3</ele>
      </trkpt>
      <trkpt lat="55.153909" lon="25.775866">
        <ele>166.06</ele>
      </trkpt>
      <trkpt lat="55.153947" lon="25.77635">
        <ele>170.64</ele>
      </trkpt>
      <trkpt lat="55.154055" lon="25.777753">
        <ele>169.44</ele>
      </trkpt>
      <trkpt lat="55.154123" lon="25.778534">
        <ele>167.58</ele>
      </trkpt>
      <trkpt lat="55.154126" lon="25.778882">
        <ele>166.31</ele>
      </trkpt>
      <trkpt lat="55.154107" lon="25.779192">
        <ele>166.35</ele>
      </trkpt>
      <trkpt lat="55.154075" lon="25.779493">
        <ele>168.33</ele>
      </trkpt>
      <trkpt lat="55.153857" lon="25.780519">
        <ele>164.04</ele>
      </trkpt>
      <trkpt lat="55.153717" lon="25.781224">
        <ele>163</ele>
      </trkpt>
      <trkpt lat="55.153667" lon="25.781755">
        <ele>162.64</ele>
      </trkpt>
      <trkpt lat="55.153588" lon="25.782874">
        <ele>167.31</ele>
      </trkpt>
      <trkpt lat="55.153543" lon="25.783823">
        <ele>167.52</ele>
      </trkpt>
      <trkpt lat="55.153555" lon="25.784248">
        <ele>170.61</ele>
      </trkpt>
      <trkpt lat="55.153641" lon="25.784757">
        <ele>171.94</ele>
      </trkpt>
      <trkpt lat="55.153746" lon="25.785136">
        <ele>170.03</ele>
      </trkpt>
      <trkpt lat="55.154163" lon="25.786411">
        <ele>167.46</ele>
      </trkpt>
      <trkpt lat="55.154441" lon="25.787261">
        <ele>170.25</ele>
      </trkpt>
      <trkpt lat="55.154718" lon="25.78811">
        <ele>162.12</ele>
      </trkpt>
      <trkpt lat="55.154857" lon="25.788535">
        <ele>161.79</ele>
      </trkpt>
      <trkpt lat="55.154992" lon="25.789023">
        <ele>160.91</ele>
      </trkpt>
      <trkpt lat="55.155083" lon="25.789513">
        <ele>157.66</ele>
      </trkpt>
      <trkpt lat="55.155103" lon="25.790079">
        <ele>157.97</ele>
      </trkpt>
      <trkpt lat="55.155093" lon="25.790528">
        <ele>159.28</ele>
      </trkpt>
      <trkpt lat="55.15506" lon="25.79102">
        <ele>165.41</ele>
      </trkpt>
      <trkpt lat="55.155027" lon="25.791511">
        <ele>173.65</ele>
      </trkpt>
      <trkpt lat="55.154995" lon="25.792003">
        <ele>176</ele>
      </trkpt>
      <trkpt lat="55.154962" lon="25.792494">
        <ele>174.62</ele>
      </trkpt>
      <trkpt lat="55.154965" lon="25.792955">
        <ele>172.3</ele>
      </trkpt>
      <trkpt lat="55.154989" lon="25.793457">
        <ele>172</ele>
      </trkpt>
      <trkpt lat="55.155092" lon="25.79432">
        <ele>175.32</ele>
      </trkpt>
      <trkpt lat="55.155143" lon="25.794752">
        <ele>175.17</ele>
      </trkpt>
      <trkpt lat="55.155194" lon="25.795183">
        <ele>172.99</ele>
      </trkpt>
      <trkpt lat="55.155389" lon="25.796732">
        <ele>169.69</ele>
      </trkpt>
      <trkpt lat="55.155477" lon="25.797199">
        <ele>168.85</ele>
      </trkpt>
      <trkpt lat="55.155579" lon="25.79758">
        <ele>168</ele>
      </trkpt>
      <trkpt lat="55.155682" lon="25.797962">
        <ele>169.49</ele>
      </trkpt>
      <trkpt lat="55.155996" lon="25.798862">
        <ele>173</ele>
      </trkpt>
      <trkpt lat="55.15631" lon="25.799761">
        <ele>172.63</ele>
      </trkpt>
      <trkpt lat="55.156604" lon="25.800657">
        <ele>167.56</ele>
      </trkpt>
      <trkpt lat="55.15677" lon="25.801242">
        <ele>166.6</ele>
      </trkpt>
      <trkpt lat="55.156915" lon="25.801922">
        <ele>164.72</ele>
      </trkpt>
      <trkpt lat="55.157183" lon="25.803442">
        <ele>163.26</ele>
      </trkpt>
      <trkpt lat="55.157342" lon="25.804126">
        <ele>165.89</ele>
      </trkpt>
      <trkpt lat="55.15756" lon="25.804799">
        <ele>167.03</ele>
      </trkpt>
      <trkpt lat="55.158057" lon="25.806047">
        <ele>168.92</ele>
      </trkpt>
      <trkpt lat="55.158357" lon="25.806765">
        <ele>169</ele>
      </trkpt>
      <trkpt lat="55.158531" lon="25.807157">
        <ele>170</ele>
      </trkpt>
      <trkpt lat="55.159053" lon="25.80833">
        <ele>168.45</ele>
      </trkpt>
      <trkpt lat="55.159341" lon="25.809096">
        <ele>168.95</ele>
      </trkpt>
      <trkpt lat="55.159629" lon="25.809861">
        <ele>167.17</ele>
      </trkpt>
      <trkpt lat="55.159921" lon="25.810717">
        <ele>170</ele>
      </trkpt>
      <trkpt lat="55.160357" lon="25.812002">
        <ele>168.63</ele>
      </trkpt>
      <trkpt lat="55.160503" lon="25.81243">
        <ele>170.06</ele>
      </trkpt>
      <trkpt lat="55.160644" lon="25.812803">
        <ele>171.49</ele>
      </trkpt>
      <trkpt lat="55.160786" lon="25.813176">
        <ele>170.98</ele>
      </trkpt>
      <trkpt lat="55.160927" lon="25.81355">
        <ele>167.12</ele>
      </trkpt>
      <trkpt lat="55.161068" lon="25.813923">
        <ele>166.55</ele>
      </trkpt>
      <trkpt lat="55.161368" lon="25.813952">
        <ele>175.57</ele>
      </trkpt>
      <trkpt lat="55.161625" lon="25.813976">
        <ele>178</ele>
      </trkpt>
      <trkpt lat="55.162651" lon="25.81407">
        <ele>179.86</ele>
      </trkpt>
      <trkpt lat="55.163165" lon="25.814118">
        <ele>177.85</ele>
      </trkpt>
      <trkpt lat="55.163422" lon="25.814142">
        <ele>175.24</ele>
      </trkpt>
      <trkpt lat="55.16395" lon="25.814205">
        <ele>173.13</ele>
      </trkpt>
      <trkpt lat="55.164743" lon="25.8143">
        <ele>176.89</ele>
      </trkpt>
      <trkpt lat="55.166328" lon="25.81449">
        <ele>172.35</ele>
      </trkpt>
      <trkpt lat="55.167121" lon="25.814585">
        <ele>175.44</ele>
      </trkpt>
      <trkpt lat="55.167385" lon="25.814616">
        <ele>171.9</ele>
      </trkpt>
      <trkpt lat="55.16765" lon="25.814648">
        <ele>171.8</ele>
      </trkpt>
      <trkpt lat="55.168428" lon="25.814741">
        <ele>180.04</ele>
      </trkpt>
      <trkpt lat="55.168943" lon="25.814802">
        <ele>180.43</ele>
      </trkpt>
      <trkpt lat="55.16945" lon="25.814853">
        <ele>179.96</ele>
      </trkpt>
      <trkpt lat="55.169958" lon="25.814905">
        <ele>177</ele>
      </trkpt>
      <trkpt lat="55.16973" lon="25.815226">
        <ele>179.85</ele>
      </trkpt>
      <trkpt lat="55.16972946504753" lon="25.815225986807953">
        <ele>179.850257663418</ele>
      </trkpt>
      <trkpt lat="55.169509" lon="25.815537">
        <ele>180.49</ele>
      </trkpt>
      <trkpt lat="55.168834" lon="25.816486">
        <ele>178.32</ele>
      </trkpt>
      <trkpt lat="55.168677" lon="25.816803">
        <ele>178.21</ele>
      </trkpt>
      <trkpt lat="55.168363" lon="25.817437">
        <ele>171.33</ele>
      </trkpt>
      <trkpt lat="55.168206" lon="25.817754">
        <ele>170</ele>
      </trkpt>
      <trkpt lat="55.167716" lon="25.819017">
        <ele>165.52</ele>
      </trkpt>
      <trkpt lat="55.167503" lon="25.820308">
        <ele>164.3</ele>
      </trkpt>
      <trkpt lat="55.167355" lon="25.821765">
        <ele>165.98</ele>
      </trkpt>
      <trkpt lat="55.167033" lon="25.824475">
        <ele>165</ele>
      </trkpt>
      <trkpt lat="55.166898" lon="25.825536">
        <ele>161.19</ele>
      </trkpt>
      <trkpt lat="55.16683" lon="25.826067">
        <ele>157.2</ele>
      </trkpt>
      <trkpt lat="55.166777" lon="25.826509">
        <ele>155.96</ele>
      </trkpt>
      <trkpt lat="55.166591" lon="25.828044">
        <ele>162.39</ele>
      </trkpt>
      <trkpt lat="55.166521" lon="25.828675">
        <ele>165.45</ele>
      </trkpt>
      <trkpt lat="55.166506" lon="25.829106">
        <ele>167.33</ele>
      </trkpt>
      <trkpt lat="55.166534" lon="25.829553">
        <ele>168.74</ele>
      </trkpt>
      <trkpt lat="55.166588" lon="25.829989">
        <ele>170.01</ele>
      </trkpt>
      <trkpt lat="55.166697" lon="25.830859">
        <ele>168.1</ele>
      </trkpt>
      <trkpt lat="55.166751" lon="25.831294">
        <ele>169</ele>
      </trkpt>
      <trkpt lat="55.166807" lon="25.831838">
        <ele>169</ele>
      </trkpt>
      <trkpt lat="55.16681" lon="25.832337">
        <ele>169.36</ele>
      </trkpt>
      <trkpt lat="55.166794" lon="25.832637">
        <ele>170.01</ele>
      </trkpt>
      <trkpt lat="55.166671" lon="25.833559">
        <ele>169.16</ele>
      </trkpt>
      <trkpt lat="55.166547" lon="25.834482">
        <ele>161.73</ele>
      </trkpt>
      <trkpt lat="55.166523" lon="25.834697">
        <ele>159.81</ele>
      </trkpt>
      <trkpt lat="55.166507" lon="25.834948">
        <ele>156.44</ele>
      </trkpt>
      <trkpt lat="55.166514" lon="25.835558">
        <ele>153.25</ele>
      </trkpt>
      <trkpt lat="55.166512" lon="25.836901">
        <ele>152</ele>
      </trkpt>
      <trkpt lat="55.166521" lon="25.83706">
        <ele>151.44</ele>
      </trkpt>
      <trkpt lat="55.166557" lon="25.837234">
        <ele>152.22</ele>
      </trkpt>
      <trkpt lat="55.166606" lon="25.837383">
        <ele>153.17</ele>
      </trkpt>
      <trkpt lat="55.166805" lon="25.837912">
        <ele>154.43</ele>
      </trkpt>
      <trkpt lat="55.167081" lon="25.838645">
        <ele>146.97</ele>
      </trkpt>
      <trkpt lat="55.167173" lon="25.838874">
        <ele>146.94</ele>
      </trkpt>
      <trkpt lat="55.16683013702136" lon="25.839497026477392">
        <ele>146.93206336157672</ele>
      </trkpt>
      <trkpt lat="55.16683" lon="25.839497">
        <ele>146.93</ele>
      </trkpt>
      <trkpt lat="55.166741" lon="25.839659">
        <ele>146.93</ele>
      </trkpt>
      <trkpt lat="55.166525" lon="25.840051">
        <ele>150.42</ele>
      </trkpt>
      <trkpt lat="55.16638" lon="25.840257">
        <ele>154.26</ele>
      </trkpt>
      <trkpt lat="55.166155" lon="25.840543">
        <ele>161.2</ele>
      </trkpt>
      <trkpt lat="55.16593" lon="25.84083">
        <ele>165.68</ele>
      </trkpt>
      <trkpt lat="55.165029" lon="25.841975">
        <ele>167</ele>
      </trkpt>
      <trkpt lat="55.164804" lon="25.842262">
        <ele>163.83</ele>
      </trkpt>
      <trkpt lat="55.164528" lon="25.842666">
        <ele>162.83</ele>
      </trkpt>
      <trkpt lat="55.164304" lon="25.843081">
        <ele>163.57</ele>
      </trkpt>
      <trkpt lat="55.164055" lon="25.84361">
        <ele>164.1</ele>
      </trkpt>
      <trkpt lat="55.163907" lon="25.843993">
        <ele>160.04</ele>
      </trkpt>
      <trkpt lat="55.163768" lon="25.844417">
        <ele>149.35</ele>
      </trkpt>
      <trkpt lat="55.163629" lon="25.844841">
        <ele>146.21</ele>
      </trkpt>
      <trkpt lat="55.16335" lon="25.845688">
        <ele>149.94</ele>
      </trkpt>
      <trkpt lat="55.163204" lon="25.846069">
        <ele>152.36</ele>
      </trkpt>
      <trkpt lat="55.163011" lon="25.846494">
        <ele>157.85</ele>
      </trkpt>
      <trkpt lat="55.162817" lon="25.846918">
        <ele>158.47</ele>
      </trkpt>
      <trkpt lat="55.162484" lon="25.847633">
        <ele>155.51</ele>
      </trkpt>
      <trkpt lat="55.161818" lon="25.849063">
        <ele>161.91</ele>
      </trkpt>
      <trkpt lat="55.161554" lon="25.849631">
        <ele>162.65</ele>
      </trkpt>
      <trkpt lat="55.161532" lon="25.849709">
        <ele>162.46</ele>
      </trkpt>
      <trkpt lat="55.161532" lon="25.849709">
        <ele>162.46</ele>
      </trkpt>
      <trkpt lat="55.161479" lon="25.849902">
        <ele>161.99</ele>
      </trkpt>
      <trkpt lat="55.16144" lon="25.850191">
        <ele>160.5</ele>
      </trkpt>
      <trkpt lat="55.161443" lon="25.850763">
        <ele>162.48</ele>
      </trkpt>
      <trkpt lat="55.161523" lon="25.851442">
        <ele>168.68</ele>
      </trkpt>
      <trkpt lat="55.161437" lon="25.853009">
        <ele>163.44</ele>
      </trkpt>
      <trkpt lat="55.161387" lon="25.853918">
        <ele>166.73</ele>
      </trkpt>
      <trkpt lat="55.161337" lon="25.854821">
        <ele>167.99</ele>
      </trkpt>
      <trkpt lat="55.161262" lon="25.856191">
        <ele>167.78</ele>
      </trkpt>
      <trkpt lat="55.161219" lon="25.857053">
        <ele>169.98</ele>
      </trkpt>
      <trkpt lat="55.161177" lon="25.857915">
        <ele>168.01</ele>
      </trkpt>
      <trkpt lat="55.161132" lon="25.858838">
        <ele>170</ele>
      </trkpt>
      <trkpt lat="55.161109" lon="25.859299">
        <ele>168.69</ele>
      </trkpt>
      <trkpt lat="55.161064" lon="25.860222">
        <ele>169.89</ele>
      </trkpt>
      <trkpt lat="55.161019" lon="25.861145">
        <ele>169</ele>
      </trkpt>
      <trkpt lat="55.160951" lon="25.862529">
        <ele>173.55</ele>
      </trkpt>
      <trkpt lat="55.160884" lon="25.863913">
        <ele>174</ele>
      </trkpt>
      <trkpt lat="55.16085" lon="25.864593">
        <ele>172.04</ele>
      </trkpt>
      <trkpt lat="55.16085" lon="25.864593">
        <ele>172.04</ele>
      </trkpt>
      <trkpt lat="55.160816" lon="25.865297">
        <ele>170.02</ele>
      </trkpt>
      <trkpt lat="55.160726" lon="25.867142">
        <ele>171.68</ele>
      </trkpt>
      <trkpt lat="55.160206" lon="25.867034">
        <ele>174.08</ele>
      </trkpt>
      <trkpt lat="55.159686" lon="25.866926">
        <ele>172</ele>
      </trkpt>
      <trkpt lat="55.158906" lon="25.866764">
        <ele>171.61</ele>
      </trkpt>
      <trkpt lat="55.158733" lon="25.869677">
        <ele>170.97</ele>
      </trkpt>
      <trkpt lat="55.158733" lon="25.869677">
        <ele>170.97</ele>
      </trkpt>
      <trkpt lat="55.158733" lon="25.869677">
        <ele>170.97</ele>
      </trkpt>
      <trkpt lat="55.15865" lon="25.871091">
        <ele>174.19</ele>
      </trkpt>
      <trkpt lat="55.158593" lon="25.872053">
        <ele>168.84</ele>
      </trkpt>
      <trkpt lat="55.158507" lon="25.873495">
        <ele>170.26</ele>
      </trkpt>
      <trkpt lat="55.15845" lon="25.874457">
        <ele>166.84</ele>
      </trkpt>
      <trkpt lat="55.158182" lon="25.875064">
        <ele>170.13</ele>
      </trkpt>
      <trkpt lat="55.157798" lon="25.875837">
        <ele>174.82</ele>
      </trkpt>
      <trkpt lat="55.157606" lon="25.876223">
        <ele>174.92</ele>
      </trkpt>
      <trkpt lat="55.156981" lon="25.877038">
        <ele>173.54</ele>
      </trkpt>
      <trkpt lat="55.156526" lon="25.877659">
        <ele>170.72</ele>
      </trkpt>
      <trkpt lat="55.156366" lon="25.877923">
        <ele>167.61</ele>
      </trkpt>
      <trkpt lat="55.155873" lon="25.878725">
        <ele>166</ele>
      </trkpt>
      <trkpt lat="55.155717" lon="25.879175">
        <ele>164.11</ele>
      </trkpt>
      <trkpt lat="55.155404" lon="25.880074">
        <ele>164.84</ele>
      </trkpt>
      <trkpt lat="55.15511" lon="25.881072">
        <ele>163.13</ele>
      </trkpt>
      <trkpt lat="55.154897" lon="25.881523">
        <ele>163.67</ele>
      </trkpt>
      <trkpt lat="55.154683" lon="25.881975">
        <ele>162.21</ele>
      </trkpt>
      <trkpt lat="55.154343" lon="25.882765">
        <ele>163.63</ele>
      </trkpt>
      <trkpt lat="55.154117" lon="25.883769">
        <ele>165.96</ele>
      </trkpt>
      <trkpt lat="55.153924" lon="25.884766">
        <ele>166.29</ele>
      </trkpt>
      <trkpt lat="55.153828" lon="25.885264">
        <ele>168.2</ele>
      </trkpt>
      <trkpt lat="55.15363" lon="25.88614">
        <ele>165.22</ele>
      </trkpt>
      <trkpt lat="55.153479" lon="25.886993">
        <ele>160.29</ele>
      </trkpt>
      <trkpt lat="55.153404" lon="25.88742">
        <ele>159.58</ele>
      </trkpt>
      <trkpt lat="55.153331" lon="25.887903">
        <ele>158</ele>
      </trkpt>
      <trkpt lat="55.153185" lon="25.888869">
        <ele>161.4</ele>
      </trkpt>
      <trkpt lat="55.15306" lon="25.889897">
        <ele>160.69</ele>
      </trkpt>
      <trkpt lat="55.153056" lon="25.890568">
        <ele>158.72</ele>
      </trkpt>
      <trkpt lat="55.15311" lon="25.891064">
        <ele>159.18</ele>
      </trkpt>
      <trkpt lat="55.153071" lon="25.891378">
        <ele>161.56</ele>
      </trkpt>
      <trkpt lat="55.152899" lon="25.892011">
        <ele>170.4</ele>
      </trkpt>
      <trkpt lat="55.152775" lon="25.892497">
        <ele>173.54</ele>
      </trkpt>
      <trkpt lat="55.152651" lon="25.892983">
        <ele>174.15</ele>
      </trkpt>
      <trkpt lat="55.152565" lon="25.893498">
        <ele>173.28</ele>
      </trkpt>
      <trkpt lat="55.152533" lon="25.894709">
        <ele>171.96</ele>
      </trkpt>
      <trkpt lat="55.152562" lon="25.895325">
        <ele>170.55</ele>
      </trkpt>
      <trkpt lat="55.152562" lon="25.895325">
        <ele>170.55</ele>
      </trkpt>
      <trkpt lat="55.152601" lon="25.89617">
        <ele>168.62</ele>
      </trkpt>
      <trkpt lat="55.152795" lon="25.89718">
        <ele>170.61</ele>
      </trkpt>
      <trkpt lat="55.152956" lon="25.898453">
        <ele>170.93</ele>
      </trkpt>
      <trkpt lat="55.152931" lon="25.899009">
        <ele>169</ele>
      </trkpt>
      <trkpt lat="55.152906" lon="25.899564">
        <ele>170.49</ele>
      </trkpt>
      <trkpt lat="55.152863" lon="25.900122">
        <ele>168.86</ele>
      </trkpt>
      <trkpt lat="55.152648" lon="25.900809">
        <ele>166.07</ele>
      </trkpt>
      <trkpt lat="55.152445" lon="25.901155">
        <ele>164.47</ele>
      </trkpt>
      <trkpt lat="55.152243" lon="25.901502">
        <ele>165.52</ele>
      </trkpt>
      <trkpt lat="55.151902" lon="25.902029">
        <ele>172.18</ele>
      </trkpt>
      <trkpt lat="55.151736" lon="25.902361">
        <ele>172.52</ele>
      </trkpt>
      <trkpt lat="55.151404" lon="25.903026">
        <ele>168.66</ele>
      </trkpt>
      <trkpt lat="55.15114" lon="25.903422">
        <ele>167.5</ele>
      </trkpt>
      <trkpt lat="55.151262" lon="25.903511">
        <ele>167</ele>
      </trkpt>
      <trkpt lat="55.151737" lon="25.903759">
        <ele>166.15</ele>
      </trkpt>
      <trkpt lat="55.151974" lon="25.903883">
        <ele>164</ele>
      </trkpt>
      <trkpt lat="55.15245" lon="25.904232">
        <ele>164.65</ele>
      </trkpt>
      <trkpt lat="55.152709" lon="25.904456">
        <ele>164</ele>
      </trkpt>
      <trkpt lat="55.152971" lon="25.904785">
        <ele>163.83</ele>
      </trkpt>
      <trkpt lat="55.153342" lon="25.904985">
        <ele>161.5</ele>
      </trkpt>
      <trkpt lat="55.153728" lon="25.905245">
        <ele>160.49</ele>
      </trkpt>
      <trkpt lat="55.154118" lon="25.905534">
        <ele>164.86</ele>
      </trkpt>
      <trkpt lat="55.154359" lon="25.905539">
        <ele>165.89</ele>
      </trkpt>
      <trkpt lat="55.15476" lon="25.905186">
        <ele>162.55</ele>
      </trkpt>
      <trkpt lat="55.155118" lon="25.904993">
        <ele>164.2</ele>
      </trkpt>
      <trkpt lat="55.155399" lon="25.904923">
        <ele>164.33</ele>
      </trkpt>
      <trkpt lat="55.155764" lon="25.905106">
        <ele>162.64</ele>
      </trkpt>
      <trkpt lat="55.156007" lon="25.905364">
        <ele>162.02</ele>
      </trkpt>
      <trkpt lat="55.156417" lon="25.905918">
        <ele>165.16</ele>
      </trkpt>
      <trkpt lat="55.156595" lon="25.906404">
        <ele>165.72</ele>
      </trkpt>
      <trkpt lat="55.156733" lon="25.906556">
        <ele>165</ele>
      </trkpt>
      <trkpt lat="55.157072" lon="25.906781">
        <ele>165.85</ele>
      </trkpt>
      <trkpt lat="55.157679" lon="25.906977">
        <ele>168</ele>
      </trkpt>
      <trkpt lat="55.158021" lon="25.906972">
        <ele>167.06</ele>
      </trkpt>
      <trkpt lat="55.158438" lon="25.907217">
        <ele>165.32</ele>
      </trkpt>
      <trkpt lat="55.158982" lon="25.907538">
        <ele>167.91</ele>
      </trkpt>
      <trkpt lat="55.159257" lon="25.907634">
        <ele>170.13</ele>
      </trkpt>
      <trkpt lat="55.159809" lon="25.907825">
        <ele>171.23</ele>
      </trkpt>
      <trkpt lat="55.16037" lon="25.908265">
        <ele>173.86</ele>
      </trkpt>
      <trkpt lat="55.160621" lon="25.908649">
        <ele>173.74</ele>
      </trkpt>
      <trkpt lat="55.160921" lon="25.909633">
        <ele>171.45</ele>
      </trkpt>
      <trkpt lat="55.161113" lon="25.910141">
        <ele>172.52</ele>
      </trkpt>
      <trkpt lat="55.161331" lon="25.910449">
        <ele>172</ele>
      </trkpt>
      <trkpt lat="55.161534" lon="25.911498">
        <ele>171.46</ele>
      </trkpt>
      <trkpt lat="55.161687" lon="25.912794">
        <ele>165.89</ele>
      </trkpt>
      <trkpt lat="55.16179" lon="25.913659">
        <ele>168</ele>
      </trkpt>
      <trkpt lat="55.162059" lon="25.915193">
        <ele>169.07</ele>
      </trkpt>
      <trkpt lat="55.162271" lon="25.915996">
        <ele>171.05</ele>
      </trkpt>
      <trkpt lat="55.162404" lon="25.916855">
        <ele>168.66</ele>
      </trkpt>
      <trkpt lat="55.16247" lon="25.917348">
        <ele>167</ele>
      </trkpt>
      <trkpt lat="55.162548" lon="25.917816">
        <ele>165</ele>
      </trkpt>
      <trkpt lat="55.162635" lon="25.918519">
        <ele>165.85</ele>
      </trkpt>
      <trkpt lat="55.162666" lon="25.91908">
        <ele>167.07</ele>
      </trkpt>
      <trkpt lat="55.162674" lon="25.919629">
        <ele>168.04</ele>
      </trkpt>
      <trkpt lat="55.162646" lon="25.920056">
        <ele>168.23</ele>
      </trkpt>
      <trkpt lat="55.162513" lon="25.92086">
        <ele>172.04</ele>
      </trkpt>
      <trkpt lat="55.162389" lon="25.921586">
        <ele>169.19</ele>
      </trkpt>
      <trkpt lat="55.162384" lon="25.922066">
        <ele>167.96</ele>
      </trkpt>
      <trkpt lat="55.162394" lon="25.922718">
        <ele>164.17</ele>
      </trkpt>
      <trkpt lat="55.162492" lon="25.923195">
        <ele>163</ele>
      </trkpt>
      <trkpt lat="55.162688" lon="25.924148">
        <ele>163.71</ele>
      </trkpt>
      <trkpt lat="55.16309" lon="25.925967">
        <ele>161.39</ele>
      </trkpt>
      <trkpt lat="55.163327" lon="25.926637">
        <ele>167.42</ele>
      </trkpt>
      <trkpt lat="55.163626" lon="25.927799">
        <ele>170.64</ele>
      </trkpt>
      <trkpt lat="55.163759" lon="25.928192">
        <ele>168.61</ele>
      </trkpt>
      <trkpt lat="55.163935" lon="25.928472">
        <ele>167.02</ele>
      </trkpt>
      <trkpt lat="55.164146" lon="25.929842">
        <ele>163.87</ele>
      </trkpt>
      <trkpt lat="55.164422" lon="25.931604">
        <ele>165.56</ele>
      </trkpt>
      <trkpt lat="55.164557" lon="25.932451">
        <ele>161</ele>
      </trkpt>
      <trkpt lat="55.164693" lon="25.933299">
        <ele>162.11</ele>
      </trkpt>
      <trkpt lat="55.164811" lon="25.934299">
        <ele>166.18</ele>
      </trkpt>
      <trkpt lat="55.164889" lon="25.935152">
        <ele>168.39</ele>
      </trkpt>
      <trkpt lat="55.164916" lon="25.935585">
        <ele>169.65</ele>
      </trkpt>
      <trkpt lat="55.164969" lon="25.93645">
        <ele>167.66</ele>
      </trkpt>
      <trkpt lat="55.165013" lon="25.936893">
        <ele>165.04</ele>
      </trkpt>
      <trkpt lat="55.165145" lon="25.938221">
        <ele>167.7</ele>
      </trkpt>
      <trkpt lat="55.165277" lon="25.939548">
        <ele>160.03</ele>
      </trkpt>
      <trkpt lat="55.165419" lon="25.941458">
        <ele>151.83</ele>
      </trkpt>
      <trkpt lat="55.165418" lon="25.942083">
        <ele>149.81</ele>
      </trkpt>
      <trkpt lat="55.16538" lon="25.942702">
        <ele>148.31</ele>
      </trkpt>
      <trkpt lat="55.165306" lon="25.943176">
        <ele>149.78</ele>
      </trkpt>
      <trkpt lat="55.165222" lon="25.943575">
        <ele>152.18</ele>
      </trkpt>
      <trkpt lat="55.164665" lon="25.945388">
        <ele>154.58</ele>
      </trkpt>
      <trkpt lat="55.164492" lon="25.946109">
        <ele>153.82</ele>
      </trkpt>
      <trkpt lat="55.164412" lon="25.94671">
        <ele>148.09</ele>
      </trkpt>
      <trkpt lat="55.164377" lon="25.947341">
        <ele>143.49</ele>
      </trkpt>
      <trkpt lat="55.164386" lon="25.947847">
        <ele>142.58</ele>
      </trkpt>
      <trkpt lat="55.164518" lon="25.949942">
        <ele>146.04</ele>
      </trkpt>
      <trkpt lat="55.164551" lon="25.950417">
        <ele>148.88</ele>
      </trkpt>
      <trkpt lat="55.164583" lon="25.950891">
        <ele>149.63</ele>
      </trkpt>
      <trkpt lat="55.164714" lon="25.952789">
        <ele>144</ele>
      </trkpt>
      <trkpt lat="55.16485" lon="25.953796">
        <ele>146.3</ele>
      </trkpt>
      <trkpt lat="55.164928" lon="25.954261">
        <ele>148</ele>
      </trkpt>
      <trkpt lat="55.165623" lon="25.95844">
        <ele>146.61</ele>
      </trkpt>
      <trkpt lat="55.16617" lon="25.961722">
        <ele>148.87</ele>
      </trkpt>
      <trkpt lat="55.166336" lon="25.962713">
        <ele>151.84</ele>
      </trkpt>
      <trkpt lat="55.166486" lon="25.963613">
        <ele>148.43</ele>
      </trkpt>
      <trkpt lat="55.166787" lon="25.965411">
        <ele>149</ele>
      </trkpt>
      <trkpt lat="55.167163" lon="25.967658">
        <ele>145.9</ele>
      </trkpt>
      <trkpt lat="55.167355" lon="25.968621">
        <ele>146.94</ele>
      </trkpt>
      <trkpt lat="55.16746" lon="25.969049">
        <ele>148.34</ele>
      </trkpt>
      <trkpt lat="55.167773" lon="25.970333">
        <ele>148</ele>
      </trkpt>
      <trkpt lat="55.168302" lon="25.972377">
        <ele>151.11</ele>
      </trkpt>
      <trkpt lat="55.168514" lon="25.973194">
        <ele>158.72</ele>
      </trkpt>
      <trkpt lat="55.16862" lon="25.973603">
        <ele>160.67</ele>
      </trkpt>
      <trkpt lat="55.168735" lon="25.973933">
        <ele>160.4</ele>
      </trkpt>
      <trkpt lat="55.168882" lon="25.974257">
        <ele>159</ele>
      </trkpt>
      <trkpt lat="55.169599" lon="25.975569">
        <ele>152</ele>
      </trkpt>
      <trkpt lat="55.169801" lon="25.975982">
        <ele>152</ele>
      </trkpt>
      <trkpt lat="55.169972" lon="25.976374">
        <ele>150</ele>
      </trkpt>
      <trkpt lat="55.170484" lon="25.97755">
        <ele>148.24</ele>
      </trkpt>
      <trkpt lat="55.171113" lon="25.979265">
        <ele>153.95</ele>
      </trkpt>
      <trkpt lat="55.171191" lon="25.979518">
        <ele>153.38</ele>
      </trkpt>
      <trkpt lat="55.17125" lon="25.979801">
        <ele>153.55</ele>
      </trkpt>
      <trkpt lat="55.171304" lon="25.980297">
        <ele>154.01</ele>
      </trkpt>
      <trkpt lat="55.171393" lon="25.981413">
        <ele>149</ele>
      </trkpt>
      <trkpt lat="55.171492" lon="25.982398">
        <ele>142.11</ele>
      </trkpt>
      <trkpt lat="55.17156" lon="25.983091">
        <ele>139.09</ele>
      </trkpt>
      <trkpt lat="55.171718" lon="25.984761">
        <ele>138.44</ele>
      </trkpt>
      <trkpt lat="55.171752" lon="25.98539">
        <ele>136.43</ele>
      </trkpt>
      <trkpt lat="55.171746" lon="25.985788">
        <ele>135</ele>
      </trkpt>
      <trkpt lat="55.171708" lon="25.986051">
        <ele>134</ele>
      </trkpt>
      <trkpt lat="55.171598" lon="25.986842">
        <ele>135.65</ele>
      </trkpt>
      <trkpt lat="55.171361" lon="25.988006">
        <ele>140.58</ele>
      </trkpt>
      <trkpt lat="55.171297" lon="25.988277">
        <ele>140</ele>
      </trkpt>
      <trkpt lat="55.171212" lon="25.988558">
        <ele>140</ele>
      </trkpt>
      <trkpt lat="55.171115" lon="25.988796">
        <ele>140.02</ele>
      </trkpt>
      <trkpt lat="55.171017" lon="25.988985">
        <ele>140.07</ele>
      </trkpt>
      <trkpt lat="55.170657" lon="25.989498">
        <ele>138</ele>
      </trkpt>
      <trkpt lat="55.170615" lon="25.989617">
        <ele>138</ele>
      </trkpt>
      <trkpt lat="55.170581" lon="25.989844">
        <ele>137</ele>
      </trkpt>
      <trkpt lat="55.1705" lon="25.990572">
        <ele>136.87</ele>
      </trkpt>
      <trkpt lat="55.170319" lon="25.991828">
        <ele>144.64</ele>
      </trkpt>
      <trkpt lat="55.170205" lon="25.992637">
        <ele>145.53</ele>
      </trkpt>
      <trkpt lat="55.170115" lon="25.993178">
        <ele>145.49</ele>
      </trkpt>
      <trkpt lat="55.169814" lon="25.994658">
        <ele>147.08</ele>
      </trkpt>
      <trkpt lat="55.16977" lon="25.995027">
        <ele>148</ele>
      </trkpt>
      <trkpt lat="55.169666" lon="25.996436">
        <ele>151</ele>
      </trkpt>
      <trkpt lat="55.16963" lon="25.996644">
        <ele>151</ele>
      </trkpt>
      <trkpt lat="55.169585" lon="25.996776">
        <ele>151</ele>
      </trkpt>
      <trkpt lat="55.169398" lon="25.9972">
        <ele>151.93</ele>
      </trkpt>
      <trkpt lat="55.169365" lon="25.997316">
        <ele>152.55</ele>
      </trkpt>
      <trkpt lat="55.169339" lon="25.997504">
        <ele>152.95</ele>
      </trkpt>
      <trkpt lat="55.169339" lon="25.997504">
        <ele>152.94</ele>
      </trkpt>
      <trkpt lat="55.169335" lon="25.997531">
        <ele>153</ele>
      </trkpt>
      <trkpt lat="55.169087" lon="25.997476">
        <ele>153.27</ele>
      </trkpt>
      <trkpt lat="55.168746" lon="25.997421">
        <ele>155</ele>
      </trkpt>
      <trkpt lat="55.168113" lon="25.99734">
        <ele>155</ele>
      </trkpt>
      <trkpt lat="55.167483" lon="25.997166">
        <ele>155</ele>
      </trkpt>
      <trkpt lat="55.165825" lon="25.996748">
        <ele>156</ele>
      </trkpt>
      <trkpt lat="55.165701" lon="25.997852">
        <ele>157</ele>
      </trkpt>
      <trkpt lat="55.165573" lon="25.999138">
        <ele>158</ele>
      </trkpt>
      <trkpt lat="55.165548" lon="25.999274">
        <ele>158</ele>
      </trkpt>
      <trkpt lat="55.165517" lon="25.999394">
        <ele>158.05</ele>
      </trkpt>
      <trkpt lat="55.165057" lon="26.000843">
        <ele>163</ele>
      </trkpt>
      <trkpt lat="55.164827" lon="26.001646">
        <ele>163.5</ele>
      </trkpt>
      <trkpt lat="55.164827" lon="26.001646">
        <ele>163.5</ele>
      </trkpt>
      <trkpt lat="55.164557" lon="26.002632">
        <ele>165</ele>
      </trkpt>
      <trkpt lat="55.164864" lon="26.002871">
        <ele>165.85</ele>
      </trkpt>
      <trkpt lat="55.16509" lon="26.003074">
        <ele>165.94</ele>
      </trkpt>
      <trkpt lat="55.165214" lon="26.003186">
        <ele>166</ele>
      </trkpt>
      <trkpt lat="55.165928" lon="26.0039">
        <ele>166</ele>
      </trkpt>
      <trkpt lat="55.165951" lon="26.003861">
        <ele>166</ele>
      </trkpt>
      <trkpt lat="55.166919" lon="26.00494">
        <ele>165.44</ele>
      </trkpt>
      <trkpt lat="55.166919" lon="26.00494">
        <ele>165.44</ele>
      </trkpt>
      <trkpt lat="55.166919" lon="26.00494">
        <ele>165.44</ele>
      </trkpt>
      <trkpt lat="55.167394" lon="26.005472">
        <ele>162.99</ele>
      </trkpt>
      <trkpt lat="55.167478" lon="26.005189">
        <ele>162</ele>
      </trkpt>
      <trkpt lat="55.16767" lon="26.004701">
        <ele>162</ele>
      </trkpt>
      <trkpt lat="55.168054" lon="26.00371">
        <ele>159</ele>
      </trkpt>
      <trkpt lat="55.168564" lon="26.003985">
        <ele>161</ele>
      </trkpt>
      <trkpt lat="55.168664" lon="26.003435">
        <ele>159.11</ele>
      </trkpt>
      <trkpt lat="55.168718" lon="26.00335">
        <ele>158.63</ele>
      </trkpt>
      <trkpt lat="55.168802" lon="26.003332">
        <ele>158.53</ele>
      </trkpt>
      <trkpt lat="55.168978" lon="26.003317">
        <ele>158.32</ele>
      </trkpt>
      <trkpt lat="55.168941" lon="26.002865">
        <ele>157.81</ele>
      </trkpt>
      <trkpt lat="55.168924" lon="26.002522">
        <ele>156</ele>
      </trkpt>
      <trkpt lat="55.168917" lon="26.002072">
        <ele>155</ele>
      </trkpt>
      <trkpt lat="55.170006" lon="26.003019">
        <ele>161</ele>
      </trkpt>
      <trkpt lat="55.17044" lon="26.003382">
        <ele>162</ele>
      </trkpt>
      <trkpt lat="55.170872" lon="26.003989">
        <ele>161.26</ele>
      </trkpt>
      <trkpt lat="55.170937" lon="26.004067">
        <ele>160.8</ele>
      </trkpt>
      <trkpt lat="55.171065" lon="26.004102">
        <ele>159.44</ele>
      </trkpt>
      <trkpt lat="55.171412" lon="26.003966">
        <ele>155.61</ele>
      </trkpt>
      <trkpt lat="55.171877" lon="26.003689">
        <ele>148.57</ele>
      </trkpt>
      <trkpt lat="55.171967" lon="26.003662">
        <ele>147.4</ele>
      </trkpt>
      <trkpt lat="55.17205" lon="26.003676">
        <ele>147</ele>
      </trkpt>
      <trkpt lat="55.17211" lon="26.003702">
        <ele>147</ele>
      </trkpt>
      <trkpt lat="55.172392" lon="26.003957">
        <ele>147</ele>
      </trkpt>
      <trkpt lat="55.172631" lon="26.00414">
        <ele>148.74</ele>
      </trkpt>
      <trkpt lat="55.172631" lon="26.00414">
        <ele>148.74</ele>
      </trkpt>
      <trkpt lat="55.172784" lon="26.004256">
        <ele>151.01</ele>
      </trkpt>
      <trkpt lat="55.172874" lon="26.00434">
        <ele>154.12</ele>
      </trkpt>
      <trkpt lat="55.173218" lon="26.004523">
        <ele>159.15</ele>
      </trkpt>
      <trkpt lat="55.173777" lon="26.003885">
        <ele>158</ele>
      </trkpt>
      <trkpt lat="55.174016" lon="26.003631">
        <ele>160.05</ele>
      </trkpt>
      <trkpt lat="55.174569" lon="26.003032">
        <ele>171.54</ele>
      </trkpt>
      <trkpt lat="55.174856" lon="26.002742">
        <ele>164.84</ele>
      </trkpt>
      <trkpt lat="55.175134" lon="26.002467">
        <ele>162</ele>
      </trkpt>
      <trkpt lat="55.175292" lon="26.002284">
        <ele>162.83</ele>
      </trkpt>
      <trkpt lat="55.175679" lon="26.001748">
        <ele>165</ele>
      </trkpt>
      <trkpt lat="55.175444" lon="26.000321">
        <ele>167.25</ele>
      </trkpt>
      <trkpt lat="55.1753" lon="25.999447">
        <ele>165.32</ele>
      </trkpt>
      <trkpt lat="55.175132" lon="25.998564">
        <ele>159.8</ele>
      </trkpt>
      <trkpt lat="55.175135" lon="25.998407">
        <ele>159</ele>
      </trkpt>
      <trkpt lat="55.175153" lon="25.998299">
        <ele>159</ele>
      </trkpt>
      <trkpt lat="55.17522" lon="25.998325">
        <ele>159</ele>
      </trkpt>
      <trkpt lat="55.175292" lon="25.998334">
        <ele>159.28</ele>
      </trkpt>
      <trkpt lat="55.175437" lon="25.99832">
        <ele>159.46</ele>
      </trkpt>
      <trkpt lat="55.175566" lon="25.998254">
        <ele>160.39</ele>
      </trkpt>
      <trkpt lat="55.175689" lon="25.998142">
        <ele>161.21</ele>
      </trkpt>
      <trkpt lat="55.17574" lon="25.998078">
        <ele>161.29</ele>
      </trkpt>
      <trkpt lat="55.175854" lon="25.997872">
        <ele>160.82</ele>
      </trkpt>
      <trkpt lat="55.175926" lon="25.997708">
        <ele>158.7</ele>
      </trkpt>
      <trkpt lat="55.176035" lon="25.997405">
        <ele>155.13</ele>
      </trkpt>
      <trkpt lat="55.176111" lon="25.997225">
        <ele>153.04</ele>
      </trkpt>
      <trkpt lat="55.176169" lon="25.99712">
        <ele>152.41</ele>
      </trkpt>
      <trkpt lat="55.176342" lon="25.996884">
        <ele>152</ele>
      </trkpt>
      <trkpt lat="55.176556" lon="25.996614">
        <ele>152</ele>
      </trkpt>
      <trkpt lat="55.176655" lon="25.996524">
        <ele>152</ele>
      </trkpt>
      <trkpt lat="55.176815" lon="25.996424">
        <ele>152</ele>
      </trkpt>
      <trkpt lat="55.176935" lon="25.996378">
        <ele>152.29</ele>
      </trkpt>
      <trkpt lat="55.177063" lon="25.996369">
        <ele>152.95</ele>
      </trkpt>
      <trkpt lat="55.177221" lon="25.996388">
        <ele>153.84</ele>
      </trkpt>
      <trkpt lat="55.177767" lon="25.996504">
        <ele>155.17</ele>
      </trkpt>
      <trkpt lat="55.178341" lon="25.996624">
        <ele>150.7</ele>
      </trkpt>
      <trkpt lat="55.178646" lon="25.996687">
        <ele>149.9</ele>
      </trkpt>
      <trkpt lat="55.178901" lon="25.996712">
        <ele>150</ele>
      </trkpt>
      <trkpt lat="55.179133" lon="25.996698">
        <ele>150.96</ele>
      </trkpt>
      <trkpt lat="55.179644" lon="25.996614">
        <ele>148.1</ele>
      </trkpt>
      <trkpt lat="55.180163" lon="25.996533">
        <ele>150.19</ele>
      </trkpt>
      <trkpt lat="55.180683" lon="25.996452">
        <ele>160.13</ele>
      </trkpt>
      <trkpt lat="55.180942" lon="25.996411">
        <ele>162.83</ele>
      </trkpt>
      <trkpt lat="55.182501" lon="25.996169">
        <ele>169.24</ele>
      </trkpt>
      <trkpt lat="55.184057" lon="25.995919">
        <ele>168.78</ele>
      </trkpt>
      <trkpt lat="55.184576" lon="25.995833">
        <ele>171.08</ele>
      </trkpt>
      <trkpt lat="55.185353" lon="25.995705">
        <ele>168.45</ele>
      </trkpt>
      <trkpt lat="55.186131" lon="25.995577">
        <ele>171.25</ele>
      </trkpt>
      <trkpt lat="55.186668" lon="25.995489">
        <ele>168.3</ele>
      </trkpt>
      <trkpt lat="55.188616" lon="25.995172">
        <ele>175.74</ele>
      </trkpt>
      <trkpt lat="55.188894" lon="25.995127">
        <ele>175.51</ele>
      </trkpt>
      <trkpt lat="55.18945" lon="25.995037">
        <ele>168.34</ele>
      </trkpt>
      <trkpt lat="55.189626" lon="25.995007">
        <ele>168.23</ele>
      </trkpt>
      <trkpt lat="55.189904" lon="25.99496">
        <ele>172.68</ele>
      </trkpt>
      <trkpt lat="55.190181" lon="25.994913">
        <ele>174.97</ele>
      </trkpt>
      <trkpt lat="55.191071078904734" lon="25.994761870279778">
        <ele>173.32510743117632</ele>
      </trkpt>
      <trkpt lat="55.191071078904734" lon="25.994761870279778">
        <ele>172.89799086913052</ele>
      </trkpt>
      <trkpt lat="55.19129689485214" lon="25.995443054113466">
        <ele>167.24372084742262</ele>
      </trkpt>
      <trkpt lat="55.191425662822354" lon="25.995831488414126">
        <ele>160.4841807364719</ele>
      </trkpt>
      <trkpt lat="55.191425662822354" lon="25.995831488414126">
        <ele>160.4841807364719</ele>
      </trkpt>
      <trkpt lat="55.191874479472844" lon="25.995879731932888">
        <ele>165.64988642631812</ele>
      </trkpt>
      <trkpt lat="55.19232329612334" lon="25.995927975451654">
        <ele>168.2304535470903</ele>
      </trkpt>
      <trkpt lat="55.19277211277383" lon="25.995976218970416">
        <ele>165.1764663632153</ele>
      </trkpt>
      <trkpt lat="55.19322092942432" lon="25.996024462489178">
        <ele>163.8218646935594</ele>
      </trkpt>
      <trkpt lat="55.19366974607482" lon="25.99607270600794">
        <ele>164.1846066166315</ele>
      </trkpt>
      <trkpt lat="55.19411856272531" lon="25.996120949526706">
        <ele>164.1654542417964</ele>
      </trkpt>
      <trkpt lat="55.194567379375805" lon="25.996169193045468">
        <ele>164.74689069617307</ele>
      </trkpt>
      <trkpt lat="55.195016196026295" lon="25.99621743656423">
        <ele>163.92138735274784</ele>
      </trkpt>
      <trkpt lat="55.195465012676785" lon="25.996265680082992">
        <ele>170.73187500541098</ele>
      </trkpt>
      <trkpt lat="55.19591382932728" lon="25.996313923601758">
        <ele>167.08095771807712</ele>
      </trkpt>
      <trkpt lat="55.19636264597777" lon="25.99636216712052">
        <ele>164.90257283340907</ele>
      </trkpt>
      <trkpt lat="55.19681146262826" lon="25.99641041063928">
        <ele>166.34647111731041</ele>
      </trkpt>
      <trkpt lat="55.19726027927876" lon="25.996458654158044">
        <ele>169.75679720665954</ele>
      </trkpt>
      <trkpt lat="55.19770909592925" lon="25.99650689767681">
        <ele>171.45369157424173</ele>
      </trkpt>
      <trkpt lat="55.19815791257974" lon="25.99655514119557">
        <ele>171.25101696862558</ele>
      </trkpt>
      <trkpt lat="55.198606729230235" lon="25.996603384714334">
        <ele>162.78957072558114</ele>
      </trkpt>
      <trkpt lat="55.199055545880725" lon="25.996651628233096">
        <ele>162.58820252278161</ele>
      </trkpt>
      <trkpt lat="55.19950436253122" lon="25.99669987175186">
        <ele>164.50199075474785</ele>
      </trkpt>
      <trkpt lat="55.19995317918171" lon="25.996748115270623">
        <ele>168.40034474736396</ele>
      </trkpt>
      <trkpt lat="55.2004019958322" lon="25.996796358789386">
        <ele>164.39081208152675</ele>
      </trkpt>
      <trkpt lat="55.2008508124827" lon="25.996844602308148">
        <ele>163.30749211274087</ele>
      </trkpt>
      <trkpt lat="55.20129962913319" lon="25.996892845826913">
        <ele>161.784044691145</ele>
      </trkpt>
      <trkpt lat="55.20174844578368" lon="25.996941089345675">
        <ele>158.59501989872658</ele>
      </trkpt>
      <trkpt lat="55.202197262434176" lon="25.996989332864437">
        <ele>156.07704267687342</ele>
      </trkpt>
      <trkpt lat="55.202646079084666" lon="25.9970375763832">
        <ele>157.01594958471244</ele>
      </trkpt>
      <trkpt lat="55.203094895735155" lon="25.997085819901965">
        <ele>155.88187488843687</ele>
      </trkpt>
      <trkpt lat="55.20354371238565" lon="25.997134063420727">
        <ele>154.64124357071705</ele>
      </trkpt>
      <trkpt lat="55.20399252903614" lon="25.99718230693949">
        <ele>153.58131743199192</ele>
      </trkpt>
      <trkpt lat="55.20444134568664" lon="25.99723055045825">
        <ele>154.4135649043019</ele>
      </trkpt>
      <trkpt lat="55.20489016233713" lon="25.997278793977017">
        <ele>153.5901652495865</ele>
      </trkpt>
      <trkpt lat="55.20533897898762" lon="25.99732703749578">
        <ele>153.70332130324095</ele>
      </trkpt>
      <trkpt lat="55.205787795638116" lon="25.99737528101454">
        <ele>154.9575084706363</ele>
      </trkpt>
      <trkpt lat="55.206236612288606" lon="25.997423524533307">
        <ele>155.33431672922887</ele>
      </trkpt>
      <trkpt lat="55.206685428939096" lon="25.99747176805207">
        <ele>154.1248796026921</ele>
      </trkpt>
      <trkpt lat="55.20713424558959" lon="25.99752001157083">
        <ele>155.37652771238444</ele>
      </trkpt>
      <trkpt lat="55.20758306224008" lon="25.997568255089593">
        <ele>155.4773791054638</ele>
      </trkpt>
      <trkpt lat="55.20803187889057" lon="25.99761649860836">
        <ele>154.52961877619802</ele>
      </trkpt>
      <trkpt lat="55.20848069554107" lon="25.99766474212712">
        <ele>155.48389135079924</ele>
      </trkpt>
      <trkpt lat="55.20892951219156" lon="25.997712985645883">
        <ele>156.79334195856347</ele>
      </trkpt>
      <trkpt lat="55.20937832884206" lon="25.997761229164645">
        <ele>157.46799620147794</ele>
      </trkpt>
      <trkpt lat="55.20982714549255" lon="25.99780947268341">
        <ele>156.23369160003494</ele>
      </trkpt>
      <trkpt lat="55.21027596214304" lon="25.997857716202173">
        <ele>156.52547726151533</ele>
      </trkpt>
      <trkpt lat="55.210724778793534" lon="25.997905959720935">
        <ele>156.71442978123056</ele>
      </trkpt>
      <trkpt lat="55.21117359544402" lon="25.997954203239697">
        <ele>154.96992606588174</ele>
      </trkpt>
      <trkpt lat="55.21162241209451" lon="25.998002446758463">
        <ele>153.90237355118896</ele>
      </trkpt>
      <trkpt lat="55.21207122874501" lon="25.998050690277225">
        <ele>153.1660172316876</ele>
      </trkpt>
      <trkpt lat="55.2125200453955" lon="25.998098933795987">
        <ele>151.8920171631696</ele>
      </trkpt>
      <trkpt lat="55.21296886204599" lon="25.99814717731475">
        <ele>147.79360585607355</ele>
      </trkpt>
      <trkpt lat="55.21341767869649" lon="25.998195420833515">
        <ele>148.7423196536838</ele>
      </trkpt>
      <trkpt lat="55.21386649534698" lon="25.998243664352277">
        <ele>162.45356144083433</ele>
      </trkpt>
      <trkpt lat="55.214315311997474" lon="25.99829190787104">
        <ele>172.48935321177137</ele>
      </trkpt>
      <trkpt lat="55.214764128647964" lon="25.9983401513898">
        <ele>171.85463412082754</ele>
      </trkpt>
      <trkpt lat="55.215212945298454" lon="25.998388394908567">
        <ele>171.1736227562069</ele>
      </trkpt>
      <trkpt lat="55.21566176194895" lon="25.99843663842733">
        <ele>161.41694246521848</ele>
      </trkpt>
      <trkpt lat="55.21611057859944" lon="25.99848488194609">
        <ele>151.52735942322758</ele>
      </trkpt>
      <trkpt lat="55.21655939524993" lon="25.998533125464853">
        <ele>149.29934835979805</ele>
      </trkpt>
      <trkpt lat="55.21700821190043" lon="25.99858136898362">
        <ele>148.32792518294985</ele>
      </trkpt>
      <trkpt lat="55.21745702855092" lon="25.99862961250238">
        <ele>148.51558848569056</ele>
      </trkpt>
      <trkpt lat="55.21790584520141" lon="25.998677856021143">
        <ele>146.58227223705035</ele>
      </trkpt>
      <trkpt lat="55.21830838029706" lon="25.9987211247132">
        <ele>146.20035783958156</ele>
      </trkpt>
      <trkpt lat="55.21830838029706" lon="25.9987211247132">
        <ele>146.20035783958156</ele>
      </trkpt>
      <trkpt lat="55.218527367434" lon="25.99803266068184">
        <ele>160.77158311859262</ele>
      </trkpt>
      <trkpt lat="55.21874635457094" lon="25.997344196650484">
        <ele>157.68308119087084</ele>
      </trkpt>
      <trkpt lat="55.21880969072345" lon="25.997145076905383">
        <ele>156.57203551718976</ele>
      </trkpt>
      <trkpt lat="55.218809" lon="25.997181">
        <ele>156.95</ele>
      </trkpt>
      <trkpt lat="55.219188" lon="25.997187">
        <ele>152.25</ele>
      </trkpt>
      <trkpt lat="55.219743" lon="25.997196">
        <ele>150.85</ele>
      </trkpt>
      <trkpt lat="55.220507" lon="25.997181">
        <ele>155.35</ele>
      </trkpt>
      <trkpt lat="55.22085" lon="25.997132">
        <ele>157.17</ele>
      </trkpt>
      <trkpt lat="55.221213" lon="25.99704">
        <ele>161.33</ele>
      </trkpt>
      <trkpt lat="55.221555" lon="25.996907">
        <ele>165.05</ele>
      </trkpt>
      <trkpt lat="55.221888" lon="25.996737">
        <ele>170.54</ele>
      </trkpt>
      <trkpt lat="55.222168" lon="25.996575">
        <ele>173.79</ele>
      </trkpt>
      <trkpt lat="55.222593" lon="25.996289">
        <ele>174</ele>
      </trkpt>
      <trkpt lat="55.224466" lon="25.995007">
        <ele>169</ele>
      </trkpt>
      <trkpt lat="55.225253" lon="25.994467">
        <ele>175.56</ele>
      </trkpt>
      <trkpt lat="55.226041" lon="25.993927">
        <ele>176.85</ele>
      </trkpt>
      <trkpt lat="55.226566" lon="25.993567">
        <ele>172.05</ele>
      </trkpt>
      <trkpt lat="55.227077" lon="25.993217">
        <ele>173</ele>
      </trkpt>
      <trkpt lat="55.227575" lon="25.992877">
        <ele>170.26</ele>
      </trkpt>
      <trkpt lat="55.228074" lon="25.992537">
        <ele>172.16</ele>
      </trkpt>
      <trkpt lat="55.228323" lon="25.992368">
        <ele>170.14</ele>
      </trkpt>
      <trkpt lat="55.229071" lon="25.991858">
        <ele>155.88</ele>
      </trkpt>
      <trkpt lat="55.230285" lon="25.991028">
        <ele>167.01</ele>
      </trkpt>
      <trkpt lat="55.230533" lon="25.990858">
        <ele>167.61</ele>
      </trkpt>
      <trkpt lat="55.231051" lon="25.990501">
        <ele>164</ele>
      </trkpt>
      <trkpt lat="55.231721" lon="25.990041">
        <ele>168.34</ele>
      </trkpt>
      <trkpt lat="55.232172" lon="25.989734">
        <ele>169.47</ele>
      </trkpt>
      <trkpt lat="55.232427" lon="25.989559">
        <ele>166.75</ele>
      </trkpt>
      <trkpt lat="55.232936" lon="25.989209">
        <ele>152.51</ele>
      </trkpt>
      <trkpt lat="55.233191" lon="25.989034">
        <ele>147.6</ele>
      </trkpt>
      <trkpt lat="55.233444" lon="25.988863">
        <ele>148.73</ele>
      </trkpt>
      <trkpt lat="55.233946" lon="25.98852">
        <ele>163.67</ele>
      </trkpt>
      <trkpt lat="55.234197" lon="25.988348">
        <ele>164</ele>
      </trkpt>
      <trkpt lat="55.236439" lon="25.986806">
        <ele>150.61</ele>
      </trkpt>
      <trkpt lat="55.236968" lon="25.986445">
        <ele>150.04</ele>
      </trkpt>
      <trkpt lat="55.237761" lon="25.985902">
        <ele>145.45</ele>
      </trkpt>
      <trkpt lat="55.23795739487563" lon="25.98577911905322">
        <ele>145.13340709147573</ele>
      </trkpt>
      <trkpt lat="55.237957" lon="25.985779">
        <ele>145.13</ele>
      </trkpt>
      <trkpt lat="55.238127" lon="25.985673">
        <ele>144.86</ele>
      </trkpt>
      <trkpt lat="55.238141" lon="25.985769">
        <ele>145.4</ele>
      </trkpt>
      <trkpt lat="55.238153" lon="25.985944">
        <ele>146.43</ele>
      </trkpt>
      <trkpt lat="55.238147" lon="25.986064">
        <ele>147.13</ele>
      </trkpt>
      <trkpt lat="55.238121" lon="25.986164">
        <ele>147.71</ele>
      </trkpt>
      <trkpt lat="55.237813" lon="25.986939">
        <ele>153.54</ele>
      </trkpt>
      <trkpt lat="55.237505" lon="25.987715">
        <ele>151.46</ele>
      </trkpt>
      <trkpt lat="55.23735" lon="25.988103">
        <ele>152.02</ele>
      </trkpt>
      <trkpt lat="55.237373" lon="25.98814">
        <ele>152.03</ele>
      </trkpt>
      <trkpt lat="55.237384" lon="25.98821">
        <ele>152.15</ele>
      </trkpt>
      <trkpt lat="55.237339" lon="25.988563">
        <ele>153.97</ele>
      </trkpt>
      <trkpt lat="55.237278" lon="25.988844">
        <ele>155.92</ele>
      </trkpt>
      <trkpt lat="55.237253" lon="25.989277">
        <ele>158.64</ele>
      </trkpt>
      <trkpt lat="55.236807" lon="25.990056">
        <ele>148.41</ele>
      </trkpt>
      <trkpt lat="55.23661" lon="25.990397">
        <ele>148.65</ele>
      </trkpt>
      <trkpt lat="55.236533" lon="25.990781">
        <ele>146.51</ele>
      </trkpt>
      <trkpt lat="55.236417" lon="25.991229">
        <ele>146.95</ele>
      </trkpt>
      <trkpt lat="55.236341" lon="25.991587">
        <ele>151.64</ele>
      </trkpt>
      <trkpt lat="55.236215" lon="25.991884">
        <ele>157.32</ele>
      </trkpt>
      <trkpt lat="55.236073" lon="25.992566">
        <ele>162.93</ele>
      </trkpt>
      <trkpt lat="55.236036" lon="25.993171">
        <ele>167.96</ele>
      </trkpt>
      <trkpt lat="55.23606" lon="25.993608">
        <ele>169.74</ele>
      </trkpt>
      <trkpt lat="55.236147" lon="25.994097">
        <ele>168</ele>
      </trkpt>
      <trkpt lat="55.236497" lon="25.994801">
        <ele>166.01</ele>
      </trkpt>
      <trkpt lat="55.236823" lon="25.994758">
        <ele>167.32</ele>
      </trkpt>
      <trkpt lat="55.237149" lon="25.994715">
        <ele>163.67</ele>
      </trkpt>
      <trkpt lat="55.237573" lon="25.995105">
        <ele>164.1</ele>
      </trkpt>
      <trkpt lat="55.237573" lon="25.995105">
        <ele>164.1</ele>
      </trkpt>
      <trkpt lat="55.237911" lon="25.995434">
        <ele>163.58</ele>
      </trkpt>
      <trkpt lat="55.238131" lon="25.995654">
        <ele>160.1</ele>
      </trkpt>
      <trkpt lat="55.238367" lon="25.996036">
        <ele>158.78</ele>
      </trkpt>
      <trkpt lat="55.238603" lon="25.996417">
        <ele>162.41</ele>
      </trkpt>
      <trkpt lat="55.238975" lon="25.996767">
        <ele>163.65</ele>
      </trkpt>
      <trkpt lat="55.239149" lon="25.997006">
        <ele>166.51</ele>
      </trkpt>
      <trkpt lat="55.239343" lon="25.997339">
        <ele>169.41</ele>
      </trkpt>
      <trkpt lat="55.239536" lon="25.997673">
        <ele>170.06</ele>
      </trkpt>
      <trkpt lat="55.239724" lon="25.998119">
        <ele>171.91</ele>
      </trkpt>
      <trkpt lat="55.239879" lon="25.998799">
        <ele>171</ele>
      </trkpt>
      <trkpt lat="55.239876" lon="25.999271">
        <ele>172.26</ele>
      </trkpt>
      <trkpt lat="55.239975" lon="25.999776">
        <ele>173.28</ele>
      </trkpt>
      <trkpt lat="55.239861" lon="26.000371">
        <ele>174.18</ele>
      </trkpt>
      <trkpt lat="55.239846" lon="26.00076">
        <ele>170.13</ele>
      </trkpt>
      <trkpt lat="55.239809" lon="26.000947">
        <ele>166.35</ele>
      </trkpt>
      <trkpt lat="55.239865" lon="26.001216">
        <ele>160.22</ele>
      </trkpt>
      <trkpt lat="55.240122" lon="26.000942">
        <ele>164.94</ele>
      </trkpt>
      <trkpt lat="55.240379" lon="26.000667">
        <ele>167.11</ele>
      </trkpt>
      <trkpt lat="55.240741" lon="26.000541">
        <ele>167.22</ele>
      </trkpt>
      <trkpt lat="55.240741" lon="26.000541">
        <ele>167.22</ele>
      </trkpt>
      <trkpt lat="55.240907" lon="26.000459">
        <ele>165.49</ele>
      </trkpt>
      <trkpt lat="55.241139" lon="26.000392">
        <ele>158.07</ele>
      </trkpt>
      <trkpt lat="55.241423" lon="26.000627">
        <ele>150.5</ele>
      </trkpt>
      <trkpt lat="55.241707" lon="26.000862">
        <ele>149.62</ele>
      </trkpt>
      <trkpt lat="55.241991" lon="26.001098">
        <ele>153.61</ele>
      </trkpt>
      <trkpt lat="55.242377" lon="26.001307">
        <ele>154.39</ele>
      </trkpt>
      <trkpt lat="55.242853" lon="26.00153">
        <ele>154.98</ele>
      </trkpt>
      <trkpt lat="55.243484" lon="26.0021">
        <ele>152.28</ele>
      </trkpt>
      <trkpt lat="55.243694" lon="26.00229">
        <ele>154.69</ele>
      </trkpt>
      <trkpt lat="55.244389" lon="26.002782">
        <ele>164.01</ele>
      </trkpt>
      <trkpt lat="55.245062" lon="26.002887">
        <ele>166.48</ele>
      </trkpt>
      <trkpt lat="55.245852" lon="26.003164">
        <ele>174</ele>
      </trkpt>
      <trkpt lat="55.246115" lon="26.003257">
        <ele>173.65</ele>
      </trkpt>
      <trkpt lat="55.246373" lon="26.003407">
        <ele>172.12</ele>
      </trkpt>
      <trkpt lat="55.246889" lon="26.003709">
        <ele>172.46</ele>
      </trkpt>
      <trkpt lat="55.247436" lon="26.004028">
        <ele>176.32</ele>
      </trkpt>
      <trkpt lat="55.248258" lon="26.004507">
        <ele>174.64</ele>
      </trkpt>
      <trkpt lat="55.24855" lon="26.004553">
        <ele>175</ele>
      </trkpt>
      <trkpt lat="55.248695" lon="26.004501">
        <ele>175</ele>
      </trkpt>
      <trkpt lat="55.2488" lon="26.004346">
        <ele>174.43</ele>
      </trkpt>
      <trkpt lat="55.248862" lon="26.004172">
        <ele>174</ele>
      </trkpt>
      <trkpt lat="55.248917" lon="26.003861">
        <ele>171.68</ele>
      </trkpt>
      <trkpt lat="55.248963" lon="26.003678">
        <ele>170.08</ele>
      </trkpt>
      <trkpt lat="55.249028" lon="26.003555">
        <ele>168.65</ele>
      </trkpt>
      <trkpt lat="55.249096" lon="26.003475">
        <ele>168.16</ele>
      </trkpt>
      <trkpt lat="55.249264" lon="26.0034">
        <ele>167.87</ele>
      </trkpt>
      <trkpt lat="55.249414" lon="26.003373">
        <ele>167.77</ele>
      </trkpt>
      <trkpt lat="55.249578" lon="26.00337">
        <ele>167.75</ele>
      </trkpt>
      <trkpt lat="55.249723" lon="26.003437">
        <ele>168.14</ele>
      </trkpt>
      <trkpt lat="55.249901" lon="26.00355">
        <ele>168.08</ele>
      </trkpt>
      <trkpt lat="55.250352" lon="26.003888">
        <ele>168.76</ele>
      </trkpt>
      <trkpt lat="55.250839" lon="26.004359">
        <ele>169.77</ele>
      </trkpt>
      <trkpt lat="55.251083" lon="26.004595">
        <ele>167.92</ele>
      </trkpt>
      <trkpt lat="55.251874" lon="26.005237">
        <ele>159.14</ele>
      </trkpt>
      <trkpt lat="55.252039" lon="26.005438">
        <ele>157.41</ele>
      </trkpt>
      <trkpt lat="55.252174" lon="26.005671">
        <ele>156</ele>
      </trkpt>
      <trkpt lat="55.252334" lon="26.005977">
        <ele>155.55</ele>
      </trkpt>
      <trkpt lat="55.252485" lon="26.006194">
        <ele>155.71</ele>
      </trkpt>
      <trkpt lat="55.252718" lon="26.006433">
        <ele>154.1</ele>
      </trkpt>
      <trkpt lat="55.252927" lon="26.00658">
        <ele>153.01</ele>
      </trkpt>
      <trkpt lat="55.253136" lon="26.006728">
        <ele>154.15</ele>
      </trkpt>
      <trkpt lat="55.253673" lon="26.006845">
        <ele>158.92</ele>
      </trkpt>
      <trkpt lat="55.25421" lon="26.006962">
        <ele>159.69</ele>
      </trkpt>
      <trkpt lat="55.254809" lon="26.006962">
        <ele>151.93</ele>
      </trkpt>
      <trkpt lat="55.255044" lon="26.006962">
        <ele>151.26</ele>
      </trkpt>
      <trkpt lat="55.255578" lon="26.006903">
        <ele>149.48</ele>
      </trkpt>
      <trkpt lat="55.255691" lon="26.0069">
        <ele>148.68</ele>
      </trkpt>
      <trkpt lat="55.255847" lon="26.006895">
        <ele>147.58</ele>
      </trkpt>
      <trkpt lat="55.256656" lon="26.00687">
        <ele>148.2</ele>
      </trkpt>
      <trkpt lat="55.256923" lon="26.006894">
        <ele>148.34</ele>
      </trkpt>
      <trkpt lat="55.257501" lon="26.007114">
        <ele>146.3</ele>
      </trkpt>
      <trkpt lat="55.257802" lon="26.007267">
        <ele>147.71</ele>
      </trkpt>
      <trkpt lat="55.258052" lon="26.007416">
        <ele>150.27</ele>
      </trkpt>
      <trkpt lat="55.258334" lon="26.007606">
        <ele>149.49</ele>
      </trkpt>
      <trkpt lat="55.258637" lon="26.007855">
        <ele>148.64</ele>
      </trkpt>
      <trkpt lat="55.258883" lon="26.008109">
        <ele>151.58</ele>
      </trkpt>
      <trkpt lat="55.25906" lon="26.008396">
        <ele>157.27</ele>
      </trkpt>
      <trkpt lat="55.259238" lon="26.008683">
        <ele>160.79</ele>
      </trkpt>
      <trkpt lat="55.259532" lon="26.009172">
        <ele>163.41</ele>
      </trkpt>
      <trkpt lat="55.259621" lon="26.009328">
        <ele>163</ele>
      </trkpt>
      <trkpt lat="55.259853" lon="26.009843">
        <ele>160.89</ele>
      </trkpt>
      <trkpt lat="55.259976" lon="26.010148">
        <ele>157.69</ele>
      </trkpt>
      <trkpt lat="55.260115" lon="26.010323">
        <ele>156.83</ele>
      </trkpt>
      <trkpt lat="55.260214" lon="26.009943">
        <ele>159.93</ele>
      </trkpt>
      <trkpt lat="55.260314" lon="26.009563">
        <ele>159.84</ele>
      </trkpt>
      <trkpt lat="55.260499" lon="26.008836">
        <ele>152.5</ele>
      </trkpt>
      <trkpt lat="55.260638" lon="26.007975">
        <ele>144.09</ele>
      </trkpt>
      <trkpt lat="55.26056" lon="26.007648">
        <ele>141.85</ele>
      </trkpt>
      <trkpt lat="55.260729" lon="26.007219">
        <ele>140.69</ele>
      </trkpt>
      <trkpt lat="55.26109" lon="26.006244">
        <ele>140</ele>
      </trkpt>
      <trkpt lat="55.261194" lon="26.006224">
        <ele>140</ele>
      </trkpt>
      <trkpt lat="55.261415" lon="26.006132">
        <ele>141.19</ele>
      </trkpt>
      <trkpt lat="55.261628" lon="26.006133">
        <ele>142.19</ele>
      </trkpt>
      <trkpt lat="55.261691" lon="26.005654">
        <ele>144.98</ele>
      </trkpt>
      <trkpt lat="55.26188" lon="26.004218">
        <ele>147.4</ele>
      </trkpt>
      <trkpt lat="55.261901" lon="26.003626">
        <ele>147</ele>
      </trkpt>
      <trkpt lat="55.261722" lon="26.003182">
        <ele>146</ele>
      </trkpt>
      <trkpt lat="55.261638" lon="26.002996">
        <ele>146</ele>
      </trkpt>
      <trkpt lat="55.261534" lon="26.002811">
        <ele>145.29</ele>
      </trkpt>
      <trkpt lat="55.26127" lon="26.002486">
        <ele>145.12</ele>
      </trkpt>
      <trkpt lat="55.261006" lon="26.002048">
        <ele>146</ele>
      </trkpt>
      <trkpt lat="55.260867" lon="26.001835">
        <ele>146</ele>
      </trkpt>
      <trkpt lat="55.260834" lon="26.001725">
        <ele>146</ele>
      </trkpt>
      <trkpt lat="55.260832" lon="26.001601">
        <ele>145.46</ele>
      </trkpt>
      <trkpt lat="55.260846" lon="26.001468">
        <ele>145</ele>
      </trkpt>
      <trkpt lat="55.261003" lon="26.000663">
        <ele>145</ele>
      </trkpt>
      <trkpt lat="55.260699" lon="26.000466">
        <ele>145</ele>
      </trkpt>
      <trkpt lat="55.260487" lon="26.000283">
        <ele>146.02</ele>
      </trkpt>
      <trkpt lat="55.260251" lon="26.000046">
        <ele>147.58</ele>
      </trkpt>
      <trkpt lat="55.259538" lon="25.999302">
        <ele>147</ele>
      </trkpt>
      <trkpt lat="55.259064" lon="25.998806">
        <ele>148.71</ele>
      </trkpt>
      <trkpt lat="55.258351" lon="25.998062">
        <ele>145</ele>
      </trkpt>
      <trkpt lat="55.257971" lon="25.997615">
        <ele>145</ele>
      </trkpt>
      <trkpt lat="55.256837" lon="25.99617">
        <ele>145</ele>
      </trkpt>
      <trkpt lat="55.255045" lon="25.993783">
        <ele>146.01</ele>
      </trkpt>
      <trkpt lat="55.25423" lon="25.992713">
        <ele>146</ele>
      </trkpt>
      <trkpt lat="55.253823" lon="25.992178">
        <ele>143.9</ele>
      </trkpt>
      <trkpt lat="55.253757" lon="25.992245">
        <ele>143.24</ele>
      </trkpt>
      <trkpt lat="55.253454" lon="25.991869">
        <ele>142</ele>
      </trkpt>
      <trkpt lat="55.253401" lon="25.991774">
        <ele>142</ele>
      </trkpt>
      <trkpt lat="55.253395" lon="25.991612">
        <ele>142</ele>
      </trkpt>
      <trkpt lat="55.253152" lon="25.991117">
        <ele>142</ele>
      </trkpt>
      <trkpt lat="55.25308" lon="25.991024">
        <ele>141.35</ele>
      </trkpt>
      <trkpt lat="55.253081" lon="25.990947">
        <ele>141.66</ele>
      </trkpt>
      <trkpt lat="55.253258" lon="25.990898">
        <ele>142</ele>
      </trkpt>
      <trkpt lat="55.253313" lon="25.990839">
        <ele>142</ele>
      </trkpt>
      <trkpt lat="55.253352" lon="25.99076">
        <ele>142.06</ele>
      </trkpt>
      <trkpt lat="55.253382" lon="25.990648">
        <ele>142.54</ele>
      </trkpt>
      <trkpt lat="55.253417" lon="25.99067">
        <ele>142.79</ele>
      </trkpt>
      <trkpt lat="55.253499" lon="25.990231">
        <ele>144.65</ele>
      </trkpt>
      <trkpt lat="55.2534994030412" lon="25.990230942309893">
        <ele>144.86156198701312</ele>
      </trkpt>
      <trkpt lat="55.25374" lon="25.988949">
        <ele>150.91</ele>
      </trkpt>
      <trkpt lat="55.253791" lon="25.988971">
        <ele>151</ele>
      </trkpt>
      <trkpt lat="55.253834" lon="25.988965">
        <ele>150.98</ele>
      </trkpt>
      <trkpt lat="55.253879" lon="25.988946">
        <ele>150.41</ele>
      </trkpt>
      <trkpt lat="55.253931" lon="25.988901">
        <ele>149.62</ele>
      </trkpt>
      <trkpt lat="55.254354" lon="25.988329">
        <ele>145.3</ele>
      </trkpt>
      <trkpt lat="55.254987" lon="25.987472">
        <ele>144.57</ele>
      </trkpt>
      <trkpt lat="55.255332" lon="25.987003">
        <ele>144.3</ele>
      </trkpt>
      <trkpt lat="55.256127" lon="25.985926">
        <ele>151.08</ele>
      </trkpt>
      <trkpt lat="55.256524" lon="25.985387">
        <ele>158.21</ele>
      </trkpt>
      <trkpt lat="55.256723" lon="25.985118">
        <ele>159.24</ele>
      </trkpt>
      <trkpt lat="55.256904" lon="25.984975">
        <ele>159.47</ele>
      </trkpt>
      <trkpt lat="55.2573" lon="25.984726">
        <ele>158.29</ele>
      </trkpt>
      <trkpt lat="55.258339" lon="25.984571">
        <ele>165.35</ele>
      </trkpt>
      <trkpt lat="55.259898" lon="25.984339">
        <ele>161.31</ele>
      </trkpt>
      <trkpt lat="55.260222" lon="25.984275">
        <ele>159.46</ele>
      </trkpt>
      <trkpt lat="55.260546" lon="25.984211">
        <ele>159.89</ele>
      </trkpt>
      <trkpt lat="55.261416" lon="25.984213">
        <ele>162.88</ele>
      </trkpt>
      <trkpt lat="55.261684" lon="25.984282">
        <ele>162.21</ele>
      </trkpt>
      <trkpt lat="55.26249" lon="25.98449">
        <ele>153.99</ele>
      </trkpt>
      <trkpt lat="55.262675" lon="25.98431">
        <ele>153.21</ele>
      </trkpt>
      <trkpt lat="55.26377" lon="25.983527">
        <ele>150.38</ele>
      </trkpt>
      <trkpt lat="55.263909" lon="25.983095">
        <ele>150</ele>
      </trkpt>
      <trkpt lat="55.263977" lon="25.982738">
        <ele>150.61</ele>
      </trkpt>
      <trkpt lat="55.263976" lon="25.982473">
        <ele>151</ele>
      </trkpt>
      <trkpt lat="55.26411" lon="25.981786">
        <ele>151.9</ele>
      </trkpt>
      <trkpt lat="55.264349" lon="25.981078">
        <ele>152.4</ele>
      </trkpt>
      <trkpt lat="55.264495" lon="25.980574">
        <ele>152.17</ele>
      </trkpt>
      <trkpt lat="55.264821" lon="25.980276">
        <ele>153</ele>
      </trkpt>
      <trkpt lat="55.265046" lon="25.979994">
        <ele>154.41</ele>
      </trkpt>
      <trkpt lat="55.265353" lon="25.979224">
        <ele>159.08</ele>
      </trkpt>
      <trkpt lat="55.265791" lon="25.978623">
        <ele>164.88</ele>
      </trkpt>
      <trkpt lat="55.265972" lon="25.978375">
        <ele>164.71</ele>
      </trkpt>
      <trkpt lat="55.266152" lon="25.978127">
        <ele>160.96</ele>
      </trkpt>
      <trkpt lat="55.266374" lon="25.977883">
        <ele>157.68</ele>
      </trkpt>
      <trkpt lat="55.267052" lon="25.97739">
        <ele>159.02</ele>
      </trkpt>
      <trkpt lat="55.267601" lon="25.977108">
        <ele>156.09</ele>
      </trkpt>
      <trkpt lat="55.268299" lon="25.976491">
        <ele>155.6</ele>
      </trkpt>
      <trkpt lat="55.268531" lon="25.976285">
        <ele>159.93</ele>
      </trkpt>
      <trkpt lat="55.269018" lon="25.975874">
        <ele>172.77</ele>
      </trkpt>
      <trkpt lat="55.269261" lon="25.975669">
        <ele>174.21</ele>
      </trkpt>
      <trkpt lat="55.270233" lon="25.974848">
        <ele>162.82</ele>
      </trkpt>
      <trkpt lat="55.270476" lon="25.974643">
        <ele>157.64</ele>
      </trkpt>
      <trkpt lat="55.270719" lon="25.974438">
        <ele>156.45</ele>
      </trkpt>
      <trkpt lat="55.270962" lon="25.974233">
        <ele>164.67</ele>
      </trkpt>
      <trkpt lat="55.271245" lon="25.973989">
        <ele>172.13</ele>
      </trkpt>
      <trkpt lat="55.271488" lon="25.973814">
        <ele>172.81</ele>
      </trkpt>
      <trkpt lat="55.271973" lon="25.973463">
        <ele>168.42</ele>
      </trkpt>
      <trkpt lat="55.272289" lon="25.973342">
        <ele>165.4</ele>
      </trkpt>
      <trkpt lat="55.27258" lon="25.973328">
        <ele>165.02</ele>
      </trkpt>
      <trkpt lat="55.272871" lon="25.973313">
        <ele>167.26</ele>
      </trkpt>
      <trkpt lat="55.27322" lon="25.973206">
        <ele>168.74</ele>
      </trkpt>
      <trkpt lat="55.273397" lon="25.973053">
        <ele>166.97</ele>
      </trkpt>
      <trkpt lat="55.273465" lon="25.972924">
        <ele>165.8</ele>
      </trkpt>
      <trkpt lat="55.273502" lon="25.972717">
        <ele>163.77</ele>
      </trkpt>
      <trkpt lat="55.273516" lon="25.97195">
        <ele>159.85</ele>
      </trkpt>
      <trkpt lat="55.273678" lon="25.972444">
        <ele>164.47</ele>
      </trkpt>
      <trkpt lat="55.273846" lon="25.972787">
        <ele>170.37</ele>
      </trkpt>
      <trkpt lat="55.273947" lon="25.972894">
        <ele>172.24</ele>
      </trkpt>
      <trkpt lat="55.274534" lon="25.973055">
        <ele>177.23</ele>
      </trkpt>
      <trkpt lat="55.274806" lon="25.973088">
        <ele>179.37</ele>
      </trkpt>
      <trkpt lat="55.275334" lon="25.973147">
        <ele>176.64</ele>
      </trkpt>
      <trkpt lat="55.275479" lon="25.973112">
        <ele>174.94</ele>
      </trkpt>
      <trkpt lat="55.27604" lon="25.972734">
        <ele>164.27</ele>
      </trkpt>
      <trkpt lat="55.27663" lon="25.972776">
        <ele>158.25</ele>
      </trkpt>
      <trkpt lat="55.276947" lon="25.972691">
        <ele>157</ele>
      </trkpt>
      <trkpt lat="55.277076" lon="25.972605">
        <ele>156.88</ele>
      </trkpt>
      <trkpt lat="55.277196" lon="25.972484">
        <ele>156.52</ele>
      </trkpt>
      <trkpt lat="55.277815" lon="25.97151">
        <ele>160.86</ele>
      </trkpt>
      <trkpt lat="55.278468" lon="25.970699">
        <ele>163.39</ele>
      </trkpt>
      <trkpt lat="55.278903" lon="25.970159">
        <ele>168.83</ele>
      </trkpt>
      <trkpt lat="55.279148" lon="25.969897">
        <ele>173.19</ele>
      </trkpt>
      <trkpt lat="55.279636" lon="25.969375">
        <ele>175.39</ele>
      </trkpt>
      <trkpt lat="55.280406" lon="25.96885">
        <ele>178.18</ele>
      </trkpt>
      <trkpt lat="55.281339" lon="25.96815">
        <ele>184.02</ele>
      </trkpt>
      <trkpt lat="55.281889" lon="25.96772">
        <ele>183.68</ele>
      </trkpt>
      <trkpt lat="55.282429" lon="25.967155">
        <ele>177.33</ele>
      </trkpt>
      <trkpt lat="55.283003" lon="25.966403">
        <ele>175.82</ele>
      </trkpt>
      <trkpt lat="55.283503" lon="25.965887">
        <ele>171.47</ele>
      </trkpt>
      <trkpt lat="55.283753" lon="25.965628">
        <ele>172.45</ele>
      </trkpt>
      <trkpt lat="55.28417" lon="25.965087">
        <ele>174.66</ele>
      </trkpt>
      <trkpt lat="55.284378" lon="25.964816">
        <ele>174</ele>
      </trkpt>
      <trkpt lat="55.284682" lon="25.96417">
        <ele>172.04</ele>
      </trkpt>
      <trkpt lat="55.284835" lon="25.963847">
        <ele>167.83</ele>
      </trkpt>
      <trkpt lat="55.28483" lon="25.963625">
        <ele>167.64</ele>
      </trkpt>
      <trkpt lat="55.284781" lon="25.96326">
        <ele>168.02</ele>
      </trkpt>
      <trkpt lat="55.28492" lon="25.96282">
        <ele>161.48</ele>
      </trkpt>
      <trkpt lat="55.285197" lon="25.96194">
        <ele>159</ele>
      </trkpt>
      <trkpt lat="55.285502" lon="25.961211">
        <ele>158.17</ele>
      </trkpt>
      <trkpt lat="55.285686" lon="25.960964">
        <ele>159.6</ele>
      </trkpt>
      <trkpt lat="55.285794" lon="25.960843">
        <ele>161.1</ele>
      </trkpt>
      <trkpt lat="55.286034" lon="25.960835">
        <ele>161.65</ele>
      </trkpt>
      <trkpt lat="55.286723" lon="25.960993">
        <ele>162.92</ele>
      </trkpt>
      <trkpt lat="55.286949" lon="25.960908">
        <ele>167.23</ele>
      </trkpt>
      <trkpt lat="55.287175" lon="25.960822">
        <ele>169.43</ele>
      </trkpt>
      <trkpt lat="55.287714" lon="25.96046">
        <ele>174.78</ele>
      </trkpt>
      <trkpt lat="55.287985" lon="25.960245">
        <ele>177.01</ele>
      </trkpt>
      <trkpt lat="55.288527" lon="25.959816">
        <ele>176.6</ele>
      </trkpt>
      <trkpt lat="55.28888" lon="25.95957">
        <ele>179.69</ele>
      </trkpt>
      <trkpt lat="55.289509" lon="25.959518">
        <ele>178.7</ele>
      </trkpt>
      <trkpt lat="55.289761" lon="25.959344">
        <ele>177</ele>
      </trkpt>
      <trkpt lat="55.290011" lon="25.959001">
        <ele>176</ele>
      </trkpt>
      <trkpt lat="55.290384" lon="25.95855">
        <ele>176.96</ele>
      </trkpt>
      <trkpt lat="55.290602" lon="25.958268">
        <ele>174.87</ele>
      </trkpt>
      <trkpt lat="55.29083" lon="25.95796">
        <ele>174.27</ele>
      </trkpt>
      <trkpt lat="55.291288" lon="25.95752">
        <ele>177</ele>
      </trkpt>
      <trkpt lat="55.291949" lon="25.956879">
        <ele>176.45</ele>
      </trkpt>
      <trkpt lat="55.292611" lon="25.956238">
        <ele>170.94</ele>
      </trkpt>
      <trkpt lat="55.292994" lon="25.955701">
        <ele>168.3</ele>
      </trkpt>
      <trkpt lat="55.293396" lon="25.955224">
        <ele>174.41</ele>
      </trkpt>
      <trkpt lat="55.294123" lon="25.954194">
        <ele>173.27</ele>
      </trkpt>
      <trkpt lat="55.294428" lon="25.953615">
        <ele>173.47</ele>
      </trkpt>
      <trkpt lat="55.294805" lon="25.953119">
        <ele>165.17</ele>
      </trkpt>
      <trkpt lat="55.295173" lon="25.952767">
        <ele>165.95</ele>
      </trkpt>
      <trkpt lat="55.295397" lon="25.952498">
        <ele>164.77</ele>
      </trkpt>
      <trkpt lat="55.295843" lon="25.95196">
        <ele>159.24</ele>
      </trkpt>
      <trkpt lat="55.296082" lon="25.951803">
        <ele>157</ele>
      </trkpt>
      <trkpt lat="55.29656" lon="25.95149">
        <ele>157.21</ele>
      </trkpt>
      <trkpt lat="55.297169" lon="25.950941">
        <ele>159.95</ele>
      </trkpt>
      <trkpt lat="55.297427" lon="25.950644">
        <ele>162.57</ele>
      </trkpt>
      <trkpt lat="55.297686" lon="25.950347">
        <ele>168.34</ele>
      </trkpt>
      <trkpt lat="55.297945" lon="25.95005">
        <ele>171</ele>
      </trkpt>
      <trkpt lat="55.298157" lon="25.949722">
        <ele>172</ele>
      </trkpt>
      <trkpt lat="55.298582" lon="25.949066">
        <ele>168.25</ele>
      </trkpt>
      <trkpt lat="55.29918" lon="25.948079">
        <ele>174.72</ele>
      </trkpt>
      <trkpt lat="55.299699" lon="25.947006">
        <ele>176.79</ele>
      </trkpt>
      <trkpt lat="55.300335" lon="25.946008">
        <ele>176.1</ele>
      </trkpt>
      <trkpt lat="55.300675" lon="25.945522">
        <ele>177.5</ele>
      </trkpt>
      <trkpt lat="55.301055" lon="25.944731">
        <ele>177</ele>
      </trkpt>
      <trkpt lat="55.301183" lon="25.944252">
        <ele>176.04</ele>
      </trkpt>
      <trkpt lat="55.30131" lon="25.943774">
        <ele>171.51</ele>
      </trkpt>
      <trkpt lat="55.301534" lon="25.94341">
        <ele>169.96</ele>
      </trkpt>
      <trkpt lat="55.301758" lon="25.943047">
        <ele>173</ele>
      </trkpt>
      <trkpt lat="55.301904" lon="25.942736">
        <ele>171.46</ele>
      </trkpt>
      <trkpt lat="55.302177" lon="25.941913">
        <ele>167.14</ele>
      </trkpt>
      <trkpt lat="55.302313" lon="25.941502">
        <ele>166.9</ele>
      </trkpt>
      <trkpt lat="55.302723" lon="25.940622">
        <ele>172.93</ele>
      </trkpt>
      <trkpt lat="55.303162" lon="25.939968">
        <ele>175</ele>
      </trkpt>
      <trkpt lat="55.303437" lon="25.939485">
        <ele>171.32</ele>
      </trkpt>
      <trkpt lat="55.303749" lon="25.938905">
        <ele>167.5</ele>
      </trkpt>
      <trkpt lat="55.304207" lon="25.938369">
        <ele>168.03</ele>
      </trkpt>
      <trkpt lat="55.304555" lon="25.937983">
        <ele>171.2</ele>
      </trkpt>
      <trkpt lat="55.305123" lon="25.937264">
        <ele>170.82</ele>
      </trkpt>
      <trkpt lat="55.305359" lon="25.937122">
        <ele>171.98</ele>
      </trkpt>
      <trkpt lat="55.30566" lon="25.936513">
        <ele>175</ele>
      </trkpt>
      <trkpt lat="55.305866" lon="25.935781">
        <ele>175.15</ele>
      </trkpt>
      <trkpt lat="55.306143" lon="25.934882">
        <ele>177</ele>
      </trkpt>
      <trkpt lat="55.30635" lon="25.934088">
        <ele>176.95</ele>
      </trkpt>
      <trkpt lat="55.306563" lon="25.933095">
        <ele>175.21</ele>
      </trkpt>
      <trkpt lat="55.306669" lon="25.932599">
        <ele>169.2</ele>
      </trkpt>
      <trkpt lat="55.307092" lon="25.930973">
        <ele>159.56</ele>
      </trkpt>
      <trkpt lat="55.307424" lon="25.92964">
        <ele>160</ele>
      </trkpt>
      <trkpt lat="55.307765" lon="25.928249">
        <ele>158</ele>
      </trkpt>
      <trkpt lat="55.307903" lon="25.927746">
        <ele>159</ele>
      </trkpt>
      <trkpt lat="55.308042" lon="25.927243">
        <ele>157.52</ele>
      </trkpt>
      <trkpt lat="55.308327" lon="25.926372">
        <ele>154.71</ele>
      </trkpt>
      <trkpt lat="55.308557" lon="25.925451">
        <ele>154.53</ele>
      </trkpt>
      <trkpt lat="55.308673" lon="25.924991">
        <ele>158.59</ele>
      </trkpt>
      <trkpt lat="55.308912" lon="25.924069">
        <ele>175.08</ele>
      </trkpt>
      <trkpt lat="55.309037" lon="25.923606">
        <ele>180</ele>
      </trkpt>
      <trkpt lat="55.309223" lon="25.92329">
        <ele>181</ele>
      </trkpt>
      <trkpt lat="55.309409" lon="25.922973">
        <ele>179.97</ele>
      </trkpt>
      <trkpt lat="55.309721" lon="25.922651">
        <ele>178</ele>
      </trkpt>
      <trkpt lat="55.310197" lon="25.922115">
        <ele>178.67</ele>
      </trkpt>
      <trkpt lat="55.31057" lon="25.921804">
        <ele>180.48</ele>
      </trkpt>
      <trkpt lat="55.310934" lon="25.921586">
        <ele>181.74</ele>
      </trkpt>
      <trkpt lat="55.311474" lon="25.921142">
        <ele>173.56</ele>
      </trkpt>
      <trkpt lat="55.311868" lon="25.920846">
        <ele>172.05</ele>
      </trkpt>
      <trkpt lat="55.312247" lon="25.920449">
        <ele>170.59</ele>
      </trkpt>
      <trkpt lat="55.312552" lon="25.919848">
        <ele>171.86</ele>
      </trkpt>
      <trkpt lat="55.312851" lon="25.919355">
        <ele>171.58</ele>
      </trkpt>
      <trkpt lat="55.313134" lon="25.919014">
        <ele>174.12</ele>
      </trkpt>
      <trkpt lat="55.313653" lon="25.918885">
        <ele>175.45</ele>
      </trkpt>
      <trkpt lat="55.314294" lon="25.919132">
        <ele>173.27</ele>
      </trkpt>
      <trkpt lat="55.314887" lon="25.919474">
        <ele>175.02</ele>
      </trkpt>
      <trkpt lat="55.315184" lon="25.919645">
        <ele>172.65</ele>
      </trkpt>
      <trkpt lat="55.315515" lon="25.919883">
        <ele>168.8</ele>
      </trkpt>
      <trkpt lat="55.31577" lon="25.919859">
        <ele>163.56</ele>
      </trkpt>
      <trkpt lat="55.316161" lon="25.919516">
        <ele>156.43</ele>
      </trkpt>
      <trkpt lat="55.31662" lon="25.91925">
        <ele>153</ele>
      </trkpt>
      <trkpt lat="55.317341" lon="25.918971">
        <ele>154.41</ele>
      </trkpt>
      <trkpt lat="55.317748" lon="25.918657">
        <ele>155</ele>
      </trkpt>
      <trkpt lat="55.318165" lon="25.917995">
        <ele>153</ele>
      </trkpt>
      <trkpt lat="55.318728" lon="25.916933">
        <ele>153.8</ele>
      </trkpt>
      <trkpt lat="55.31883" lon="25.916796">
        <ele>154.35</ele>
      </trkpt>
      <trkpt lat="55.318894" lon="25.916735">
        <ele>154.95</ele>
      </trkpt>
      <trkpt lat="55.318954" lon="25.916716">
        <ele>155</ele>
      </trkpt>
      <trkpt lat="55.318943" lon="25.916534">
        <ele>155</ele>
      </trkpt>
      <trkpt lat="55.318951" lon="25.916212">
        <ele>155.82</ele>
      </trkpt>
      <trkpt lat="55.31914" lon="25.91439">
        <ele>154.86</ele>
      </trkpt>
      <trkpt lat="55.319221" lon="25.913747">
        <ele>154.59</ele>
      </trkpt>
      <trkpt lat="55.319273" lon="25.913419">
        <ele>154.8</ele>
      </trkpt>
      <trkpt lat="55.319343" lon="25.913071">
        <ele>154</ele>
      </trkpt>
      <trkpt lat="55.319453" lon="25.912588">
        <ele>153.96</ele>
      </trkpt>
      <trkpt lat="55.319491" lon="25.912365">
        <ele>154</ele>
      </trkpt>
      <trkpt lat="55.319508" lon="25.912127">
        <ele>154</ele>
      </trkpt>
      <trkpt lat="55.319515" lon="25.911566">
        <ele>154</ele>
      </trkpt>
      <trkpt lat="55.319538" lon="25.911158">
        <ele>154</ele>
      </trkpt>
      <trkpt lat="55.319572" lon="25.910756">
        <ele>154</ele>
      </trkpt>
      <trkpt lat="55.319647" lon="25.910016">
        <ele>153</ele>
      </trkpt>
      <trkpt lat="55.31968" lon="25.909461">
        <ele>153</ele>
      </trkpt>
      <trkpt lat="55.319721" lon="25.907776">
        <ele>154.03</ele>
      </trkpt>
      <trkpt lat="55.31976" lon="25.906853">
        <ele>156</ele>
      </trkpt>
      <trkpt lat="55.31981" lon="25.906006">
        <ele>156</ele>
      </trkpt>
      <trkpt lat="55.319913" lon="25.904778">
        <ele>155.84</ele>
      </trkpt>
      <trkpt lat="55.320396" lon="25.901501">
        <ele>155</ele>
      </trkpt>
      <trkpt lat="55.320738" lon="25.899216">
        <ele>156</ele>
      </trkpt>
      <trkpt lat="55.321088" lon="25.896915">
        <ele>153</ele>
      </trkpt>
      <trkpt lat="55.321233" lon="25.895984">
        <ele>156.09</ele>
      </trkpt>
      <trkpt lat="55.321549" lon="25.893849">
        <ele>156.37</ele>
      </trkpt>
      <trkpt lat="55.321544" lon="25.893709">
        <ele>156.06</ele>
      </trkpt>
      <trkpt lat="55.321514" lon="25.893596">
        <ele>156.01</ele>
      </trkpt>
      <trkpt lat="55.32156" lon="25.893515">
        <ele>156.47</ele>
      </trkpt>
      <trkpt lat="55.321599" lon="25.893405">
        <ele>156.89</ele>
      </trkpt>
      <trkpt lat="55.321632" lon="25.893244">
        <ele>157</ele>
      </trkpt>
      <trkpt lat="55.321776" lon="25.892318">
        <ele>157.08</ele>
      </trkpt>
      <trkpt lat="55.32192" lon="25.891391">
        <ele>152.75</ele>
      </trkpt>
      <trkpt lat="55.322064" lon="25.890465">
        <ele>153.64</ele>
      </trkpt>
      <trkpt lat="55.322275" lon="25.889112">
        <ele>158</ele>
      </trkpt>
      <trkpt lat="55.322489" lon="25.887725">
        <ele>155</ele>
      </trkpt>
      <trkpt lat="55.322808" lon="25.885664">
        <ele>158</ele>
      </trkpt>
      <trkpt lat="55.322963" lon="25.884669">
        <ele>156.94</ele>
      </trkpt>
      <trkpt lat="55.323107" lon="25.883694">
        <ele>157.28</ele>
      </trkpt>
      <trkpt lat="55.323438" lon="25.880317">
        <ele>153</ele>
      </trkpt>
      <trkpt lat="55.323614" lon="25.87853">
        <ele>153.56</ele>
      </trkpt>
      <trkpt lat="55.32364" lon="25.87817">
        <ele>156.09</ele>
      </trkpt>
      <trkpt lat="55.323646" lon="25.877817">
        <ele>160.47</ele>
      </trkpt>
      <trkpt lat="55.323635" lon="25.877385">
        <ele>167.16</ele>
      </trkpt>
      <trkpt lat="55.323624" lon="25.876953">
        <ele>170.83</ele>
      </trkpt>
      <trkpt lat="55.323614" lon="25.87652">
        <ele>171.48</ele>
      </trkpt>
      <trkpt lat="55.323596" lon="25.875598">
        <ele>168</ele>
      </trkpt>
      <trkpt lat="55.323583" lon="25.874617">
        <ele>168</ele>
      </trkpt>
      <trkpt lat="55.323571" lon="25.873636">
        <ele>165.5</ele>
      </trkpt>
      <trkpt lat="55.323508" lon="25.872437">
        <ele>160.9</ele>
      </trkpt>
      <trkpt lat="55.323428" lon="25.871486">
        <ele>156.61</ele>
      </trkpt>
      <trkpt lat="55.323347" lon="25.870535">
        <ele>157.58</ele>
      </trkpt>
      <trkpt lat="55.323226" lon="25.869109">
        <ele>154.93</ele>
      </trkpt>
      <trkpt lat="55.323147" lon="25.868171">
        <ele>163.59</ele>
      </trkpt>
      <trkpt lat="55.323068" lon="25.867246">
        <ele>161.22</ele>
      </trkpt>
      <trkpt lat="55.322951" lon="25.865857">
        <ele>162.84</ele>
      </trkpt>
      <trkpt lat="55.322833" lon="25.864468">
        <ele>155.17</ele>
      </trkpt>
      <trkpt lat="55.322794" lon="25.864006">
        <ele>155</ele>
      </trkpt>
      <trkpt lat="55.322769" lon="25.863474">
        <ele>155.94</ele>
      </trkpt>
      <trkpt lat="55.322765" lon="25.863184">
        <ele>156</ele>
      </trkpt>
      <trkpt lat="55.32277" lon="25.862947">
        <ele>155.91</ele>
      </trkpt>
      <trkpt lat="55.322802" lon="25.862432">
        <ele>155.18</ele>
      </trkpt>
      <trkpt lat="55.322926" lon="25.860369">
        <ele>159.3</ele>
      </trkpt>
      <trkpt lat="55.323045" lon="25.858465">
        <ele>171.74</ele>
      </trkpt>
      <trkpt lat="55.323104" lon="25.857512">
        <ele>172.54</ele>
      </trkpt>
      <trkpt lat="55.323133" lon="25.857036">
        <ele>176</ele>
      </trkpt>
      <trkpt lat="55.323163" lon="25.85656">
        <ele>175.08</ele>
      </trkpt>
      <trkpt lat="55.323192" lon="25.856084">
        <ele>170.01</ele>
      </trkpt>
      <trkpt lat="55.323222" lon="25.855608">
        <ele>167.47</ele>
      </trkpt>
      <trkpt lat="55.32331" lon="25.854179">
        <ele>166.38</ele>
      </trkpt>
      <trkpt lat="55.323345" lon="25.853724">
        <ele>168.73</ele>
      </trkpt>
      <trkpt lat="55.323413" lon="25.852813">
        <ele>169.29</ele>
      </trkpt>
      <trkpt lat="55.323482" lon="25.851902">
        <ele>181.92</ele>
      </trkpt>
      <trkpt lat="55.323516" lon="25.851446">
        <ele>183</ele>
      </trkpt>
      <trkpt lat="55.323551" lon="25.850991">
        <ele>180.62</ele>
      </trkpt>
      <trkpt lat="55.32365" lon="25.849669">
        <ele>164.25</ele>
      </trkpt>
      <trkpt lat="55.323683" lon="25.849236">
        <ele>162.68</ele>
      </trkpt>
      <trkpt lat="55.323748" lon="25.848369">
        <ele>166.58</ele>
      </trkpt>
      <trkpt lat="55.323811" lon="25.847605">
        <ele>162.25</ele>
      </trkpt>
      <trkpt lat="55.32386" lon="25.847255">
        <ele>160.09</ele>
      </trkpt>
      <trkpt lat="55.323973" lon="25.8467">
        <ele>159</ele>
      </trkpt>
      <trkpt lat="55.324075" lon="25.846075">
        <ele>157.81</ele>
      </trkpt>
      <trkpt lat="55.324208" lon="25.845432">
        <ele>159.42</ele>
      </trkpt>
      <trkpt lat="55.324369" lon="25.844832">
        <ele>166.79</ele>
      </trkpt>
      <trkpt lat="55.32446" lon="25.84451">
        <ele>168.11</ele>
      </trkpt>
      <trkpt lat="55.324595" lon="25.844143">
        <ele>168.49</ele>
      </trkpt>
      <trkpt lat="55.32473" lon="25.843776">
        <ele>166.35</ele>
      </trkpt>
      <trkpt lat="55.324951" lon="25.843239">
        <ele>160.52</ele>
      </trkpt>
      <trkpt lat="55.324965" lon="25.843116">
        <ele>158.65</ele>
      </trkpt>
      <trkpt lat="55.324968" lon="25.8428">
        <ele>154.56</ele>
      </trkpt>
      <trkpt lat="55.324986" lon="25.842647">
        <ele>154.15</ele>
      </trkpt>
      <trkpt lat="55.325034" lon="25.842464">
        <ele>154</ele>
      </trkpt>
      <trkpt lat="55.325212" lon="25.842041">
        <ele>155.23</ele>
      </trkpt>
      <trkpt lat="55.325476" lon="25.84148">
        <ele>156.49</ele>
      </trkpt>
      <trkpt lat="55.325543" lon="25.841308">
        <ele>157.29</ele>
      </trkpt>
      <trkpt lat="55.325594" lon="25.841129">
        <ele>157.67</ele>
      </trkpt>
      <trkpt lat="55.325643" lon="25.840914">
        <ele>158.78</ele>
      </trkpt>
      <trkpt lat="55.325764" lon="25.840061">
        <ele>157.6</ele>
      </trkpt>
      <trkpt lat="55.325825" lon="25.839635">
        <ele>159.45</ele>
      </trkpt>
      <trkpt lat="55.325886" lon="25.839209">
        <ele>163.31</ele>
      </trkpt>
      <trkpt lat="55.326004" lon="25.83805">
        <ele>158.52</ele>
      </trkpt>
      <trkpt lat="55.326032" lon="25.837698">
        <ele>157.9</ele>
      </trkpt>
      <trkpt lat="55.326034" lon="25.837348">
        <ele>158</ele>
      </trkpt>
      <trkpt lat="55.325994" lon="25.835964">
        <ele>153.91</ele>
      </trkpt>
      <trkpt lat="55.325914" lon="25.835254">
        <ele>162.04</ele>
      </trkpt>
      <trkpt lat="55.325872" lon="25.834944">
        <ele>165.53</ele>
      </trkpt>
      <trkpt lat="55.325923" lon="25.834223">
        <ele>172.6</ele>
      </trkpt>
      <trkpt lat="55.32601" lon="25.833916">
        <ele>173.49</ele>
      </trkpt>
      <trkpt lat="55.326087" lon="25.833739">
        <ele>173.74</ele>
      </trkpt>
      <trkpt lat="55.326258" lon="25.833447">
        <ele>173.2</ele>
      </trkpt>
      <trkpt lat="55.326563" lon="25.833026">
        <ele>169.75</ele>
      </trkpt>
      <trkpt lat="55.32675" lon="25.832674">
        <ele>171.36</ele>
      </trkpt>
      <trkpt lat="55.326828" lon="25.832444">
        <ele>173</ele>
      </trkpt>
      <trkpt lat="55.326885" lon="25.83222">
        <ele>172.67</ele>
      </trkpt>
      <trkpt lat="55.326889" lon="25.832154">
        <ele>172.29</ele>
      </trkpt>
      <trkpt lat="55.32688" lon="25.832076">
        <ele>171.82</ele>
      </trkpt>
      <trkpt lat="55.327154" lon="25.831767">
        <ele>170.97</ele>
      </trkpt>
      <trkpt lat="55.327487" lon="25.831352">
        <ele>173.03</ele>
      </trkpt>
      <trkpt lat="55.327963" lon="25.830807">
        <ele>173.15</ele>
      </trkpt>
      <trkpt lat="55.328063" lon="25.830659">
        <ele>172.9</ele>
      </trkpt>
      <trkpt lat="55.328166" lon="25.830484">
        <ele>171.43</ele>
      </trkpt>
      <trkpt lat="55.328246" lon="25.830312">
        <ele>169.97</ele>
      </trkpt>
      <trkpt lat="55.328413" lon="25.829892">
        <ele>167.29</ele>
      </trkpt>
      <trkpt lat="55.32858" lon="25.829472">
        <ele>168.22</ele>
      </trkpt>
      <trkpt lat="55.328747" lon="25.829051">
        <ele>171.56</ele>
      </trkpt>
      <trkpt lat="55.328914" lon="25.828631">
        <ele>171.9</ele>
      </trkpt>
      <trkpt lat="55.329081" lon="25.828211">
        <ele>170.8</ele>
      </trkpt>
      <trkpt lat="55.329183" lon="25.827948">
        <ele>168.37</ele>
      </trkpt>
      <trkpt lat="55.329424" lon="25.827357">
        <ele>167.6</ele>
      </trkpt>
      <trkpt lat="55.329553" lon="25.827094">
        <ele>169.41</ele>
      </trkpt>
      <trkpt lat="55.329712" lon="25.826807">
        <ele>171.8</ele>
      </trkpt>
      <trkpt lat="55.32985" lon="25.826596">
        <ele>172.81</ele>
      </trkpt>
      <trkpt lat="55.330367" lon="25.82596">
        <ele>171.23</ele>
      </trkpt>
      <trkpt lat="55.33147" lon="25.824602">
        <ele>157</ele>
      </trkpt>
      <trkpt lat="55.332426" lon="25.823606">
        <ele>154.59</ele>
      </trkpt>
      <trkpt lat="55.332665" lon="25.823356">
        <ele>152.16</ele>
      </trkpt>
      <trkpt lat="55.332904" lon="25.823107">
        <ele>151.82</ele>
      </trkpt>
      <trkpt lat="55.333011" lon="25.822982">
        <ele>152</ele>
      </trkpt>
      <trkpt lat="55.333347" lon="25.822542">
        <ele>152.97</ele>
      </trkpt>
      <trkpt lat="55.333553" lon="25.822219">
        <ele>152.56</ele>
      </trkpt>
      <trkpt lat="55.333922" lon="25.821654">
        <ele>154.83</ele>
      </trkpt>
      <trkpt lat="55.334168" lon="25.82134">
        <ele>155.35</ele>
      </trkpt>
      <trkpt lat="55.334349" lon="25.821071">
        <ele>156</ele>
      </trkpt>
      <trkpt lat="55.334488" lon="25.820774">
        <ele>155.46</ele>
      </trkpt>
      <trkpt lat="55.334743" lon="25.820073">
        <ele>154</ele>
      </trkpt>
      <trkpt lat="55.334925" lon="25.819507">
        <ele>154</ele>
      </trkpt>
      <trkpt lat="55.3352" lon="25.818472">
        <ele>155</ele>
      </trkpt>
      <trkpt lat="55.335304" lon="25.818141">
        <ele>154.99</ele>
      </trkpt>
      <trkpt lat="55.335437" lon="25.817797">
        <ele>156.31</ele>
      </trkpt>
      <trkpt lat="55.335781" lon="25.816978">
        <ele>158.89</ele>
      </trkpt>
      <trkpt lat="55.335931" lon="25.816627">
        <ele>157.38</ele>
      </trkpt>
      <trkpt lat="55.336206" lon="25.816061">
        <ele>159.95</ele>
      </trkpt>
      <trkpt lat="55.33645" lon="25.81564">
        <ele>162.72</ele>
      </trkpt>
      <trkpt lat="55.336685" lon="25.8153">
        <ele>161.63</ele>
      </trkpt>
      <trkpt lat="55.337107" lon="25.814794">
        <ele>159.25</ele>
      </trkpt>
      <trkpt lat="55.337496" lon="25.814396">
        <ele>158.19</ele>
      </trkpt>
      <trkpt lat="55.338392" lon="25.813692">
        <ele>157.15</ele>
      </trkpt>
      <trkpt lat="55.338392" lon="25.813692">
        <ele>157.15</ele>
      </trkpt>
      <trkpt lat="55.338392" lon="25.813692">
        <ele>156.98949091881514</ele>
      </trkpt>
      <trkpt lat="55.33884153332784" lon="25.813673218407995">
        <ele>155.41392149661806</ele>
      </trkpt>
      <trkpt lat="55.33929106665568" lon="25.813654436815995">
        <ele>155.32183716190048</ele>
      </trkpt>
      <trkpt lat="55.33974059998352" lon="25.81363565522399">
        <ele>154.41425515081698</ele>
      </trkpt>
      <trkpt lat="55.34019013331136" lon="25.81361687363199">
        <ele>154</ele>
      </trkpt>
      <trkpt lat="55.3406396666392" lon="25.813598092039985">
        <ele>153.5</ele>
      </trkpt>
      <trkpt lat="55.341089199967044" lon="25.813579310447984">
        <ele>154.16952317219693</ele>
      </trkpt>
      <trkpt lat="55.34153873329488" lon="25.81356052885598">
        <ele>155.5</ele>
      </trkpt>
      <trkpt lat="55.34198826662272" lon="25.813541747263976">
        <ele>155.4503086513086</ele>
      </trkpt>
      <trkpt lat="55.34243779995056" lon="25.813522965671975">
        <ele>156.46359002430682</ele>
      </trkpt>
      <trkpt lat="55.342887333278405" lon="25.81350418407997">
        <ele>161.92659978999524</ele>
      </trkpt>
      <trkpt lat="55.34333686660624" lon="25.81348540248797">
        <ele>169.86664789582153</ele>
      </trkpt>
      <trkpt lat="55.34378639993408" lon="25.813466620895966">
        <ele>171.6841719178483</ele>
      </trkpt>
      <trkpt lat="55.34423593326193" lon="25.813447839303965">
        <ele>161.2304862019579</ele>
      </trkpt>
      <trkpt lat="55.344685466589766" lon="25.81342905771196">
        <ele>155.93836772395298</ele>
      </trkpt>
      <trkpt lat="55.345134999917605" lon="25.813410276119956">
        <ele>155.9930730756605</ele>
      </trkpt>
      <trkpt lat="55.34558453324544" lon="25.813391494527956">
        <ele>155.67636128739645</ele>
      </trkpt>
      <trkpt lat="55.34603406657329" lon="25.81337271293595">
        <ele>156</ele>
      </trkpt>
      <trkpt lat="55.34648359990113" lon="25.81335393134395">
        <ele>156.14321303809993</ele>
      </trkpt>
      <trkpt lat="55.346933133228966" lon="25.813335149751946">
        <ele>160.38564691215288</ele>
      </trkpt>
      <trkpt lat="55.34738266655681" lon="25.813316368159942">
        <ele>165.13931471959222</ele>
      </trkpt>
      <trkpt lat="55.34783219988465" lon="25.81329758656794">
        <ele>167.3874047677382</ele>
      </trkpt>
      <trkpt lat="55.34828173321249" lon="25.813278804975937">
        <ele>166.0980669095751</ele>
      </trkpt>
      <trkpt lat="55.34873126654033" lon="25.813260023383936">
        <ele>162.9307158893207</ele>
      </trkpt>
      <trkpt lat="55.34909847327475" lon="25.81324468141341">
        <ele>164.2201049248106</ele>
      </trkpt>
      <trkpt lat="55.349105" lon="25.813207">
        <ele>165.18</ele>
      </trkpt>
      <trkpt lat="55.348868" lon="25.813073">
        <ele>164</ele>
      </trkpt>
      <trkpt lat="55.347911" lon="25.812533">
        <ele>166.21</ele>
      </trkpt>
      <trkpt lat="55.347744" lon="25.812438">
        <ele>164.81</ele>
      </trkpt>
      <trkpt lat="55.347462" lon="25.812309">
        <ele>162.17</ele>
      </trkpt>
      <trkpt lat="55.347084" lon="25.812162">
        <ele>160.02</ele>
      </trkpt>
      <trkpt lat="55.346902" lon="25.812076">
        <ele>159</ele>
      </trkpt>
      <trkpt lat="55.346591" lon="25.811914">
        <ele>159</ele>
      </trkpt>
      <trkpt lat="55.346436" lon="25.811812">
        <ele>158.76</ele>
      </trkpt>
      <trkpt lat="55.34631" lon="25.811713">
        <ele>158</ele>
      </trkpt>
      <trkpt lat="55.34616" lon="25.811573">
        <ele>157</ele>
      </trkpt>
      <trkpt lat="55.344663" lon="25.809909">
        <ele>156.97</ele>
      </trkpt>
      <trkpt lat="55.344373" lon="25.809624">
        <ele>158.13</ele>
      </trkpt>
      <trkpt lat="55.344154" lon="25.80941">
        <ele>159</ele>
      </trkpt>
      <trkpt lat="55.343631" lon="25.809014">
        <ele>159.24</ele>
      </trkpt>
      <trkpt lat="55.343382" lon="25.808852">
        <ele>159.19</ele>
      </trkpt>
      <trkpt lat="55.343267" lon="25.808795">
        <ele>159.82</ele>
      </trkpt>
      <trkpt lat="55.343194" lon="25.808773">
        <ele>160</ele>
      </trkpt>
      <trkpt lat="55.343133" lon="25.808771">
        <ele>160</ele>
      </trkpt>
      <trkpt lat="55.343095" lon="25.808793">
        <ele>160.21</ele>
      </trkpt>
      <trkpt lat="55.342952" lon="25.80899">
        <ele>160.33</ele>
      </trkpt>
      <trkpt lat="55.341948" lon="25.810589">
        <ele>159.22</ele>
      </trkpt>
      <trkpt lat="55.341624" lon="25.811095">
        <ele>161.21</ele>
      </trkpt>
      <trkpt lat="55.34151" lon="25.811262">
        <ele>160.77</ele>
      </trkpt>
      <trkpt lat="55.341428" lon="25.81136">
        <ele>160.39</ele>
      </trkpt>
      <trkpt lat="55.341328" lon="25.811447">
        <ele>160.1</ele>
      </trkpt>
      <trkpt lat="55.341052" lon="25.811659">
        <ele>158.87</ele>
      </trkpt>
      <trkpt lat="55.341032" lon="25.811587">
        <ele>159</ele>
      </trkpt>
      <trkpt lat="55.341006" lon="25.81156">
        <ele>159</ele>
      </trkpt>
      <trkpt lat="55.34092" lon="25.81155">
        <ele>158.69</ele>
      </trkpt>
      <trkpt lat="55.340353" lon="25.811545">
        <ele>158</ele>
      </trkpt>
      <trkpt lat="55.340242" lon="25.811328">
        <ele>158.91</ele>
      </trkpt>
      <trkpt lat="55.339976" lon="25.810747">
        <ele>160.12</ele>
      </trkpt>
      <trkpt lat="55.339758" lon="25.810361">
        <ele>160.05</ele>
      </trkpt>
      <trkpt lat="55.339758" lon="25.810361">
        <ele>160.05</ele>
      </trkpt>
      <trkpt lat="55.339758" lon="25.810361">
        <ele>160.05</ele>
      </trkpt>
      <trkpt lat="55.339619" lon="25.810114">
        <ele>160</ele>
      </trkpt>
      <trkpt lat="55.339461" lon="25.809932">
        <ele>160</ele>
      </trkpt>
      <trkpt lat="55.339142" lon="25.809623">
        <ele>159</ele>
      </trkpt>
      <trkpt lat="55.338938" lon="25.809402">
        <ele>159</ele>
      </trkpt>
      <trkpt lat="55.338647" lon="25.808969">
        <ele>159</ele>
      </trkpt>
      <trkpt lat="55.338289" lon="25.808282">
        <ele>157.74</ele>
      </trkpt>
      <trkpt lat="55.337989" lon="25.807808">
        <ele>156.1</ele>
      </trkpt>
      <trkpt lat="55.337838" lon="25.807624">
        <ele>156.33</ele>
      </trkpt>
      <trkpt lat="55.337703" lon="25.807522">
        <ele>156.45</ele>
      </trkpt>
      <trkpt lat="55.337306" lon="25.807342">
        <ele>158.95</ele>
      </trkpt>
      <trkpt lat="55.337176" lon="25.807207">
        <ele>159.98</ele>
      </trkpt>
      <trkpt lat="55.336753" lon="25.806651">
        <ele>159</ele>
      </trkpt>
      <trkpt lat="55.336518" lon="25.80632">
        <ele>159</ele>
      </trkpt>
      <trkpt lat="55.336324" lon="25.805976">
        <ele>160.91</ele>
      </trkpt>
      <trkpt lat="55.33594" lon="25.805195">
        <ele>161</ele>
      </trkpt>
      <trkpt lat="55.335685" lon="25.804722">
        <ele>161</ele>
      </trkpt>
      <trkpt lat="55.335137" lon="25.80352">
        <ele>162</ele>
      </trkpt>
      <trkpt lat="55.334748" lon="25.802805">
        <ele>161.25</ele>
      </trkpt>
      <trkpt lat="55.334417" lon="25.801933">
        <ele>166.11</ele>
      </trkpt>
      <trkpt lat="55.334251" lon="25.801497">
        <ele>166.81</ele>
      </trkpt>
      <trkpt lat="55.334044" lon="25.801059">
        <ele>166.5</ele>
      </trkpt>
      <trkpt lat="55.333949" lon="25.800765">
        <ele>165.1</ele>
      </trkpt>
      <trkpt lat="55.333837" lon="25.800385">
        <ele>165.38</ele>
      </trkpt>
      <trkpt lat="55.333728" lon="25.800103">
        <ele>165.95</ele>
      </trkpt>
      <trkpt lat="55.33356" lon="25.79978">
        <ele>165.26</ele>
      </trkpt>
      <trkpt lat="55.333393" lon="25.799457">
        <ele>161.5</ele>
      </trkpt>
      <trkpt lat="55.333205" lon="25.799084">
        <ele>160.49</ele>
      </trkpt>
      <trkpt lat="55.33283" lon="25.798339">
        <ele>168.29</ele>
      </trkpt>
      <trkpt lat="55.332643" lon="25.797966">
        <ele>175.49</ele>
      </trkpt>
      <trkpt lat="55.33233" lon="25.79707">
        <ele>179.44</ele>
      </trkpt>
      <trkpt lat="55.3321" lon="25.796076">
        <ele>177.79</ele>
      </trkpt>
      <trkpt lat="55.331733" lon="25.794889">
        <ele>181.16</ele>
      </trkpt>
      <trkpt lat="55.33163" lon="25.794555">
        <ele>182.72</ele>
      </trkpt>
      <trkpt lat="55.331472" lon="25.794107">
        <ele>184</ele>
      </trkpt>
      <trkpt lat="55.331314" lon="25.793659">
        <ele>182.48</ele>
      </trkpt>
      <trkpt lat="55.331232" lon="25.793295">
        <ele>179.39</ele>
      </trkpt>
      <trkpt lat="55.331199" lon="25.792867">
        <ele>177</ele>
      </trkpt>
      <trkpt lat="55.331255" lon="25.792324">
        <ele>175.14</ele>
      </trkpt>
      <trkpt lat="55.33136" lon="25.791915">
        <ele>175.02</ele>
      </trkpt>
      <trkpt lat="55.331569" lon="25.791096">
        <ele>179.22</ele>
      </trkpt>
      <trkpt lat="55.331673" lon="25.790687">
        <ele>176.35</ele>
      </trkpt>
      <trkpt lat="55.331778" lon="25.790277">
        <ele>170.72</ele>
      </trkpt>
      <trkpt lat="55.331913" lon="25.789399">
        <ele>162.42</ele>
      </trkpt>
      <trkpt lat="55.331905" lon="25.788988">
        <ele>160.32</ele>
      </trkpt>
      <trkpt lat="55.33189" lon="25.788167">
        <ele>161</ele>
      </trkpt>
      <trkpt lat="55.331885" lon="25.787659">
        <ele>159.59</ele>
      </trkpt>
      <trkpt lat="55.33188" lon="25.78715">
        <ele>161.31</ele>
      </trkpt>
      <trkpt lat="55.331929" lon="25.786809">
        <ele>162.46</ele>
      </trkpt>
      <trkpt lat="55.332034" lon="25.786138">
        <ele>161.94</ele>
      </trkpt>
      <trkpt lat="55.332028" lon="25.78541">
        <ele>161.47</ele>
      </trkpt>
      <trkpt lat="55.331933" lon="25.784953">
        <ele>164.78</ele>
      </trkpt>
      <trkpt lat="55.331883" lon="25.784277">
        <ele>174.15</ele>
      </trkpt>
      <trkpt lat="55.331804" lon="25.783745">
        <ele>180.16</ele>
      </trkpt>
      <trkpt lat="55.331607" lon="25.782993">
        <ele>181.17</ele>
      </trkpt>
      <trkpt lat="55.331439" lon="25.78223">
        <ele>178</ele>
      </trkpt>
      <trkpt lat="55.331373" lon="25.781669">
        <ele>173.81</ele>
      </trkpt>
      <trkpt lat="55.331367" lon="25.781247">
        <ele>169.69</ele>
      </trkpt>
      <trkpt lat="55.33139" lon="25.780662">
        <ele>167.05</ele>
      </trkpt>
      <trkpt lat="55.331351" lon="25.780312">
        <ele>169.68</ele>
      </trkpt>
      <trkpt lat="55.331336" lon="25.779826">
        <ele>173.93</ele>
      </trkpt>
      <trkpt lat="55.331406" lon="25.779312">
        <ele>173.07</ele>
      </trkpt>
      <trkpt lat="55.331458" lon="25.778831">
        <ele>170.39</ele>
      </trkpt>
      <trkpt lat="55.331416" lon="25.778308">
        <ele>170.22</ele>
      </trkpt>
      <trkpt lat="55.331313" lon="25.777608">
        <ele>172.17</ele>
      </trkpt>
      <trkpt lat="55.331183" lon="25.776648">
        <ele>175</ele>
      </trkpt>
      <trkpt lat="55.331117" lon="25.776168">
        <ele>174.13</ele>
      </trkpt>
      <trkpt lat="55.331075" lon="25.775386">
        <ele>175</ele>
      </trkpt>
      <trkpt lat="55.331089" lon="25.774054">
        <ele>171.25</ele>
      </trkpt>
      <trkpt lat="55.331094" lon="25.77361">
        <ele>167.6</ele>
      </trkpt>
      <trkpt lat="55.331055" lon="25.773129">
        <ele>160.28</ele>
      </trkpt>
      <trkpt lat="55.330986" lon="25.772683">
        <ele>157</ele>
      </trkpt>
      <trkpt lat="55.330898" lon="25.772372">
        <ele>157.29</ele>
      </trkpt>
      <trkpt lat="55.330818" lon="25.772215">
        <ele>158.39</ele>
      </trkpt>
      <trkpt lat="55.330693" lon="25.772065">
        <ele>160.21</ele>
      </trkpt>
      <trkpt lat="55.330486" lon="25.771903">
        <ele>162.74</ele>
      </trkpt>
      <trkpt lat="55.330032" lon="25.771726">
        <ele>162.19</ele>
      </trkpt>
      <trkpt lat="55.329901" lon="25.771692">
        <ele>162.28</ele>
      </trkpt>
      <trkpt lat="55.329599" lon="25.771684">
        <ele>164.46</ele>
      </trkpt>
      <trkpt lat="55.32937" lon="25.771659">
        <ele>170.06</ele>
      </trkpt>
      <trkpt lat="55.32914" lon="25.771571">
        <ele>176.84</ele>
      </trkpt>
      <trkpt lat="55.3288" lon="25.771399">
        <ele>176.49</ele>
      </trkpt>
      <trkpt lat="55.328699" lon="25.771336">
        <ele>177.55</ele>
      </trkpt>
      <trkpt lat="55.328721" lon="25.771254">
        <ele>177.33</ele>
      </trkpt>
      <trkpt lat="55.328732" lon="25.771171">
        <ele>177.16</ele>
      </trkpt>
      <trkpt lat="55.328722" lon="25.771051">
        <ele>177.01</ele>
      </trkpt>
      <trkpt lat="55.328534" lon="25.770273">
        <ele>171.63</ele>
      </trkpt>
      <trkpt lat="55.3284" lon="25.769602">
        <ele>173.61</ele>
      </trkpt>
      <trkpt lat="55.32836" lon="25.769302">
        <ele>175</ele>
      </trkpt>
      <trkpt lat="55.328339" lon="25.768966">
        <ele>173.92</ele>
      </trkpt>
      <trkpt lat="55.328284" lon="25.768454">
        <ele>170.73</ele>
      </trkpt>
      <trkpt lat="55.328272" lon="25.768124">
        <ele>169.92</ele>
      </trkpt>
      <trkpt lat="55.328266" lon="25.767628">
        <ele>170.97</ele>
      </trkpt>
      <trkpt lat="55.328298" lon="25.766732">
        <ele>172</ele>
      </trkpt>
      <trkpt lat="55.328295" lon="25.765533">
        <ele>175.03</ele>
      </trkpt>
      <trkpt lat="55.328282" lon="25.764871">
        <ele>176.08</ele>
      </trkpt>
      <trkpt lat="55.328234" lon="25.764374">
        <ele>175</ele>
      </trkpt>
      <trkpt lat="55.328218" lon="25.763995">
        <ele>175.53</ele>
      </trkpt>
      <trkpt lat="55.328229" lon="25.763649">
        <ele>176</ele>
      </trkpt>
      <trkpt lat="55.328243" lon="25.763296">
        <ele>173.68</ele>
      </trkpt>
      <trkpt lat="55.328282" lon="25.762717">
        <ele>166.54</ele>
      </trkpt>
      <trkpt lat="55.328304" lon="25.762528">
        <ele>165.01</ele>
      </trkpt>
      <trkpt lat="55.328365" lon="25.762186">
        <ele>166.06</ele>
      </trkpt>
      <trkpt lat="55.328427" lon="25.761899">
        <ele>168.07</ele>
      </trkpt>
      <trkpt lat="55.328497" lon="25.761704">
        <ele>170.26</ele>
      </trkpt>
      <trkpt lat="55.328562" lon="25.761576">
        <ele>172.06</ele>
      </trkpt>
      <trkpt lat="55.328772" lon="25.761238">
        <ele>175.82</ele>
      </trkpt>
      <trkpt lat="55.328864" lon="25.761057">
        <ele>176.07</ele>
      </trkpt>
      <trkpt lat="55.328923" lon="25.760964">
        <ele>176.61</ele>
      </trkpt>
      <trkpt lat="55.329057" lon="25.760827">
        <ele>177.41</ele>
      </trkpt>
      <trkpt lat="55.329198" lon="25.760724">
        <ele>178.01</ele>
      </trkpt>
      <trkpt lat="55.329354" lon="25.76064">
        <ele>178.5</ele>
      </trkpt>
      <trkpt lat="55.329599" lon="25.760381">
        <ele>177.35</ele>
      </trkpt>
      <trkpt lat="55.329855" lon="25.760166">
        <ele>176.75</ele>
      </trkpt>
      <trkpt lat="55.330183" lon="25.760026">
        <ele>176.55</ele>
      </trkpt>
      <trkpt lat="55.330264" lon="25.76">
        <ele>176.78</ele>
      </trkpt>
      <trkpt lat="55.331032" lon="25.759407">
        <ele>175.67</ele>
      </trkpt>
      <trkpt lat="55.331633" lon="25.758785">
        <ele>171.7</ele>
      </trkpt>
      <trkpt lat="55.332083" lon="25.758388">
        <ele>155.96</ele>
      </trkpt>
      <trkpt lat="55.332155" lon="25.758296">
        <ele>155.32</ele>
      </trkpt>
      <trkpt lat="55.332298" lon="25.758074">
        <ele>158.39</ele>
      </trkpt>
      <trkpt lat="55.332425" lon="25.757873">
        <ele>165.33</ele>
      </trkpt>
      <trkpt lat="55.332529" lon="25.757664">
        <ele>170.78</ele>
      </trkpt>
      <trkpt lat="55.332616" lon="25.75743">
        <ele>173.96</ele>
      </trkpt>
      <trkpt lat="55.332677" lon="25.757237">
        <ele>175</ele>
      </trkpt>
      <trkpt lat="55.33295" lon="25.756687">
        <ele>175.48</ele>
      </trkpt>
      <trkpt lat="55.333127" lon="25.756373">
        <ele>175.51</ele>
      </trkpt>
      <trkpt lat="55.333679" lon="25.755499">
        <ele>175</ele>
      </trkpt>
      <trkpt lat="55.334242" lon="25.754608">
        <ele>166.9</ele>
      </trkpt>
      <trkpt lat="55.334632" lon="25.75399">
        <ele>170</ele>
      </trkpt>
      <trkpt lat="55.335021" lon="25.753373">
        <ele>168.68</ele>
      </trkpt>
      <trkpt lat="55.335414" lon="25.752895">
        <ele>167</ele>
      </trkpt>
      <trkpt lat="55.335807" lon="25.752417">
        <ele>171.07</ele>
      </trkpt>
      <trkpt lat="55.336448" lon="25.75235">
        <ele>170.2</ele>
      </trkpt>
      <trkpt lat="55.337284" lon="25.751378">
        <ele>176</ele>
      </trkpt>
      <trkpt lat="55.337883" lon="25.750391">
        <ele>176</ele>
      </trkpt>
      <trkpt lat="55.338112" lon="25.74961">
        <ele>176.13</ele>
      </trkpt>
      <trkpt lat="55.338227" lon="25.74922">
        <ele>174.27</ele>
      </trkpt>
      <trkpt lat="55.338088" lon="25.748836">
        <ele>174.58</ele>
      </trkpt>
      <trkpt lat="55.338067" lon="25.746654">
        <ele>175</ele>
      </trkpt>
      <trkpt lat="55.338119" lon="25.745241">
        <ele>176</ele>
      </trkpt>
      <trkpt lat="55.338172" lon="25.743828">
        <ele>173.83</ele>
      </trkpt>
      <trkpt lat="55.338215" lon="25.742899">
        <ele>166.03</ele>
      </trkpt>
      <trkpt lat="55.33829" lon="25.741522">
        <ele>165.16</ele>
      </trkpt>
      <trkpt lat="55.338208" lon="25.740993">
        <ele>166.02</ele>
      </trkpt>
      <trkpt lat="55.338126" lon="25.740464">
        <ele>169.25</ele>
      </trkpt>
      <trkpt lat="55.338048" lon="25.739911">
        <ele>170.99</ele>
      </trkpt>
      <trkpt lat="55.338026" lon="25.739329">
        <ele>169.78</ele>
      </trkpt>
      <trkpt lat="55.338066" lon="25.738808">
        <ele>167.76</ele>
      </trkpt>
      <trkpt lat="55.338218" lon="25.737982">
        <ele>166</ele>
      </trkpt>
      <trkpt lat="55.338419" lon="25.736539">
        <ele>171.2</ele>
      </trkpt>
      <trkpt lat="55.338553" lon="25.735577">
        <ele>168.79</ele>
      </trkpt>
      <trkpt lat="55.338687" lon="25.734615">
        <ele>162.11</ele>
      </trkpt>
      <trkpt lat="55.338754" lon="25.734134">
        <ele>160.55</ele>
      </trkpt>
      <trkpt lat="55.338917" lon="25.733639">
        <ele>160.11</ele>
      </trkpt>
      <trkpt lat="55.33905" lon="25.733465">
        <ele>160</ele>
      </trkpt>
      <trkpt lat="55.339209" lon="25.733326">
        <ele>160.87</ele>
      </trkpt>
      <trkpt lat="55.339446" lon="25.733225">
        <ele>164.3</ele>
      </trkpt>
      <trkpt lat="55.340247" lon="25.732395">
        <ele>170.71</ele>
      </trkpt>
      <trkpt lat="55.34038" lon="25.732204">
        <ele>171.82</ele>
      </trkpt>
      <trkpt lat="55.340609" lon="25.731743">
        <ele>172.31</ele>
      </trkpt>
      <trkpt lat="55.340921" lon="25.731033">
        <ele>172.25</ele>
      </trkpt>
      <trkpt lat="55.342098" lon="25.728343">
        <ele>168</ele>
      </trkpt>
      <trkpt lat="55.342535" lon="25.727327">
        <ele>163.72</ele>
      </trkpt>
      <trkpt lat="55.34265" lon="25.726917">
        <ele>162.49</ele>
      </trkpt>
      <trkpt lat="55.342668" lon="25.726588">
        <ele>160.65</ele>
      </trkpt>
      <trkpt lat="55.342552" lon="25.725818">
        <ele>158.99</ele>
      </trkpt>
      <trkpt lat="55.342458" lon="25.725033">
        <ele>154.95</ele>
      </trkpt>
      <trkpt lat="55.34241" lon="25.724641">
        <ele>155.7</ele>
      </trkpt>
      <trkpt lat="55.34236" lon="25.724212">
        <ele>159.73</ele>
      </trkpt>
      <trkpt lat="55.342309" lon="25.723784">
        <ele>160.5</ele>
      </trkpt>
      <trkpt lat="55.342216" lon="25.723272">
        <ele>158.63</ele>
      </trkpt>
      <trkpt lat="55.342084" lon="25.722796">
        <ele>155.13</ele>
      </trkpt>
      <trkpt lat="55.34182" lon="25.721843">
        <ele>153</ele>
      </trkpt>
      <trkpt lat="55.341688" lon="25.721367">
        <ele>153.83</ele>
      </trkpt>
      <trkpt lat="55.341606" lon="25.721046">
        <ele>155.43</ele>
      </trkpt>
      <trkpt lat="55.341554" lon="25.720773">
        <ele>156</ele>
      </trkpt>
      <trkpt lat="55.341493" lon="25.720398">
        <ele>156</ele>
      </trkpt>
      <trkpt lat="55.341351" lon="25.719107">
        <ele>154.22</ele>
      </trkpt>
      <trkpt lat="55.341209" lon="25.717816">
        <ele>154.65</ele>
      </trkpt>
      <trkpt lat="55.341156" lon="25.716966">
        <ele>155</ele>
      </trkpt>
      <trkpt lat="55.341103" lon="25.716116">
        <ele>158.61</ele>
      </trkpt>
      <trkpt lat="55.341098" lon="25.715639">
        <ele>163.28</ele>
      </trkpt>
      <trkpt lat="55.341125" lon="25.715249">
        <ele>167.34</ele>
      </trkpt>
      <trkpt lat="55.341224" lon="25.714528">
        <ele>168.6</ele>
      </trkpt>
      <trkpt lat="55.341268" lon="25.714032">
        <ele>165.53</ele>
      </trkpt>
      <trkpt lat="55.34124" lon="25.713547">
        <ele>165.3</ele>
      </trkpt>
      <trkpt lat="55.341182" lon="25.712575">
        <ele>173</ele>
      </trkpt>
      <trkpt lat="55.341154" lon="25.71209">
        <ele>173.18</ele>
      </trkpt>
      <trkpt lat="55.341097" lon="25.711118">
        <ele>168.83</ele>
      </trkpt>
      <trkpt lat="55.340925" lon="25.708204">
        <ele>169.75</ele>
      </trkpt>
      <trkpt lat="55.340931" lon="25.708029">
        <ele>169.73</ele>
      </trkpt>
      <trkpt lat="55.340965" lon="25.707876">
        <ele>169.61</ele>
      </trkpt>
      <trkpt lat="55.341155" lon="25.707246">
        <ele>169.6</ele>
      </trkpt>
      <trkpt lat="55.341301" lon="25.706555">
        <ele>171.67</ele>
      </trkpt>
      <trkpt lat="55.341357" lon="25.706138">
        <ele>171.26</ele>
      </trkpt>
      <trkpt lat="55.34147" lon="25.705305">
        <ele>164.76</ele>
      </trkpt>
      <trkpt lat="55.341526" lon="25.704889">
        <ele>165.43</ele>
      </trkpt>
      <trkpt lat="55.341542" lon="25.704625">
        <ele>165.19</ele>
      </trkpt>
      <trkpt lat="55.341503" lon="25.704064">
        <ele>162.89</ele>
      </trkpt>
      <trkpt lat="55.341464" lon="25.703502">
        <ele>158.17</ele>
      </trkpt>
      <trkpt lat="55.34135" lon="25.702806">
        <ele>156.34</ele>
      </trkpt>
      <trkpt lat="55.340892" lon="25.701692">
        <ele>157.53</ele>
      </trkpt>
      <trkpt lat="55.34075" lon="25.701385">
        <ele>160.01</ele>
      </trkpt>
      <trkpt lat="55.340597" lon="25.701263">
        <ele>161.38</ele>
      </trkpt>
      <trkpt lat="55.340306" lon="25.701205">
        <ele>161.01</ele>
      </trkpt>
      <trkpt lat="55.339432" lon="25.701029">
        <ele>154.93</ele>
      </trkpt>
      <trkpt lat="55.339119" lon="25.701033">
        <ele>157.9</ele>
      </trkpt>
      <trkpt lat="55.338806" lon="25.701037">
        <ele>156.71</ele>
      </trkpt>
      <trkpt lat="55.338497" lon="25.701038">
        <ele>152.58</ele>
      </trkpt>
      <trkpt lat="55.338364" lon="25.700945">
        <ele>151.67</ele>
      </trkpt>
      <trkpt lat="55.338207" lon="25.700673">
        <ele>152.05</ele>
      </trkpt>
      <trkpt lat="55.338009" lon="25.69979">
        <ele>157.55</ele>
      </trkpt>
      <trkpt lat="55.337977" lon="25.699463">
        <ele>159.05</ele>
      </trkpt>
      <trkpt lat="55.337998" lon="25.699129">
        <ele>159.65</ele>
      </trkpt>
      <trkpt lat="55.338088" lon="25.698426">
        <ele>160.06</ele>
      </trkpt>
      <trkpt lat="55.3382" lon="25.698099">
        <ele>162.23</ele>
      </trkpt>
      <trkpt lat="55.338373" lon="25.697779">
        <ele>165.25</ele>
      </trkpt>
      <trkpt lat="55.338968" lon="25.696829">
        <ele>164.58</ele>
      </trkpt>
      <trkpt lat="55.339169" lon="25.696507">
        <ele>167.56</ele>
      </trkpt>
      <trkpt lat="55.339311" lon="25.696182">
        <ele>166.9</ele>
      </trkpt>
      <trkpt lat="55.339595" lon="25.695534">
        <ele>157.17</ele>
      </trkpt>
      <trkpt lat="55.339663" lon="25.695297">
        <ele>156.6</ele>
      </trkpt>
      <trkpt lat="55.339697" lon="25.695089">
        <ele>156</ele>
      </trkpt>
      <trkpt lat="55.339704" lon="25.694829">
        <ele>157.24</ele>
      </trkpt>
      <trkpt lat="55.339684" lon="25.694447">
        <ele>160.08</ele>
      </trkpt>
      <trkpt lat="55.339682" lon="25.693908">
        <ele>161.85</ele>
      </trkpt>
      <trkpt lat="55.339682" lon="25.693382">
        <ele>160.29</ele>
      </trkpt>
      <trkpt lat="55.339605" lon="25.692498">
        <ele>157.37</ele>
      </trkpt>
      <trkpt lat="55.339529" lon="25.691614">
        <ele>157</ele>
      </trkpt>
      <trkpt lat="55.339453" lon="25.690731">
        <ele>159.37</ele>
      </trkpt>
      <trkpt lat="55.339248" lon="25.688316">
        <ele>159</ele>
      </trkpt>
      <trkpt lat="55.339243" lon="25.688059">
        <ele>159.11</ele>
      </trkpt>
      <trkpt lat="55.339376" lon="25.686974">
        <ele>160.58</ele>
      </trkpt>
      <trkpt lat="55.339423" lon="25.68473">
        <ele>158</ele>
      </trkpt>
      <trkpt lat="55.339501" lon="25.683939">
        <ele>156</ele>
      </trkpt>
      <trkpt lat="55.33976" lon="25.683071">
        <ele>157.73</ele>
      </trkpt>
      <trkpt lat="55.339896" lon="25.682361">
        <ele>158.39</ele>
      </trkpt>
      <trkpt lat="55.33991" lon="25.681558">
        <ele>157</ele>
      </trkpt>
      <trkpt lat="55.339845" lon="25.680996">
        <ele>158.62</ele>
      </trkpt>
      <trkpt lat="55.339738" lon="25.680585">
        <ele>162.64</ele>
      </trkpt>
      <trkpt lat="55.339553" lon="25.680233">
        <ele>167.98</ele>
      </trkpt>
      <trkpt lat="55.339322" lon="25.679847">
        <ele>169.03</ele>
      </trkpt>
      <trkpt lat="55.339091" lon="25.679461">
        <ele>164.2</ele>
      </trkpt>
      <trkpt lat="55.338922" lon="25.678882">
        <ele>160.05</ele>
      </trkpt>
      <trkpt lat="55.338862" lon="25.678301">
        <ele>159.93</ele>
      </trkpt>
      <trkpt lat="55.338927" lon="25.677433">
        <ele>159.98</ele>
      </trkpt>
      <trkpt lat="55.338959" lon="25.677">
        <ele>163.59</ele>
      </trkpt>
      <trkpt lat="55.338945" lon="25.676572">
        <ele>169.63</ele>
      </trkpt>
      <trkpt lat="55.338918" lon="25.675715">
        <ele>171.16</ele>
      </trkpt>
      <trkpt lat="55.339002" lon="25.67508">
        <ele>176.71</ele>
      </trkpt>
      <trkpt lat="55.339106" lon="25.674652">
        <ele>178.82</ele>
      </trkpt>
      <trkpt lat="55.339416" lon="25.673366">
        <ele>177.1</ele>
      </trkpt>
      <trkpt lat="55.339484" lon="25.672606">
        <ele>173.14</ele>
      </trkpt>
      <trkpt lat="55.339503" lon="25.672087">
        <ele>171.3</ele>
      </trkpt>
      <trkpt lat="55.339521" lon="25.671568">
        <ele>173.07</ele>
      </trkpt>
      <trkpt lat="55.339539" lon="25.671048">
        <ele>172.16</ele>
      </trkpt>
      <trkpt lat="55.339567" lon="25.670562">
        <ele>169.15</ele>
      </trkpt>
      <trkpt lat="55.339642" lon="25.67009">
        <ele>165.06</ele>
      </trkpt>
      <trkpt lat="55.339664" lon="25.669626">
        <ele>163.53</ele>
      </trkpt>
      <trkpt lat="55.339606" lon="25.669315">
        <ele>164.46</ele>
      </trkpt>
      <trkpt lat="55.339464" lon="25.668905">
        <ele>166.41</ele>
      </trkpt>
      <trkpt lat="55.339321" lon="25.668558">
        <ele>166.86</ele>
      </trkpt>
      <trkpt lat="55.339179" lon="25.66821">
        <ele>170.37</ele>
      </trkpt>
      <trkpt lat="55.339036" lon="25.667863">
        <ele>171.08</ele>
      </trkpt>
      <trkpt lat="55.338751" lon="25.667168">
        <ele>166.82</ele>
      </trkpt>
      <trkpt lat="55.338639" lon="25.666795">
        <ele>166.11</ele>
      </trkpt>
      <trkpt lat="55.338417" lon="25.666049">
        <ele>169.47</ele>
      </trkpt>
      <trkpt lat="55.338322" lon="25.665641">
        <ele>166.17</ele>
      </trkpt>
      <trkpt lat="55.338253" lon="25.665108">
        <ele>160.29</ele>
      </trkpt>
      <trkpt lat="55.338184" lon="25.664574">
        <ele>159</ele>
      </trkpt>
      <trkpt lat="55.338076" lon="25.664049">
        <ele>159</ele>
      </trkpt>
      <trkpt lat="55.33793" lon="25.663637">
        <ele>159</ele>
      </trkpt>
      <trkpt lat="55.337878" lon="25.663436">
        <ele>158.36</ele>
      </trkpt>
      <trkpt lat="55.337788" lon="25.66285">
        <ele>157</ele>
      </trkpt>
      <trkpt lat="55.337758" lon="25.662298">
        <ele>156</ele>
      </trkpt>
      <trkpt lat="55.337767" lon="25.661967">
        <ele>157.18</ele>
      </trkpt>
      <trkpt lat="55.337806" lon="25.66166">
        <ele>158</ele>
      </trkpt>
      <trkpt lat="55.33787" lon="25.661301">
        <ele>159</ele>
      </trkpt>
      <trkpt lat="55.337986" lon="25.660849">
        <ele>158.62</ele>
      </trkpt>
      <trkpt lat="55.338302" lon="25.65998">
        <ele>160.13</ele>
      </trkpt>
      <trkpt lat="55.338796" lon="25.658639">
        <ele>158</ele>
      </trkpt>
      <trkpt lat="55.338921" lon="25.658435">
        <ele>158</ele>
      </trkpt>
      <trkpt lat="55.339153" lon="25.658165">
        <ele>158</ele>
      </trkpt>
      <trkpt lat="55.339369" lon="25.657853">
        <ele>159</ele>
      </trkpt>
      <trkpt lat="55.339573" lon="25.657497">
        <ele>159.6</ele>
      </trkpt>
      <trkpt lat="55.339751" lon="25.657087">
        <ele>159.67</ele>
      </trkpt>
      <trkpt lat="55.339823" lon="25.656874">
        <ele>159.21</ele>
      </trkpt>
      <trkpt lat="55.339879" lon="25.656671">
        <ele>158.73</ele>
      </trkpt>
      <trkpt lat="55.339923" lon="25.656429">
        <ele>157.68</ele>
      </trkpt>
      <trkpt lat="55.340028" lon="25.655531">
        <ele>156</ele>
      </trkpt>
      <trkpt lat="55.340085" lon="25.655292">
        <ele>156</ele>
      </trkpt>
      <trkpt lat="55.340166" lon="25.655088">
        <ele>156</ele>
      </trkpt>
      <trkpt lat="55.340282" lon="25.654892">
        <ele>156</ele>
      </trkpt>
      <trkpt lat="55.340405" lon="25.654762">
        <ele>156</ele>
      </trkpt>
      <trkpt lat="55.342002" lon="25.653295">
        <ele>159.43</ele>
      </trkpt>
      <trkpt lat="55.34233" lon="25.652918">
        <ele>160</ele>
      </trkpt>
      <trkpt lat="55.342414" lon="25.652781">
        <ele>160.64</ele>
      </trkpt>
      <trkpt lat="55.342513" lon="25.652555">
        <ele>161</ele>
      </trkpt>
      <trkpt lat="55.342789" lon="25.651701">
        <ele>162.47</ele>
      </trkpt>
      <trkpt lat="55.342879" lon="25.651464">
        <ele>162.4</ele>
      </trkpt>
      <trkpt lat="55.343005" lon="25.651261">
        <ele>162.86</ele>
      </trkpt>
      <trkpt lat="55.343097" lon="25.651182">
        <ele>163</ele>
      </trkpt>
      <trkpt lat="55.342988" lon="25.650806">
        <ele>161.48</ele>
      </trkpt>
      <trkpt lat="55.342293" lon="25.648413">
        <ele>160.41</ele>
      </trkpt>
      <trkpt lat="55.342247" lon="25.648193">
        <ele>160</ele>
      </trkpt>
      <trkpt lat="55.342234" lon="25.647987">
        <ele>160</ele>
      </trkpt>
      <trkpt lat="55.342251" lon="25.64777">
        <ele>160</ele>
      </trkpt>
      <trkpt lat="55.342328" lon="25.647487">
        <ele>159.76</ele>
      </trkpt>
      <trkpt lat="55.342789" lon="25.646387">
        <ele>162.2</ele>
      </trkpt>
      <trkpt lat="55.343097" lon="25.645654">
        <ele>160.61</ele>
      </trkpt>
      <trkpt lat="55.343558" lon="25.644554">
        <ele>164.54</ele>
      </trkpt>
      <trkpt lat="55.344555" lon="25.642173">
        <ele>163.08</ele>
      </trkpt>
      <trkpt lat="55.344723" lon="25.641819">
        <ele>163.24</ele>
      </trkpt>
      <trkpt lat="55.344893" lon="25.641589">
        <ele>162.67</ele>
      </trkpt>
      <trkpt lat="55.345126" lon="25.641328">
        <ele>161.11</ele>
      </trkpt>
      <trkpt lat="55.346057" lon="25.640283">
        <ele>163</ele>
      </trkpt>
      <trkpt lat="55.346311" lon="25.639952">
        <ele>164</ele>
      </trkpt>
      <trkpt lat="55.346517" lon="25.639609">
        <ele>164</ele>
      </trkpt>
      <trkpt lat="55.346615" lon="25.639343">
        <ele>164</ele>
      </trkpt>
      <trkpt lat="55.346705" lon="25.638973">
        <ele>163.13</ele>
      </trkpt>
      <trkpt lat="55.346794" lon="25.638478">
        <ele>161.57</ele>
      </trkpt>
      <trkpt lat="55.346973" lon="25.637487">
        <ele>163.74</ele>
      </trkpt>
      <trkpt lat="55.347398" lon="25.635074">
        <ele>164.6</ele>
      </trkpt>
      <trkpt lat="55.347483" lon="25.634591">
        <ele>165.35</ele>
      </trkpt>
      <trkpt lat="55.347568" lon="25.634109">
        <ele>168.1</ele>
      </trkpt>
      <trkpt lat="55.347756" lon="25.633229">
        <ele>169.19</ele>
      </trkpt>
      <trkpt lat="55.347945" lon="25.632349">
        <ele>166.5</ele>
      </trkpt>
      <trkpt lat="55.348172" lon="25.631266">
        <ele>168.49</ele>
      </trkpt>
      <trkpt lat="55.348393" lon="25.629957">
        <ele>170.28</ele>
      </trkpt>
      <trkpt lat="55.348689" lon="25.628211">
        <ele>169.64</ele>
      </trkpt>
      <trkpt lat="55.348759" lon="25.6277">
        <ele>170.48</ele>
      </trkpt>
      <trkpt lat="55.348794" lon="25.626971">
        <ele>171</ele>
      </trkpt>
      <trkpt lat="55.348861" lon="25.625826">
        <ele>171.3</ele>
      </trkpt>
      <trkpt lat="55.348911" lon="25.624953">
        <ele>169</ele>
      </trkpt>
      <trkpt lat="55.348959" lon="25.624036">
        <ele>170.6</ele>
      </trkpt>
      <trkpt lat="55.34903" lon="25.622661">
        <ele>164.71</ele>
      </trkpt>
      <trkpt lat="55.349083" lon="25.621924">
        <ele>166.17</ele>
      </trkpt>
      <trkpt lat="55.349138" lon="25.621273">
        <ele>166.6</ele>
      </trkpt>
      <trkpt lat="55.349309" lon="25.619722">
        <ele>167</ele>
      </trkpt>
      <trkpt lat="55.349425" lon="25.618706">
        <ele>165.47</ele>
      </trkpt>
      <trkpt lat="55.349663" lon="25.616709">
        <ele>168</ele>
      </trkpt>
      <trkpt lat="55.349728" lon="25.616035">
        <ele>168</ele>
      </trkpt>
      <trkpt lat="55.349748" lon="25.615531">
        <ele>168.69</ele>
      </trkpt>
      <trkpt lat="55.349754" lon="25.614892">
        <ele>169</ele>
      </trkpt>
      <trkpt lat="55.349751" lon="25.614252">
        <ele>169.6</ele>
      </trkpt>
      <trkpt lat="55.349714" lon="25.613808">
        <ele>170.42</ele>
      </trkpt>
      <trkpt lat="55.349663" lon="25.613412">
        <ele>171</ele>
      </trkpt>
      <trkpt lat="55.349595" lon="25.613113">
        <ele>172</ele>
      </trkpt>
      <trkpt lat="55.349473" lon="25.612748">
        <ele>172.28</ele>
      </trkpt>
      <trkpt lat="55.348729" lon="25.611118">
        <ele>173.22</ele>
      </trkpt>
      <trkpt lat="55.348417" lon="25.610383">
        <ele>172.11</ele>
      </trkpt>
      <trkpt lat="55.34825" lon="25.60999">
        <ele>173.38</ele>
      </trkpt>
      <trkpt lat="55.348169" lon="25.609732">
        <ele>174</ele>
      </trkpt>
      <trkpt lat="55.348098" lon="25.60944">
        <ele>175.68</ele>
      </trkpt>
      <trkpt lat="55.348075" lon="25.609179">
        <ele>177</ele>
      </trkpt>
      <trkpt lat="55.348058" lon="25.608066">
        <ele>177.63</ele>
      </trkpt>
      <trkpt lat="55.348042" lon="25.605985">
        <ele>174</ele>
      </trkpt>
      <trkpt lat="55.348053" lon="25.604988">
        <ele>174.3</ele>
      </trkpt>
      <trkpt lat="55.348016" lon="25.604456">
        <ele>175</ele>
      </trkpt>
      <trkpt lat="55.347914" lon="25.603856">
        <ele>176.01</ele>
      </trkpt>
      <trkpt lat="55.347603" lon="25.602457">
        <ele>178</ele>
      </trkpt>
      <trkpt lat="55.347447" lon="25.601505">
        <ele>178.19</ele>
      </trkpt>
      <trkpt lat="55.347447" lon="25.601505">
        <ele>178.19</ele>
      </trkpt>
      <trkpt lat="55.347416" lon="25.601116">
        <ele>177.01</ele>
      </trkpt>
      <trkpt lat="55.34738" lon="25.60047">
        <ele>176</ele>
      </trkpt>
      <trkpt lat="55.347366" lon="25.600052">
        <ele>176</ele>
      </trkpt>
      <trkpt lat="55.347369" lon="25.599771">
        <ele>176</ele>
      </trkpt>
      <trkpt lat="55.34739" lon="25.599415">
        <ele>176</ele>
      </trkpt>
      <trkpt lat="55.347085" lon="25.599141">
        <ele>177</ele>
      </trkpt>
      <trkpt lat="55.346757" lon="25.598811">
        <ele>177.42</ele>
      </trkpt>
      <trkpt lat="55.34652" lon="25.598535">
        <ele>176.97</ele>
      </trkpt>
      <trkpt lat="55.346298" lon="25.598241">
        <ele>177.69</ele>
      </trkpt>
      <trkpt lat="55.346092" lon="25.597926">
        <ele>178.39</ele>
      </trkpt>
      <trkpt lat="55.345846" lon="25.597505">
        <ele>180.01</ele>
      </trkpt>
      <trkpt lat="55.345647" lon="25.59709">
        <ele>179.73</ele>
      </trkpt>
      <trkpt lat="55.345493" lon="25.59673">
        <ele>179.27</ele>
      </trkpt>
      <trkpt lat="55.345337" lon="25.596317">
        <ele>179.53</ele>
      </trkpt>
      <trkpt lat="55.345204" lon="25.595908">
        <ele>180.45</ele>
      </trkpt>
      <trkpt lat="55.344712" lon="25.594081">
        <ele>179.28</ele>
      </trkpt>
      <trkpt lat="55.344589" lon="25.593624">
        <ele>176.53</ele>
      </trkpt>
      <trkpt lat="55.344343" lon="25.59271">
        <ele>175</ele>
      </trkpt>
      <trkpt lat="55.343779" lon="25.590601">
        <ele>177.96</ele>
      </trkpt>
      <trkpt lat="55.34344" lon="25.589335">
        <ele>172.14</ele>
      </trkpt>
      <trkpt lat="55.3432110998804" lon="25.58847764038041">
        <ele>172.04518940656044</ele>
      </trkpt>
      <trkpt lat="55.343102" lon="25.588069">
        <ele>172</ele>
      </trkpt>
      <trkpt lat="55.342989" lon="25.587647">
        <ele>173.48</ele>
      </trkpt>
      <trkpt lat="55.342556" lon="25.586013">
        <ele>171</ele>
      </trkpt>
      <trkpt lat="55.342237" lon="25.584801">
        <ele>171.83</ele>
      </trkpt>
      <trkpt lat="55.341593" lon="25.58236">
        <ele>170.25</ele>
      </trkpt>
      <trkpt lat="55.340765" lon="25.579252">
        <ele>175</ele>
      </trkpt>
      <trkpt lat="55.34041" lon="25.577919">
        <ele>172</ele>
      </trkpt>
      <trkpt lat="55.340057" lon="25.57663">
        <ele>168</ele>
      </trkpt>
      <trkpt lat="55.339799" lon="25.575697">
        <ele>168.22</ele>
      </trkpt>
      <trkpt lat="55.33937" lon="25.574077">
        <ele>168.43</ele>
      </trkpt>
      <trkpt lat="55.339147" lon="25.573242">
        <ele>165.24</ele>
      </trkpt>
      <trkpt lat="55.337126" lon="25.565666">
        <ele>162.08</ele>
      </trkpt>
      <trkpt lat="55.336706" lon="25.564254">
        <ele>165.29</ele>
      </trkpt>
      <trkpt lat="55.336242" lon="25.562937">
        <ele>169.52</ele>
      </trkpt>
      <trkpt lat="55.336002" lon="25.56231">
        <ele>168.4</ele>
      </trkpt>
      <trkpt lat="55.335542" lon="25.561202">
        <ele>168.15</ele>
      </trkpt>
      <trkpt lat="55.335258" lon="25.560517">
        <ele>168</ele>
      </trkpt>
      <trkpt lat="55.334233" lon="25.558384">
        <ele>166.99</ele>
      </trkpt>
      <trkpt lat="55.331869" lon="25.553465">
        <ele>169</ele>
      </trkpt>
      <trkpt lat="55.331021" lon="25.551721">
        <ele>165.18</ele>
      </trkpt>
      <trkpt lat="55.33044" lon="25.550627">
        <ele>165.89</ele>
      </trkpt>
      <trkpt lat="55.330191" lon="25.550203">
        <ele>167</ele>
      </trkpt>
      <trkpt lat="55.330009" lon="25.549914">
        <ele>167.56</ele>
      </trkpt>
      <trkpt lat="55.329461" lon="25.549046">
        <ele>163</ele>
      </trkpt>
      <trkpt lat="55.329312" lon="25.54881">
        <ele>163.6</ele>
      </trkpt>
      <trkpt lat="55.329099" lon="25.548473">
        <ele>164.46</ele>
      </trkpt>
      <trkpt lat="55.329196" lon="25.548261">
        <ele>163</ele>
      </trkpt>
      <trkpt lat="55.329299" lon="25.54814">
        <ele>162.99</ele>
      </trkpt>
      <trkpt lat="55.329671" lon="25.547781">
        <ele>164.07</ele>
      </trkpt>
      <trkpt lat="55.329769" lon="25.547668">
        <ele>164.72</ele>
      </trkpt>
      <trkpt lat="55.329828" lon="25.547537">
        <ele>165.01</ele>
      </trkpt>
      <trkpt lat="55.329871" lon="25.547402">
        <ele>165.27</ele>
      </trkpt>
      <trkpt lat="55.329965" lon="25.546289">
        <ele>169</ele>
      </trkpt>
      <trkpt lat="55.329968" lon="25.546107">
        <ele>169.34</ele>
      </trkpt>
      <trkpt lat="55.329958" lon="25.545943">
        <ele>169.31</ele>
      </trkpt>
      <trkpt lat="55.329907" lon="25.545678">
        <ele>169.8</ele>
      </trkpt>
      <trkpt lat="55.329817" lon="25.544867">
        <ele>168.55</ele>
      </trkpt>
      <trkpt lat="55.329907" lon="25.545678">
        <ele>169.8</ele>
      </trkpt>
      <trkpt lat="55.329958" lon="25.545943">
        <ele>169.31</ele>
      </trkpt>
      <trkpt lat="55.329968" lon="25.546107">
        <ele>169.34</ele>
      </trkpt>
      <trkpt lat="55.329965" lon="25.546289">
        <ele>169</ele>
      </trkpt>
      <trkpt lat="55.329871" lon="25.547402">
        <ele>165.27</ele>
      </trkpt>
      <trkpt lat="55.329828" lon="25.547537">
        <ele>165.01</ele>
      </trkpt>
      <trkpt lat="55.329769" lon="25.547668">
        <ele>164.72</ele>
      </trkpt>
      <trkpt lat="55.329671" lon="25.547781">
        <ele>164.07</ele>
      </trkpt>
      <trkpt lat="55.329299" lon="25.54814">
        <ele>162.99</ele>
      </trkpt>
      <trkpt lat="55.329196" lon="25.548261">
        <ele>163</ele>
      </trkpt>
      <trkpt lat="55.329099" lon="25.548473">
        <ele>164.46</ele>
      </trkpt>
      <trkpt lat="55.328249" lon="25.547182">
        <ele>166</ele>
      </trkpt>
      <trkpt lat="55.327581" lon="25.546192">
        <ele>169.3</ele>
      </trkpt>
      <trkpt lat="55.327236" lon="25.545644">
        <ele>170.49</ele>
      </trkpt>
      <trkpt lat="55.327286" lon="25.545475">
        <ele>171</ele>
      </trkpt>
      <trkpt lat="55.327515" lon="25.544913">
        <ele>172</ele>
      </trkpt>
      <trkpt lat="55.327724" lon="25.544372">
        <ele>170.57</ele>
      </trkpt>
      <trkpt lat="55.328217" lon="25.543044">
        <ele>170.29</ele>
      </trkpt>
      <trkpt lat="55.328501" lon="25.542254">
        <ele>171</ele>
      </trkpt>
      <trkpt lat="55.328928" lon="25.541068">
        <ele>168.29</ele>
      </trkpt>
      <trkpt lat="55.329617" lon="25.539152">
        <ele>169</ele>
      </trkpt>
      <trkpt lat="55.329821" lon="25.538529">
        <ele>169</ele>
      </trkpt>
      <trkpt lat="55.329949" lon="25.538033">
        <ele>168.78</ele>
      </trkpt>
      <trkpt lat="55.33003" lon="25.537607">
        <ele>167.61</ele>
      </trkpt>
      <trkpt lat="55.330186" lon="25.536782">
        <ele>165.36</ele>
      </trkpt>
      <trkpt lat="55.330258" lon="25.536502">
        <ele>165.4</ele>
      </trkpt>
      <trkpt lat="55.330316" lon="25.536321">
        <ele>165.72</ele>
      </trkpt>
      <trkpt lat="55.330476" lon="25.535952">
        <ele>166.23</ele>
      </trkpt>
      <trkpt lat="55.330576" lon="25.535774">
        <ele>166.33</ele>
      </trkpt>
      <trkpt lat="55.330855" lon="25.535358">
        <ele>168</ele>
      </trkpt>
      <trkpt lat="55.331234" lon="25.534828">
        <ele>168.78</ele>
      </trkpt>
      <trkpt lat="55.332979" lon="25.531705">
        <ele>169.47</ele>
      </trkpt>
      <trkpt lat="55.333193" lon="25.531346">
        <ele>168.38</ele>
      </trkpt>
      <trkpt lat="55.33443" lon="25.529278">
        <ele>171</ele>
      </trkpt>
      <trkpt lat="55.334833" lon="25.528651">
        <ele>172</ele>
      </trkpt>
      <trkpt lat="55.335101" lon="25.528207">
        <ele>172</ele>
      </trkpt>
      <trkpt lat="55.335407" lon="25.527739">
        <ele>173</ele>
      </trkpt>
      <trkpt lat="55.335819" lon="25.527016">
        <ele>173.43</ele>
      </trkpt>
      <trkpt lat="55.336092" lon="25.526493">
        <ele>174.17</ele>
      </trkpt>
      <trkpt lat="55.336157" lon="25.526306">
        <ele>173.7</ele>
      </trkpt>
      <trkpt lat="55.33624" lon="25.525935">
        <ele>173.53</ele>
      </trkpt>
      <trkpt lat="55.336574" lon="25.52645">
        <ele>174.46</ele>
      </trkpt>
      <trkpt lat="55.336886" lon="25.526932">
        <ele>175</ele>
      </trkpt>
      <trkpt lat="55.337164" lon="25.526444">
        <ele>173</ele>
      </trkpt>
      <trkpt lat="55.337756" lon="25.525632">
        <ele>172.97</ele>
      </trkpt>
      <trkpt lat="55.338007" lon="25.525287">
        <ele>171.35</ele>
      </trkpt>
      <trkpt lat="55.338123" lon="25.525231">
        <ele>171.17</ele>
      </trkpt>
      <trkpt lat="55.338302" lon="25.525259">
        <ele>170.01</ele>
      </trkpt>
      <trkpt lat="55.338473" lon="25.525328">
        <ele>168.61</ele>
      </trkpt>
      <trkpt lat="55.33862" lon="25.525455">
        <ele>168.75</ele>
      </trkpt>
      <trkpt lat="55.338723" lon="25.525626">
        <ele>169.71</ele>
      </trkpt>
      <trkpt lat="55.338799" lon="25.525827">
        <ele>170.26</ele>
      </trkpt>
      <trkpt lat="55.339053" lon="25.526863">
        <ele>168.09</ele>
      </trkpt>
      <trkpt lat="55.339098" lon="25.52691">
        <ele>168.44</ele>
      </trkpt>
      <trkpt lat="55.339182" lon="25.526933">
        <ele>168.89</ele>
      </trkpt>
      <trkpt lat="55.339248" lon="25.526893">
        <ele>169</ele>
      </trkpt>
      <trkpt lat="55.339314" lon="25.526789">
        <ele>169</ele>
      </trkpt>
      <trkpt lat="55.339314" lon="25.526789">
        <ele>169</ele>
      </trkpt>
      <trkpt lat="55.339458" lon="25.526561">
        <ele>169</ele>
      </trkpt>
      <trkpt lat="55.339543" lon="25.526527">
        <ele>168.7</ele>
      </trkpt>
      <trkpt lat="55.339589" lon="25.526495">
        <ele>168.24</ele>
      </trkpt>
      <trkpt lat="55.339624" lon="25.526413">
        <ele>168</ele>
      </trkpt>
      <trkpt lat="55.339628" lon="25.526355">
        <ele>168</ele>
      </trkpt>
      <trkpt lat="55.339621" lon="25.526273">
        <ele>168.12</ele>
      </trkpt>
      <trkpt lat="55.33947" lon="25.525647">
        <ele>171.75</ele>
      </trkpt>
      <trkpt lat="55.339428" lon="25.525415">
        <ele>172.45</ele>
      </trkpt>
      <trkpt lat="55.339244" lon="25.5244">
        <ele>172</ele>
      </trkpt>
      <trkpt lat="55.339046" lon="25.523792">
        <ele>172</ele>
      </trkpt>
      <trkpt lat="55.339103" lon="25.523808">
        <ele>172</ele>
      </trkpt>
      <trkpt lat="55.339186" lon="25.523736">
        <ele>172</ele>
      </trkpt>
      <trkpt lat="55.339225" lon="25.523693">
        <ele>172</ele>
      </trkpt>
      <trkpt lat="55.33984" lon="25.522838">
        <ele>169.7</ele>
      </trkpt>
      <trkpt lat="55.340912" lon="25.52133">
        <ele>169</ele>
      </trkpt>
      <trkpt lat="55.34095" lon="25.521271">
        <ele>169</ele>
      </trkpt>
      <trkpt lat="55.341029" lon="25.521152">
        <ele>169</ele>
      </trkpt>
      <trkpt lat="55.34090226910548" lon="25.52039336249843">
        <ele>169.55661352630167</ele>
      </trkpt>
      <trkpt lat="55.340775538210956" lon="25.51963472499686">
        <ele>173.6133659266634</ele>
      </trkpt>
      <trkpt lat="55.340674" lon="25.519028">
        <ele>174.61</ele>
      </trkpt>
      <trkpt lat="55.341137" lon="25.518692">
        <ele>173.41</ele>
      </trkpt>
      <trkpt lat="55.34154" lon="25.518323">
        <ele>173.34</ele>
      </trkpt>
      <trkpt lat="55.341669" lon="25.518252">
        <ele>173.72</ele>
      </trkpt>
      <trkpt lat="55.341784" lon="25.518236">
        <ele>172.84</ele>
      </trkpt>
      <trkpt lat="55.342147" lon="25.518307">
        <ele>171.47</ele>
      </trkpt>
      <trkpt lat="55.342408" lon="25.518442">
        <ele>171</ele>
      </trkpt>
      <trkpt lat="55.343511" lon="25.519108">
        <ele>171.66</ele>
      </trkpt>
      <trkpt lat="55.34372" lon="25.519274">
        <ele>172</ele>
      </trkpt>
      <trkpt lat="55.344119" lon="25.519659">
        <ele>171.96</ele>
      </trkpt>
      <trkpt lat="55.344449" lon="25.519949">
        <ele>171</ele>
      </trkpt>
      <trkpt lat="55.344851" lon="25.520343">
        <ele>170.18</ele>
      </trkpt>
      <trkpt lat="55.345162" lon="25.520626">
        <ele>170.01</ele>
      </trkpt>
      <trkpt lat="55.345405" lon="25.520759">
        <ele>169.78</ele>
      </trkpt>
      <trkpt lat="55.34594" lon="25.520978">
        <ele>168.1</ele>
      </trkpt>
      <trkpt lat="55.346744" lon="25.521305">
        <ele>169</ele>
      </trkpt>
      <trkpt lat="55.347627" lon="25.521693">
        <ele>169.28</ele>
      </trkpt>
      <trkpt lat="55.349283" lon="25.522418">
        <ele>170</ele>
      </trkpt>
      <trkpt lat="55.350244" lon="25.522798">
        <ele>171.22</ele>
      </trkpt>
      <trkpt lat="55.351391" lon="25.523311">
        <ele>171</ele>
      </trkpt>
      <trkpt lat="55.352302" lon="25.523872">
        <ele>168</ele>
      </trkpt>
      <trkpt lat="55.352836" lon="25.524229">
        <ele>168.21</ele>
      </trkpt>
      <trkpt lat="55.352979" lon="25.524403">
        <ele>168.67</ele>
      </trkpt>
      <trkpt lat="55.353085" lon="25.524604">
        <ele>168.96</ele>
      </trkpt>
      <trkpt lat="55.35338" lon="25.525317">
        <ele>170.77</ele>
      </trkpt>
      <trkpt lat="55.353527" lon="25.525593">
        <ele>171.33</ele>
      </trkpt>
      <trkpt lat="55.353553" lon="25.525604">
        <ele>171.54</ele>
      </trkpt>
      <trkpt lat="55.353609" lon="25.525591">
        <ele>172.01</ele>
      </trkpt>
      <trkpt lat="55.353652" lon="25.525556">
        <ele>172.16</ele>
      </trkpt>
      <trkpt lat="55.353707" lon="25.525481">
        <ele>172.72</ele>
      </trkpt>
      <trkpt lat="55.353691" lon="25.524602">
        <ele>175.69</ele>
      </trkpt>
      <trkpt lat="55.353656" lon="25.522665">
        <ele>179</ele>
      </trkpt>
      <trkpt lat="55.35367" lon="25.522225">
        <ele>179</ele>
      </trkpt>
      <trkpt lat="55.353743" lon="25.521557">
        <ele>178.52</ele>
      </trkpt>
      <trkpt lat="55.353887" lon="25.520515">
        <ele>179.39</ele>
      </trkpt>
      <trkpt lat="55.354335" lon="25.517148">
        <ele>174</ele>
      </trkpt>
      <trkpt lat="55.354655" lon="25.514744">
        <ele>177</ele>
      </trkpt>
      <trkpt lat="55.354665" lon="25.514596">
        <ele>177</ele>
      </trkpt>
      <trkpt lat="55.354662" lon="25.514356">
        <ele>177.35</ele>
      </trkpt>
      <trkpt lat="55.357317" lon="25.514353">
        <ele>178</ele>
      </trkpt>
      <trkpt lat="55.358924" lon="25.514351">
        <ele>175.43</ele>
      </trkpt>
      <trkpt lat="55.35892" lon="25.513852">
        <ele>176.62</ele>
      </trkpt>
      <trkpt lat="55.358931" lon="25.513654">
        <ele>177.27</ele>
      </trkpt>
      <trkpt lat="55.358952" lon="25.513479">
        <ele>178.27</ele>
      </trkpt>
      <trkpt lat="55.359008" lon="25.513229">
        <ele>179.34</ele>
      </trkpt>
      <trkpt lat="55.35909" lon="25.513027">
        <ele>180.34</ele>
      </trkpt>
      <trkpt lat="55.359208" lon="25.512846">
        <ele>182.2</ele>
      </trkpt>
      <trkpt lat="55.359312" lon="25.512718">
        <ele>182.53</ele>
      </trkpt>
      <trkpt lat="55.359445" lon="25.512607">
        <ele>182.78</ele>
      </trkpt>
      <trkpt lat="55.359765" lon="25.512395">
        <ele>181.2</ele>
      </trkpt>
      <trkpt lat="55.360024" lon="25.512167">
        <ele>178.87</ele>
      </trkpt>
      <trkpt lat="55.360336" lon="25.511786">
        <ele>177</ele>
      </trkpt>
      <trkpt lat="55.360642" lon="25.511363">
        <ele>178</ele>
      </trkpt>
      <trkpt lat="55.361244" lon="25.510439">
        <ele>176.83</ele>
      </trkpt>
      <trkpt lat="55.361576" lon="25.50997">
        <ele>175</ele>
      </trkpt>
      <trkpt lat="55.361918" lon="25.50958">
        <ele>174</ele>
      </trkpt>
      <trkpt lat="55.362383" lon="25.5091">
        <ele>174.96</ele>
      </trkpt>
      <trkpt lat="55.362689" lon="25.50876">
        <ele>176</ele>
      </trkpt>
      <trkpt lat="55.362937" lon="25.508399">
        <ele>175.98</ele>
      </trkpt>
      <trkpt lat="55.363012" lon="25.508236">
        <ele>176</ele>
      </trkpt>
      <trkpt lat="55.363116" lon="25.507912">
        <ele>176</ele>
      </trkpt>
      <trkpt lat="55.36317" lon="25.507646">
        <ele>176.68</ele>
      </trkpt>
      <trkpt lat="55.363195" lon="25.507523">
        <ele>177</ele>
      </trkpt>
      <trkpt lat="55.363267" lon="25.506974">
        <ele>178</ele>
      </trkpt>
      <trkpt lat="55.363371" lon="25.506062">
        <ele>178.6</ele>
      </trkpt>
      <trkpt lat="55.363514" lon="25.505255">
        <ele>180.43</ele>
      </trkpt>
      <trkpt lat="55.363842" lon="25.503881">
        <ele>180.54</ele>
      </trkpt>
      <trkpt lat="55.363929" lon="25.503529">
        <ele>178.65</ele>
      </trkpt>
      <trkpt lat="55.364302" lon="25.502069">
        <ele>177</ele>
      </trkpt>
      <trkpt lat="55.364723" lon="25.500532">
        <ele>177.16</ele>
      </trkpt>
      <trkpt lat="55.364921" lon="25.500014">
        <ele>177.14</ele>
      </trkpt>
      <trkpt lat="55.365029" lon="25.499778">
        <ele>177.08</ele>
      </trkpt>
      <trkpt lat="55.365151" lon="25.499559">
        <ele>176.82</ele>
      </trkpt>
      <trkpt lat="55.365349" lon="25.499275">
        <ele>176.08</ele>
      </trkpt>
      <trkpt lat="55.366082" lon="25.49833">
        <ele>182.58</ele>
      </trkpt>
      <trkpt lat="55.366493" lon="25.497808">
        <ele>184.65</ele>
      </trkpt>
      <trkpt lat="55.367193" lon="25.497089">
        <ele>186.05</ele>
      </trkpt>
      <trkpt lat="55.367662" lon="25.496646">
        <ele>188.37</ele>
      </trkpt>
      <trkpt lat="55.367994" lon="25.496305">
        <ele>189.35</ele>
      </trkpt>
      <trkpt lat="55.368622" lon="25.495692">
        <ele>188.29</ele>
      </trkpt>
      <trkpt lat="55.36878" lon="25.495474">
        <ele>188.13</ele>
      </trkpt>
      <trkpt lat="55.368883" lon="25.495288">
        <ele>188.17</ele>
      </trkpt>
      <trkpt lat="55.36898" lon="25.495029">
        <ele>188.5</ele>
      </trkpt>
      <trkpt lat="55.369055" lon="25.494766">
        <ele>188</ele>
      </trkpt>
      <trkpt lat="55.369336" lon="25.493625">
        <ele>185.07</ele>
      </trkpt>
      <trkpt lat="55.369921" lon="25.491173">
        <ele>181</ele>
      </trkpt>
      <trkpt lat="55.369995" lon="25.490826">
        <ele>180.85</ele>
      </trkpt>
      <trkpt lat="55.370068" lon="25.490386">
        <ele>179.13</ele>
      </trkpt>
      <trkpt lat="55.370141" lon="25.489794">
        <ele>174.8</ele>
      </trkpt>
      <trkpt lat="55.37022" lon="25.489249">
        <ele>171.63</ele>
      </trkpt>
      <trkpt lat="55.370325" lon="25.488763">
        <ele>169.72</ele>
      </trkpt>
      <trkpt lat="55.370541" lon="25.488063">
        <ele>165.5</ele>
      </trkpt>
      <trkpt lat="55.370794" lon="25.487229">
        <ele>165.31</ele>
      </trkpt>
      <trkpt lat="55.370937" lon="25.486784">
        <ele>166.97</ele>
      </trkpt>
      <trkpt lat="55.371222" lon="25.485895">
        <ele>166.35</ele>
      </trkpt>
      <trkpt lat="55.371379" lon="25.485546">
        <ele>165.22</ele>
      </trkpt>
      <trkpt lat="55.371669" lon="25.484941">
        <ele>165</ele>
      </trkpt>
      <trkpt lat="55.371961" lon="25.484372">
        <ele>165.11</ele>
      </trkpt>
      <trkpt lat="55.37217" lon="25.484018">
        <ele>165</ele>
      </trkpt>
      <trkpt lat="55.37242" lon="25.483652">
        <ele>164.95</ele>
      </trkpt>
      <trkpt lat="55.372552" lon="25.483489">
        <ele>165.09</ele>
      </trkpt>
      <trkpt lat="55.372669" lon="25.483253">
        <ele>166.21</ele>
      </trkpt>
      <trkpt lat="55.372839" lon="25.48282">
        <ele>166.92</ele>
      </trkpt>
      <trkpt lat="55.372933" lon="25.48263">
        <ele>166.21</ele>
      </trkpt>
      <trkpt lat="55.373192" lon="25.482207">
        <ele>165</ele>
      </trkpt>
      <trkpt lat="55.373662" lon="25.481626">
        <ele>165</ele>
      </trkpt>
      <trkpt lat="55.374361" lon="25.480723">
        <ele>171.38</ele>
      </trkpt>
      <trkpt lat="55.374536" lon="25.480479">
        <ele>173.19</ele>
      </trkpt>
      <trkpt lat="55.374654" lon="25.480268">
        <ele>174.4</ele>
      </trkpt>
      <trkpt lat="55.374739" lon="25.480061">
        <ele>175</ele>
      </trkpt>
      <trkpt lat="55.374806" lon="25.479824">
        <ele>174.79</ele>
      </trkpt>
      <trkpt lat="55.374854" lon="25.479539">
        <ele>174</ele>
      </trkpt>
      <trkpt lat="55.37497" lon="25.47866">
        <ele>174</ele>
      </trkpt>
      <trkpt lat="55.375034" lon="25.478353">
        <ele>174</ele>
      </trkpt>
      <trkpt lat="55.375111" lon="25.47816">
        <ele>173.92</ele>
      </trkpt>
      <trkpt lat="55.375196" lon="25.478049">
        <ele>173.52</ele>
      </trkpt>
      <trkpt lat="55.375297" lon="25.477966">
        <ele>172.99</ele>
      </trkpt>
      <trkpt lat="55.375504" lon="25.477862">
        <ele>171.58</ele>
      </trkpt>
      <trkpt lat="55.376039" lon="25.477744">
        <ele>173.85</ele>
      </trkpt>
      <trkpt lat="55.376842" lon="25.477565">
        <ele>166.37</ele>
      </trkpt>
      <trkpt lat="55.377115" lon="25.477436">
        <ele>165.02</ele>
      </trkpt>
      <trkpt lat="55.377375" lon="25.477295">
        <ele>163.97</ele>
      </trkpt>
      <trkpt lat="55.377652" lon="25.477017">
        <ele>162.46</ele>
      </trkpt>
      <trkpt lat="55.377755" lon="25.476857">
        <ele>161.87</ele>
      </trkpt>
      <trkpt lat="55.377862" lon="25.476612">
        <ele>160.78</ele>
      </trkpt>
      <trkpt lat="55.377942" lon="25.47636">
        <ele>159.97</ele>
      </trkpt>
      <trkpt lat="55.378001" lon="25.476084">
        <ele>160</ele>
      </trkpt>
      <trkpt lat="55.37851" lon="25.476775">
        <ele>158.77</ele>
      </trkpt>
      <trkpt lat="55.378596" lon="25.476942">
        <ele>158</ele>
      </trkpt>
      <trkpt lat="55.378649" lon="25.477065">
        <ele>158</ele>
      </trkpt>
      <trkpt lat="55.378709" lon="25.477246">
        <ele>158</ele>
      </trkpt>
      <trkpt lat="55.378734" lon="25.477421">
        <ele>158</ele>
      </trkpt>
      <trkpt lat="55.378843" lon="25.478496">
        <ele>159</ele>
      </trkpt>
      <trkpt lat="55.378884" lon="25.479012">
        <ele>159</ele>
      </trkpt>
      <trkpt lat="55.378878" lon="25.479329">
        <ele>159</ele>
      </trkpt>
      <trkpt lat="55.378575" lon="25.480281">
        <ele>159.23</ele>
      </trkpt>
      <trkpt lat="55.378347" lon="25.481182">
        <ele>161</ele>
      </trkpt>
      <trkpt lat="55.378293" lon="25.481494">
        <ele>161.34</ele>
      </trkpt>
      <trkpt lat="55.378268" lon="25.481796">
        <ele>161.56</ele>
      </trkpt>
      <trkpt lat="55.378266" lon="25.48211">
        <ele>162</ele>
      </trkpt>
      <trkpt lat="55.378392" lon="25.483388">
        <ele>163</ele>
      </trkpt>
      <trkpt lat="55.378449" lon="25.484132">
        <ele>163.23</ele>
      </trkpt>
      <trkpt lat="55.378517" lon="25.484853">
        <ele>163</ele>
      </trkpt>
      <trkpt lat="55.378654" lon="25.485892">
        <ele>167.51</ele>
      </trkpt>
      <trkpt lat="55.378641" lon="25.486122">
        <ele>169.44</ele>
      </trkpt>
      <trkpt lat="55.378598" lon="25.486356">
        <ele>170.81</ele>
      </trkpt>
      <trkpt lat="55.378493" lon="25.486755">
        <ele>171.32</ele>
      </trkpt>
      <trkpt lat="55.378409" lon="25.487186">
        <ele>172</ele>
      </trkpt>
      <trkpt lat="55.37832" lon="25.487823">
        <ele>172.94</ele>
      </trkpt>
      <trkpt lat="55.378305" lon="25.488139">
        <ele>173.13</ele>
      </trkpt>
      <trkpt lat="55.378319" lon="25.488397">
        <ele>173.9</ele>
      </trkpt>
      <trkpt lat="55.37837" lon="25.488674">
        <ele>174.14</ele>
      </trkpt>
      <trkpt lat="55.378668" lon="25.489613">
        <ele>176</ele>
      </trkpt>
      <trkpt lat="55.378772" lon="25.48986">
        <ele>177</ele>
      </trkpt>
      <trkpt lat="55.378964" lon="25.490212">
        <ele>178</ele>
      </trkpt>
      <trkpt lat="55.379177" lon="25.490588">
        <ele>180.68</ele>
      </trkpt>
      <trkpt lat="55.379555" lon="25.491693">
        <ele>183.64</ele>
      </trkpt>
      <trkpt lat="55.379738" lon="25.492272">
        <ele>181.42</ele>
      </trkpt>
      <trkpt lat="55.379842" lon="25.492658">
        <ele>182.27</ele>
      </trkpt>
      <trkpt lat="55.379939" lon="25.493002">
        <ele>180.82</ele>
      </trkpt>
      <trkpt lat="55.380058" lon="25.493367">
        <ele>178.43</ele>
      </trkpt>
      <trkpt lat="55.380269" lon="25.493785">
        <ele>179</ele>
      </trkpt>
      <trkpt lat="55.380512" lon="25.494225">
        <ele>179.71</ele>
      </trkpt>
      <trkpt lat="55.380903" lon="25.495037">
        <ele>182.07</ele>
      </trkpt>
      <trkpt lat="55.381274" lon="25.495781">
        <ele>181.48</ele>
      </trkpt>
      <trkpt lat="55.382064" lon="25.497389">
        <ele>187.27</ele>
      </trkpt>
      <trkpt lat="55.382329" lon="25.497935">
        <ele>186.88</ele>
      </trkpt>
      <trkpt lat="55.38243" lon="25.497844">
        <ele>187.4</ele>
      </trkpt>
      <trkpt lat="55.382581" lon="25.497655">
        <ele>187.74</ele>
      </trkpt>
      <trkpt lat="55.382739" lon="25.497483">
        <ele>187</ele>
      </trkpt>
      <trkpt lat="55.383004" lon="25.497367">
        <ele>186.31</ele>
      </trkpt>
      <trkpt lat="55.38332" lon="25.497251">
        <ele>186</ele>
      </trkpt>
      <trkpt lat="55.383504" lon="25.497122">
        <ele>185.42</ele>
      </trkpt>
      <trkpt lat="55.383659" lon="25.496995">
        <ele>184.3</ele>
      </trkpt>
      <trkpt lat="55.383834" lon="25.496918">
        <ele>184</ele>
      </trkpt>
      <trkpt lat="55.384244" lon="25.496782">
        <ele>187.81</ele>
      </trkpt>
      <trkpt lat="55.38449" lon="25.496664">
        <ele>188.2</ele>
      </trkpt>
      <trkpt lat="55.384736" lon="25.496547">
        <ele>186.37</ele>
      </trkpt>
      <trkpt lat="55.384983" lon="25.49641">
        <ele>184.66</ele>
      </trkpt>
      <trkpt lat="55.385115" lon="25.496238">
        <ele>184.41</ele>
      </trkpt>
      <trkpt lat="55.385206" lon="25.495835">
        <ele>186.36</ele>
      </trkpt>
      <trkpt lat="55.385247" lon="25.495371">
        <ele>188.36</ele>
      </trkpt>
      <trkpt lat="55.385254" lon="25.494695">
        <ele>192.97</ele>
      </trkpt>
      <trkpt lat="55.385145" lon="25.493935">
        <ele>198.21</ele>
      </trkpt>
      <trkpt lat="55.384965" lon="25.493084">
        <ele>196.93</ele>
      </trkpt>
      <trkpt lat="55.384562" lon="25.491979">
        <ele>190.91</ele>
      </trkpt>
      <trkpt lat="55.384562" lon="25.491979">
        <ele>190.91</ele>
      </trkpt>
      <trkpt lat="55.384538" lon="25.491913">
        <ele>190.55</ele>
      </trkpt>
      <trkpt lat="55.384524" lon="25.491563">
        <ele>192.32</ele>
      </trkpt>
      <trkpt lat="55.384542" lon="25.491134">
        <ele>192.83</ele>
      </trkpt>
      <trkpt lat="55.384562" lon="25.49075">
        <ele>190.64</ele>
      </trkpt>
      <trkpt lat="55.384507" lon="25.490172">
        <ele>186.22</ele>
      </trkpt>
      <trkpt lat="55.384321" lon="25.489345">
        <ele>181.12</ele>
      </trkpt>
      <trkpt lat="55.384312" lon="25.488912">
        <ele>181.49</ele>
      </trkpt>
      <trkpt lat="55.384364" lon="25.488506">
        <ele>181.47</ele>
      </trkpt>
      <trkpt lat="55.384479" lon="25.488157">
        <ele>176.65</ele>
      </trkpt>
      <trkpt lat="55.384616" lon="25.487975">
        <ele>173.95</ele>
      </trkpt>
      <trkpt lat="55.384804" lon="25.487839">
        <ele>172.43</ele>
      </trkpt>
      <trkpt lat="55.384938" lon="25.48764">
        <ele>171.91</ele>
      </trkpt>
      <trkpt lat="55.384994" lon="25.487403">
        <ele>171.36</ele>
      </trkpt>
      <trkpt lat="55.385029" lon="25.487252">
        <ele>171.01</ele>
      </trkpt>
      <trkpt lat="55.385088" lon="25.486819">
        <ele>171</ele>
      </trkpt>
      <trkpt lat="55.385159" lon="25.4867">
        <ele>171</ele>
      </trkpt>
      <trkpt lat="55.385255" lon="25.486634">
        <ele>171.89</ele>
      </trkpt>
      <trkpt lat="55.38534" lon="25.486666">
        <ele>172.76</ele>
      </trkpt>
      <trkpt lat="55.385534" lon="25.486895">
        <ele>174.74</ele>
      </trkpt>
      <trkpt lat="55.385727" lon="25.487124">
        <ele>178.78</ele>
      </trkpt>
      <trkpt lat="55.385941" lon="25.487265">
        <ele>181.09</ele>
      </trkpt>
      <trkpt lat="55.386176" lon="25.487438">
        <ele>183.07</ele>
      </trkpt>
      <trkpt lat="55.386663" lon="25.487984">
        <ele>181</ele>
      </trkpt>
      <trkpt lat="55.386863" lon="25.488376">
        <ele>181</ele>
      </trkpt>
      <trkpt lat="55.387037" lon="25.488645">
        <ele>181.11</ele>
      </trkpt>
      <trkpt lat="55.38717" lon="25.488686">
        <ele>181.35</ele>
      </trkpt>
      <trkpt lat="55.387671" lon="25.488634">
        <ele>183</ele>
      </trkpt>
      <trkpt lat="55.38792" lon="25.488577">
        <ele>183.83</ele>
      </trkpt>
      <trkpt lat="55.388116" lon="25.488454">
        <ele>181.84</ele>
      </trkpt>
      <trkpt lat="55.388313" lon="25.488003">
        <ele>180.57</ele>
      </trkpt>
      <trkpt lat="55.388337" lon="25.487946">
        <ele>180.41</ele>
      </trkpt>
      <trkpt lat="55.388413" lon="25.487669">
        <ele>181.53</ele>
      </trkpt>
      <trkpt lat="55.388431" lon="25.487315">
        <ele>183.79</ele>
      </trkpt>
      <trkpt lat="55.388443" lon="25.48687">
        <ele>185.03</ele>
      </trkpt>
      <trkpt lat="55.388399" lon="25.486428">
        <ele>185.86</ele>
      </trkpt>
      <trkpt lat="55.388319" lon="25.486193">
        <ele>185.39</ele>
      </trkpt>
      <trkpt lat="55.388216" lon="25.485849">
        <ele>185.33</ele>
      </trkpt>
      <trkpt lat="55.38807" lon="25.484938">
        <ele>185.7</ele>
      </trkpt>
      <trkpt lat="55.388055" lon="25.484468">
        <ele>187.79</ele>
      </trkpt>
      <trkpt lat="55.388074" lon="25.484128">
        <ele>188.85</ele>
      </trkpt>
      <trkpt lat="55.38819" lon="25.483374">
        <ele>185.32</ele>
      </trkpt>
      <trkpt lat="55.388186" lon="25.482732">
        <ele>182.54</ele>
      </trkpt>
      <trkpt lat="55.388249" lon="25.482451">
        <ele>181.58664434042294</ele>
      </trkpt>
      <trkpt lat="55.388667217395756" lon="25.48216016772297">
        <ele>186.00100311770112</ele>
      </trkpt>
      <trkpt lat="55.38908543479151" lon="25.48186933544594">
        <ele>185.77276326763</ele>
      </trkpt>
      <trkpt lat="55.389503652187265" lon="25.481578503168908">
        <ele>181.42974689528012</ele>
      </trkpt>
      <trkpt lat="55.38992186958303" lon="25.48128767089188">
        <ele>176.8731982711223</ele>
      </trkpt>
      <trkpt lat="55.390214290239925" lon="25.481084318840146">
        <ele>175.13569439541533</ele>
      </trkpt>
      <trkpt lat="55.39021" lon="25.48112">
        <ele>175.73</ele>
      </trkpt>
      <trkpt lat="55.390378" lon="25.481189">
        <ele>175.24</ele>
      </trkpt>
      <trkpt lat="55.390536" lon="25.481313">
        <ele>175</ele>
      </trkpt>
      <trkpt lat="55.390683" lon="25.481332">
        <ele>175.4</ele>
      </trkpt>
      <trkpt lat="55.390821" lon="25.481252">
        <ele>175.87</ele>
      </trkpt>
      <trkpt lat="55.391035" lon="25.481013">
        <ele>177.51</ele>
      </trkpt>
      <trkpt lat="55.391214" lon="25.480914">
        <ele>177.83</ele>
      </trkpt>
      <trkpt lat="55.391403" lon="25.480919">
        <ele>177</ele>
      </trkpt>
      <trkpt lat="55.391558" lon="25.480956">
        <ele>177</ele>
      </trkpt>
      <trkpt lat="55.391859" lon="25.480867">
        <ele>178.54</ele>
      </trkpt>
      <trkpt lat="55.391996" lon="25.480726">
        <ele>179.88</ele>
      </trkpt>
      <trkpt lat="55.392316" lon="25.480463">
        <ele>180.46</ele>
      </trkpt>
      <trkpt lat="55.392493" lon="25.480242">
        <ele>179.26</ele>
      </trkpt>
      <trkpt lat="55.392759" lon="25.479728">
        <ele>179.78</ele>
      </trkpt>
      <trkpt lat="55.392829" lon="25.479563">
        <ele>180.13</ele>
      </trkpt>
      <trkpt lat="55.392842" lon="25.479457">
        <ele>180</ele>
      </trkpt>
      <trkpt lat="55.392827" lon="25.479321">
        <ele>180</ele>
      </trkpt>
      <trkpt lat="55.392695" lon="25.479046">
        <ele>180</ele>
      </trkpt>
      <trkpt lat="55.392665" lon="25.47894">
        <ele>179.51</ele>
      </trkpt>
      <trkpt lat="55.39266" lon="25.478791">
        <ele>179</ele>
      </trkpt>
      <trkpt lat="55.392676" lon="25.478642">
        <ele>179</ele>
      </trkpt>
      <trkpt lat="55.392844" lon="25.477957">
        <ele>179.98</ele>
      </trkpt>
      <trkpt lat="55.392862" lon="25.477786">
        <ele>179</ele>
      </trkpt>
      <trkpt lat="55.392855" lon="25.477637">
        <ele>179</ele>
      </trkpt>
      <trkpt lat="55.39281" lon="25.477479">
        <ele>179</ele>
      </trkpt>
      <trkpt lat="55.392634" lon="25.477269">
        <ele>178.42</ele>
      </trkpt>
      <trkpt lat="55.392588" lon="25.47713">
        <ele>178</ele>
      </trkpt>
      <trkpt lat="55.392491" lon="25.475918">
        <ele>177</ele>
      </trkpt>
      <trkpt lat="55.39244" lon="25.475356">
        <ele>177.64</ele>
      </trkpt>
      <trkpt lat="55.392436" lon="25.475175">
        <ele>178</ele>
      </trkpt>
      <trkpt lat="55.392451" lon="25.474981">
        <ele>178</ele>
      </trkpt>
      <trkpt lat="55.392482" lon="25.474803">
        <ele>178</ele>
      </trkpt>
      <trkpt lat="55.392614" lon="25.474457">
        <ele>177.71</ele>
      </trkpt>
      <trkpt lat="55.392667" lon="25.474344">
        <ele>177.76</ele>
      </trkpt>
      <trkpt lat="55.39271" lon="25.474199">
        <ele>178</ele>
      </trkpt>
      <trkpt lat="55.392888" lon="25.47247">
        <ele>178.99</ele>
      </trkpt>
      <trkpt lat="55.392888" lon="25.472247">
        <ele>179</ele>
      </trkpt>
      <trkpt lat="55.392818" lon="25.471594">
        <ele>178.7</ele>
      </trkpt>
      <trkpt lat="55.392812" lon="25.471348">
        <ele>178.42</ele>
      </trkpt>
      <trkpt lat="55.392825" lon="25.471122">
        <ele>177.72</ele>
      </trkpt>
      <trkpt lat="55.392875" lon="25.470754">
        <ele>177.12</ele>
      </trkpt>
      <trkpt lat="55.392893" lon="25.470518">
        <ele>176.72</ele>
      </trkpt>
      <trkpt lat="55.392877" lon="25.469972">
        <ele>175</ele>
      </trkpt>
      <trkpt lat="55.392902" lon="25.468059">
        <ele>174</ele>
      </trkpt>
      <trkpt lat="55.392917" lon="25.467913">
        <ele>174.71</ele>
      </trkpt>
      <trkpt lat="55.392952" lon="25.467771">
        <ele>175.75</ele>
      </trkpt>
      <trkpt lat="55.393078" lon="25.467512">
        <ele>176.04</ele>
      </trkpt>
      <trkpt lat="55.393132" lon="25.46737">
        <ele>175.2</ele>
      </trkpt>
      <trkpt lat="55.393176" lon="25.467137">
        <ele>174.04</ele>
      </trkpt>
      <trkpt lat="55.393201" lon="25.466931">
        <ele>172.67</ele>
      </trkpt>
      <trkpt lat="55.393207" lon="25.466699">
        <ele>172</ele>
      </trkpt>
      <trkpt lat="55.393278" lon="25.466818">
        <ele>172</ele>
      </trkpt>
      <trkpt lat="55.39342" lon="25.466939">
        <ele>172.05</ele>
      </trkpt>
      <trkpt lat="55.394087" lon="25.467378">
        <ele>172.85</ele>
      </trkpt>
      <trkpt lat="55.394258" lon="25.467538">
        <ele>173.02</ele>
      </trkpt>
      <trkpt lat="55.394381" lon="25.467744">
        <ele>174.18</ele>
      </trkpt>
      <trkpt lat="55.394477" lon="25.467993">
        <ele>176.29</ele>
      </trkpt>
      <trkpt lat="55.394573" lon="25.468322">
        <ele>177</ele>
      </trkpt>
      <trkpt lat="55.394789" lon="25.468332">
        <ele>177.46</ele>
      </trkpt>
      <trkpt lat="55.395066" lon="25.468305">
        <ele>178.78</ele>
      </trkpt>
      <trkpt lat="55.395195" lon="25.468336">
        <ele>177.37</ele>
      </trkpt>
      <trkpt lat="55.395337" lon="25.46844">
        <ele>176.58</ele>
      </trkpt>
      <trkpt lat="55.395503" lon="25.468636">
        <ele>176.78</ele>
      </trkpt>
      <trkpt lat="55.395633" lon="25.468986">
        <ele>176.63</ele>
      </trkpt>
      <trkpt lat="55.395718" lon="25.469314">
        <ele>175.74</ele>
      </trkpt>
      <trkpt lat="55.395803" lon="25.46957">
        <ele>175.46</ele>
      </trkpt>
      <trkpt lat="55.396048" lon="25.470256">
        <ele>173.64</ele>
      </trkpt>
      <trkpt lat="55.39608" lon="25.470539">
        <ele>173.31</ele>
      </trkpt>
      <trkpt lat="55.396108" lon="25.470923">
        <ele>174.1</ele>
      </trkpt>
      <trkpt lat="55.396177" lon="25.471156">
        <ele>175.44</ele>
      </trkpt>
      <trkpt lat="55.396336" lon="25.471364">
        <ele>177.29</ele>
      </trkpt>
      <trkpt lat="55.396613" lon="25.471521">
        <ele>177.49</ele>
      </trkpt>
      <trkpt lat="55.396992" lon="25.471622">
        <ele>176.09</ele>
      </trkpt>
      <trkpt lat="55.397291" lon="25.471644">
        <ele>172.93</ele>
      </trkpt>
      <trkpt lat="55.397577" lon="25.471717">
        <ele>173.69</ele>
      </trkpt>
      <trkpt lat="55.397798" lon="25.471857">
        <ele>175.51</ele>
      </trkpt>
      <trkpt lat="55.398199" lon="25.472013">
        <ele>176.83</ele>
      </trkpt>
      <trkpt lat="55.398418" lon="25.471992">
        <ele>177.5</ele>
      </trkpt>
      <trkpt lat="55.398536" lon="25.471926">
        <ele>177.66</ele>
      </trkpt>
      <trkpt lat="55.398638" lon="25.471915">
        <ele>178.57</ele>
      </trkpt>
      <trkpt lat="55.398733" lon="25.471975">
        <ele>179.22</ele>
      </trkpt>
      <trkpt lat="55.398981" lon="25.47228">
        <ele>178.59</ele>
      </trkpt>
      <trkpt lat="55.39916" lon="25.47246">
        <ele>178</ele>
      </trkpt>
      <trkpt lat="55.399432" lon="25.472696">
        <ele>178.01</ele>
      </trkpt>
      <trkpt lat="55.399691" lon="25.473034">
        <ele>179</ele>
      </trkpt>
      <trkpt lat="55.399908" lon="25.473183">
        <ele>178.31</ele>
      </trkpt>
      <trkpt lat="55.400195" lon="25.473347">
        <ele>178.17</ele>
      </trkpt>
      <trkpt lat="55.400437" lon="25.473564">
        <ele>180.26524015026743</ele>
      </trkpt>
      <trkpt lat="55.400882431901636" lon="25.473455658666037">
        <ele>181.08006284193817</ele>
      </trkpt>
      <trkpt lat="55.40088916475355" lon="25.4734540210506">
        <ele>181.0561504342781</ele>
      </trkpt>
      <trkpt lat="55.400878" lon="25.473444">
        <ele>181.36</ele>
      </trkpt>
      <trkpt lat="55.401232" lon="25.47221">
        <ele>177.75</ele>
      </trkpt>
      <trkpt lat="55.4015" lon="25.471279">
        <ele>179</ele>
      </trkpt>
      <trkpt lat="55.401601" lon="25.471059">
        <ele>180</ele>
      </trkpt>
      <trkpt lat="55.401732" lon="25.470874">
        <ele>180.09</ele>
      </trkpt>
      <trkpt lat="55.401818" lon="25.470799">
        <ele>180</ele>
      </trkpt>
      <trkpt lat="55.401928" lon="25.470799">
        <ele>180</ele>
      </trkpt>
      <trkpt lat="55.40211" lon="25.470834">
        <ele>180</ele>
      </trkpt>
      <trkpt lat="55.402313" lon="25.470944">
        <ele>179.1</ele>
      </trkpt>
      <trkpt lat="55.402547" lon="25.471081">
        <ele>180</ele>
      </trkpt>
      <trkpt lat="55.40276" lon="25.471151">
        <ele>180.05</ele>
      </trkpt>
      <trkpt lat="55.403045" lon="25.471175">
        <ele>180.92</ele>
      </trkpt>
      <trkpt lat="55.403467" lon="25.471126">
        <ele>178.92</ele>
      </trkpt>
      <trkpt lat="55.403797" lon="25.471191">
        <ele>176.29</ele>
      </trkpt>
      <trkpt lat="55.404091" lon="25.471204">
        <ele>173.28</ele>
      </trkpt>
      <trkpt lat="55.404761" lon="25.471121">
        <ele>167.55</ele>
      </trkpt>
      <trkpt lat="55.40525" lon="25.471059">
        <ele>167.95</ele>
      </trkpt>
      <trkpt lat="55.405425" lon="25.471067">
        <ele>169.03</ele>
      </trkpt>
      <trkpt lat="55.405604" lon="25.471137">
        <ele>169.81</ele>
      </trkpt>
      <trkpt lat="55.405747" lon="25.471223">
        <ele>170.03</ele>
      </trkpt>
      <trkpt lat="55.405989" lon="25.47125">
        <ele>169.06</ele>
      </trkpt>
      <trkpt lat="55.406377" lon="25.471137">
        <ele>166.1</ele>
      </trkpt>
      <trkpt lat="55.406526" lon="25.471011">
        <ele>164.65</ele>
      </trkpt>
      <trkpt lat="55.406599" lon="25.470878">
        <ele>164.57</ele>
      </trkpt>
      <trkpt lat="55.406866" lon="25.470398">
        <ele>163.78</ele>
      </trkpt>
      <trkpt lat="55.406887" lon="25.470359">
        <ele>163.72</ele>
      </trkpt>
      <trkpt lat="55.407099" lon="25.47018">
        <ele>164.24</ele>
      </trkpt>
      <trkpt lat="55.407407" lon="25.470129">
        <ele>165</ele>
      </trkpt>
      <trkpt lat="55.407739" lon="25.470185">
        <ele>165</ele>
      </trkpt>
      <trkpt lat="55.408032" lon="25.470169">
        <ele>165.08</ele>
      </trkpt>
      <trkpt lat="55.408212" lon="25.470206">
        <ele>166</ele>
      </trkpt>
      <trkpt lat="55.40838" lon="25.470448">
        <ele>167</ele>
      </trkpt>
      <trkpt lat="55.4085" lon="25.470695">
        <ele>167.75</ele>
      </trkpt>
      <trkpt lat="55.408672" lon="25.470912">
        <ele>167.37</ele>
      </trkpt>
      <trkpt lat="55.408903" lon="25.47107">
        <ele>165.93</ele>
      </trkpt>
      <trkpt lat="55.409048" lon="25.471269">
        <ele>166</ele>
      </trkpt>
      <trkpt lat="55.409245" lon="25.471612">
        <ele>166.96</ele>
      </trkpt>
      <trkpt lat="55.409444" lon="25.47188">
        <ele>166.17</ele>
      </trkpt>
      <trkpt lat="55.409712" lon="25.472108">
        <ele>165</ele>
      </trkpt>
      <trkpt lat="55.40989" lon="25.472124">
        <ele>164.06</ele>
      </trkpt>
      <trkpt lat="55.410151" lon="25.472097">
        <ele>163</ele>
      </trkpt>
      <trkpt lat="55.410466" lon="25.472046">
        <ele>162</ele>
      </trkpt>
      <trkpt lat="55.410687" lon="25.471977">
        <ele>161.54</ele>
      </trkpt>
      <trkpt lat="55.411145" lon="25.471483">
        <ele>159.03</ele>
      </trkpt>
      <trkpt lat="55.41132" lon="25.471392">
        <ele>158</ele>
      </trkpt>
      <trkpt lat="55.411564" lon="25.471369">
        <ele>157</ele>
      </trkpt>
      <trkpt lat="55.411701" lon="25.471376">
        <ele>157</ele>
      </trkpt>
      <trkpt lat="55.411839" lon="25.47134">
        <ele>158.23</ele>
      </trkpt>
      <trkpt lat="55.412072" lon="25.471279">
        <ele>160.3</ele>
      </trkpt>
      <trkpt lat="55.412292" lon="25.471239">
        <ele>162.76</ele>
      </trkpt>
      <trkpt lat="55.412306" lon="25.470836">
        <ele>164.21</ele>
      </trkpt>
      <trkpt lat="55.412559" lon="25.469897">
        <ele>169.44</ele>
      </trkpt>
      <trkpt lat="55.412648" lon="25.46916">
        <ele>168.89</ele>
      </trkpt>
      <trkpt lat="55.412838" lon="25.468289">
        <ele>166.22</ele>
      </trkpt>
      <trkpt lat="55.412939" lon="25.46768">
        <ele>164.48</ele>
      </trkpt>
      <trkpt lat="55.413054" lon="25.467271">
        <ele>165.51</ele>
      </trkpt>
      <trkpt lat="55.413078" lon="25.466986">
        <ele>164.94</ele>
      </trkpt>
      <trkpt lat="55.413063" lon="25.466684">
        <ele>163.26</ele>
      </trkpt>
      <trkpt lat="55.413006" lon="25.466237">
        <ele>162</ele>
      </trkpt>
      <trkpt lat="55.413032" lon="25.465961">
        <ele>162</ele>
      </trkpt>
      <trkpt lat="55.41326" lon="25.46499">
        <ele>162.84</ele>
      </trkpt>
      <trkpt lat="55.413403" lon="25.464662">
        <ele>162.7</ele>
      </trkpt>
      <trkpt lat="55.413777" lon="25.463956">
        <ele>160.57</ele>
      </trkpt>
      <trkpt lat="55.414255" lon="25.463133">
        <ele>157.19</ele>
      </trkpt>
      <trkpt lat="55.414457" lon="25.462779">
        <ele>157.27</ele>
      </trkpt>
      <trkpt lat="55.414651" lon="25.462328">
        <ele>159.02</ele>
      </trkpt>
      <trkpt lat="55.414744" lon="25.46208">
        <ele>160.52</ele>
      </trkpt>
      <trkpt lat="55.414799" lon="25.461789">
        <ele>161.27</ele>
      </trkpt>
      <trkpt lat="55.414827" lon="25.461515">
        <ele>161.97</ele>
      </trkpt>
      <trkpt lat="55.414839" lon="25.4614">
        <ele>162.27</ele>
      </trkpt>
      <trkpt lat="55.414845" lon="25.460926">
        <ele>162.1</ele>
      </trkpt>
      <trkpt lat="55.414814" lon="25.459888">
        <ele>156.43</ele>
      </trkpt>
      <trkpt lat="55.414761" lon="25.457957">
        <ele>153</ele>
      </trkpt>
      <trkpt lat="55.414736" lon="25.457016">
        <ele>153.94</ele>
      </trkpt>
      <trkpt lat="55.414761" lon="25.456553">
        <ele>154.46</ele>
      </trkpt>
      <trkpt lat="55.414822" lon="25.45619">
        <ele>155</ele>
      </trkpt>
      <trkpt lat="55.41497" lon="25.455758">
        <ele>155.87</ele>
      </trkpt>
      <trkpt lat="55.415279" lon="25.454946">
        <ele>152.71</ele>
      </trkpt>
      <trkpt lat="55.415588" lon="25.453936">
        <ele>152.37</ele>
      </trkpt>
      <trkpt lat="55.4157" lon="25.453528">
        <ele>152.96</ele>
      </trkpt>
      <trkpt lat="55.415924" lon="25.45271">
        <ele>150.02</ele>
      </trkpt>
      <trkpt lat="55.416037" lon="25.452486">
        <ele>148.99</ele>
      </trkpt>
      <trkpt lat="55.416197" lon="25.452309">
        <ele>148</ele>
      </trkpt>
      <trkpt lat="55.416443" lon="25.452162">
        <ele>148</ele>
      </trkpt>
      <trkpt lat="55.416822" lon="25.451758">
        <ele>149</ele>
      </trkpt>
      <trkpt lat="55.417171" lon="25.451366">
        <ele>149</ele>
      </trkpt>
      <trkpt lat="55.417389" lon="25.451205">
        <ele>149</ele>
      </trkpt>
      <trkpt lat="55.417542" lon="25.451152">
        <ele>149</ele>
      </trkpt>
      <trkpt lat="55.418166" lon="25.451096">
        <ele>149.8</ele>
      </trkpt>
      <trkpt lat="55.41844" lon="25.451035">
        <ele>150</ele>
      </trkpt>
      <trkpt lat="55.418621" lon="25.450922">
        <ele>150.53</ele>
      </trkpt>
      <trkpt lat="55.418819" lon="25.450707">
        <ele>151.55</ele>
      </trkpt>
      <trkpt lat="55.419153" lon="25.450188">
        <ele>157.44</ele>
      </trkpt>
      <trkpt lat="55.419635" lon="25.449558">
        <ele>164.79</ele>
      </trkpt>
      <trkpt lat="55.420118" lon="25.448927">
        <ele>166.86</ele>
      </trkpt>
      <trkpt lat="55.420282" lon="25.448763">
        <ele>167.65</ele>
      </trkpt>
      <trkpt lat="55.420439" lon="25.448646">
        <ele>168.08</ele>
      </trkpt>
      <trkpt lat="55.42083" lon="25.448388">
        <ele>167</ele>
      </trkpt>
      <trkpt lat="55.420671" lon="25.447623">
        <ele>167</ele>
      </trkpt>
      <trkpt lat="55.420448" lon="25.446541">
        <ele>169.51</ele>
      </trkpt>
      <trkpt lat="55.420339" lon="25.446175">
        <ele>171.81</ele>
      </trkpt>
      <trkpt lat="55.420202" lon="25.445812">
        <ele>172.67</ele>
      </trkpt>
      <trkpt lat="55.419713" lon="25.444735">
        <ele>169.72</ele>
      </trkpt>
      <trkpt lat="55.41955" lon="25.444375">
        <ele>167.08</ele>
      </trkpt>
      <trkpt lat="55.41908" lon="25.443514">
        <ele>166</ele>
      </trkpt>
      <trkpt lat="55.418778" lon="25.443109">
        <ele>166</ele>
      </trkpt>
      <trkpt lat="55.418379" lon="25.442789">
        <ele>163.52</ele>
      </trkpt>
      <trkpt lat="55.417877" lon="25.442555">
        <ele>161</ele>
      </trkpt>
      <trkpt lat="55.417125" lon="25.442203">
        <ele>163</ele>
      </trkpt>
      <trkpt lat="55.416629" lon="25.441805">
        <ele>160</ele>
      </trkpt>
      <trkpt lat="55.415885" lon="25.441207">
        <ele>159.35</ele>
      </trkpt>
      <trkpt lat="55.413969" lon="25.439493">
        <ele>149.96</ele>
      </trkpt>
      <trkpt lat="55.413038" lon="25.438672">
        <ele>150</ele>
      </trkpt>
      <trkpt lat="55.412222" lon="25.437979">
        <ele>150.99</ele>
      </trkpt>
      <trkpt lat="55.411613" lon="25.437527">
        <ele>148.94</ele>
      </trkpt>
      <trkpt lat="55.41137" lon="25.437396">
        <ele>149.78</ele>
      </trkpt>
      <trkpt lat="55.411118" lon="25.437315">
        <ele>150</ele>
      </trkpt>
      <trkpt lat="55.41094" lon="25.437279">
        <ele>150</ele>
      </trkpt>
      <trkpt lat="55.410134" lon="25.437225">
        <ele>149</ele>
      </trkpt>
      <trkpt lat="55.409591" lon="25.437189">
        <ele>150.96</ele>
      </trkpt>
      <trkpt lat="55.409416" lon="25.437129">
        <ele>152.16</ele>
      </trkpt>
      <trkpt lat="55.409265" lon="25.437033">
        <ele>153.96</ele>
      </trkpt>
      <trkpt lat="55.409042" lon="25.436842">
        <ele>156.61</ele>
      </trkpt>
      <trkpt lat="55.40781" lon="25.435655">
        <ele>153.03</ele>
      </trkpt>
      <trkpt lat="55.406715" lon="25.43475">
        <ele>153.32</ele>
      </trkpt>
      <trkpt lat="55.406477" lon="25.434462">
        <ele>153.09</ele>
      </trkpt>
      <trkpt lat="55.406065" lon="25.433745">
        <ele>154</ele>
      </trkpt>
      <trkpt lat="55.405652" lon="25.433027">
        <ele>151.78</ele>
      </trkpt>
      <trkpt lat="55.405446" lon="25.432669">
        <ele>154.06</ele>
      </trkpt>
      <trkpt lat="55.405082" lon="25.432086">
        <ele>155.86</ele>
      </trkpt>
      <trkpt lat="55.404718" lon="25.431503">
        <ele>154</ele>
      </trkpt>
      <trkpt lat="55.404248" lon="25.43105">
        <ele>155.25</ele>
      </trkpt>
      <trkpt lat="55.403585" lon="25.430576">
        <ele>156.19</ele>
      </trkpt>
      <trkpt lat="55.403056" lon="25.430054">
        <ele>156.46</ele>
      </trkpt>
      <trkpt lat="55.402792" lon="25.429793">
        <ele>154.41</ele>
      </trkpt>
      <trkpt lat="55.402625" lon="25.429598">
        <ele>151.84</ele>
      </trkpt>
      <trkpt lat="55.402516" lon="25.429342">
        <ele>150.99</ele>
      </trkpt>
      <trkpt lat="55.402434" lon="25.429054">
        <ele>150.75</ele>
      </trkpt>
      <trkpt lat="55.40214" lon="25.427665">
        <ele>146</ele>
      </trkpt>
      <trkpt lat="55.401949" lon="25.42688">
        <ele>147</ele>
      </trkpt>
      <trkpt lat="55.401617" lon="25.425455">
        <ele>141.38</ele>
      </trkpt>
      <trkpt lat="55.40137" lon="25.424652">
        <ele>141.2</ele>
      </trkpt>
      <trkpt lat="55.400441" lon="25.422203">
        <ele>140.34</ele>
      </trkpt>
      <trkpt lat="55.400122" lon="25.420973">
        <ele>137.08</ele>
      </trkpt>
      <trkpt lat="55.399894" lon="25.419628">
        <ele>135</ele>
      </trkpt>
      <trkpt lat="55.399701" lon="25.418809">
        <ele>136.98</ele>
      </trkpt>
      <trkpt lat="55.399507" lon="25.41799">
        <ele>135.78</ele>
      </trkpt>
      <trkpt lat="55.399405" lon="25.417633">
        <ele>134.74</ele>
      </trkpt>
      <trkpt lat="55.399353" lon="25.417582">
        <ele>134.2</ele>
      </trkpt>
      <trkpt lat="55.399191" lon="25.417519">
        <ele>133.73</ele>
      </trkpt>
      <trkpt lat="55.398503" lon="25.417707">
        <ele>133.84</ele>
      </trkpt>
      <trkpt lat="55.398223" lon="25.417783">
        <ele>133.88</ele>
      </trkpt>
      <trkpt lat="55.397631" lon="25.417907">
        <ele>134.16</ele>
      </trkpt>
      <trkpt lat="55.397065" lon="25.41771">
        <ele>135</ele>
      </trkpt>
      <trkpt lat="55.39681" lon="25.417573">
        <ele>135.94</ele>
      </trkpt>
      <trkpt lat="55.396216" lon="25.416922">
        <ele>145.8</ele>
      </trkpt>
      <trkpt lat="55.395718" lon="25.416431">
        <ele>149.02</ele>
      </trkpt>
      <trkpt lat="55.395598" lon="25.416285">
        <ele>149.65</ele>
      </trkpt>
      <trkpt lat="55.395542" lon="25.4162">
        <ele>149.74</ele>
      </trkpt>
      <trkpt lat="55.395498" lon="25.416111">
        <ele>149.67</ele>
      </trkpt>
      <trkpt lat="55.395431" lon="25.415887">
        <ele>149.96</ele>
      </trkpt>
      <trkpt lat="55.395405" lon="25.415765">
        <ele>149.52</ele>
      </trkpt>
      <trkpt lat="55.395292" lon="25.414418">
        <ele>150</ele>
      </trkpt>
      <trkpt lat="55.395239" lon="25.413622">
        <ele>151.15</ele>
      </trkpt>
      <trkpt lat="55.395193" lon="25.413076">
        <ele>154.15</ele>
      </trkpt>
      <trkpt lat="55.395058" lon="25.411446">
        <ele>154.56</ele>
      </trkpt>
      <trkpt lat="55.394974" lon="25.410448">
        <ele>154</ele>
      </trkpt>
      <trkpt lat="55.39489" lon="25.409449">
        <ele>149.83</ele>
      </trkpt>
      <trkpt lat="55.39484" lon="25.408965">
        <ele>149</ele>
      </trkpt>
      <trkpt lat="55.394786" lon="25.408442">
        <ele>150.55</ele>
      </trkpt>
      <trkpt lat="55.394654" lon="25.407238">
        <ele>150</ele>
      </trkpt>
      <trkpt lat="55.394456" lon="25.406045">
        <ele>152</ele>
      </trkpt>
      <trkpt lat="55.395504" lon="25.405238">
        <ele>155.19</ele>
      </trkpt>
      <trkpt lat="55.396006" lon="25.404852">
        <ele>153.07</ele>
      </trkpt>
      <trkpt lat="55.396136" lon="25.404684">
        <ele>152.69</ele>
      </trkpt>
      <trkpt lat="55.396243" lon="25.404489">
        <ele>150.64</ele>
      </trkpt>
      <trkpt lat="55.396331" lon="25.404272">
        <ele>149.74</ele>
      </trkpt>
      <trkpt lat="55.396417" lon="25.403979">
        <ele>148.74</ele>
      </trkpt>
      <trkpt lat="55.396526" lon="25.403549">
        <ele>147</ele>
      </trkpt>
      <trkpt lat="55.396851" lon="25.402065">
        <ele>145</ele>
      </trkpt>
      <trkpt lat="55.397013" lon="25.401104">
        <ele>145</ele>
      </trkpt>
      <trkpt lat="55.397152" lon="25.400018">
        <ele>147.94</ele>
      </trkpt>
      <trkpt lat="55.397558" lon="25.39792">
        <ele>148.94</ele>
      </trkpt>
      <trkpt lat="55.397669" lon="25.397505">
        <ele>148.96</ele>
      </trkpt>
      <trkpt lat="55.397785" lon="25.397199">
        <ele>149</ele>
      </trkpt>
      <trkpt lat="55.39858" lon="25.395948">
        <ele>150</ele>
      </trkpt>
      <trkpt lat="55.398802" lon="25.395636">
        <ele>150</ele>
      </trkpt>
      <trkpt lat="55.398916" lon="25.395333">
        <ele>149.6</ele>
      </trkpt>
      <trkpt lat="55.39903" lon="25.394774">
        <ele>149</ele>
      </trkpt>
      <trkpt lat="55.399071" lon="25.394381">
        <ele>149</ele>
      </trkpt>
      <trkpt lat="55.399074" lon="25.393999">
        <ele>149.45</ele>
      </trkpt>
      <trkpt lat="55.399035" lon="25.393456">
        <ele>150</ele>
      </trkpt>
      <trkpt lat="55.399005" lon="25.393199">
        <ele>150.81</ele>
      </trkpt>
      <trkpt lat="55.398904" lon="25.392886">
        <ele>151.25</ele>
      </trkpt>
      <trkpt lat="55.39878" lon="25.392584">
        <ele>151.4</ele>
      </trkpt>
      <trkpt lat="55.398655" lon="25.392353">
        <ele>151.25</ele>
      </trkpt>
      <trkpt lat="55.398595" lon="25.39214">
        <ele>151.02</ele>
      </trkpt>
      <trkpt lat="55.398575" lon="25.391838">
        <ele>151</ele>
      </trkpt>
      <trkpt lat="55.398601" lon="25.391591">
        <ele>151</ele>
      </trkpt>
      <trkpt lat="55.39872" lon="25.390685">
        <ele>153</ele>
      </trkpt>
      <trkpt lat="55.398839" lon="25.389778">
        <ele>152.72</ele>
      </trkpt>
      <trkpt lat="55.39835" lon="25.38986">
        <ele>153</ele>
      </trkpt>
      <trkpt lat="55.397693" lon="25.390063">
        <ele>154.91</ele>
      </trkpt>
      <trkpt lat="55.397393" lon="25.390265">
        <ele>153.14</ele>
      </trkpt>
      <trkpt lat="55.396936" lon="25.390523">
        <ele>149.45</ele>
      </trkpt>
      <trkpt lat="55.3967" lon="25.390598">
        <ele>149</ele>
      </trkpt>
      <trkpt lat="55.39572" lon="25.390573">
        <ele>150.08</ele>
      </trkpt>
      <trkpt lat="55.39548" lon="25.390633">
        <ele>148.73</ele>
      </trkpt>
      <trkpt lat="55.394858" lon="25.390827">
        <ele>150.4</ele>
      </trkpt>
      <trkpt lat="55.394655" lon="25.39089">
        <ele>149.31</ele>
      </trkpt>
      <trkpt lat="55.394469" lon="25.390978">
        <ele>148.15</ele>
      </trkpt>
      <trkpt lat="55.393164" lon="25.391826">
        <ele>138.84</ele>
      </trkpt>
      <trkpt lat="55.392929" lon="25.391989">
        <ele>138</ele>
      </trkpt>
      <trkpt lat="55.39246" lon="25.392314">
        <ele>140.04</ele>
      </trkpt>
      <trkpt lat="55.39199" lon="25.392639">
        <ele>138.01</ele>
      </trkpt>
      <trkpt lat="55.391755" lon="25.392802">
        <ele>138.78</ele>
      </trkpt>
      <trkpt lat="55.391635" lon="25.392869">
        <ele>139.54</ele>
      </trkpt>
      <trkpt lat="55.391538" lon="25.393007">
        <ele>138.93</ele>
      </trkpt>
      <trkpt lat="55.39128" lon="25.393591">
        <ele>133.53</ele>
      </trkpt>
      <trkpt lat="55.390248" lon="25.391623">
        <ele>132</ele>
      </trkpt>
      <trkpt lat="55.389827" lon="25.39082">
        <ele>134.33</ele>
      </trkpt>
      <trkpt lat="55.389282" lon="25.389781">
        <ele>133.1</ele>
      </trkpt>
      <trkpt lat="55.388919" lon="25.389088">
        <ele>134.44</ele>
      </trkpt>
      <trkpt lat="55.388423" lon="25.388101">
        <ele>137.69</ele>
      </trkpt>
      <trkpt lat="55.388092" lon="25.38731">
        <ele>138.95</ele>
      </trkpt>
      <trkpt lat="55.387596" lon="25.386123">
        <ele>136.15</ele>
      </trkpt>
      <trkpt lat="55.386935" lon="25.38454">
        <ele>140.08</ele>
      </trkpt>
      <trkpt lat="55.386406" lon="25.383278">
        <ele>137.83</ele>
      </trkpt>
      <trkpt lat="55.386066" lon="25.382452">
        <ele>139.47</ele>
      </trkpt>
      <trkpt lat="55.384193" lon="25.377911">
        <ele>137</ele>
      </trkpt>
      <trkpt lat="55.383684" lon="25.376808">
        <ele>138.91</ele>
      </trkpt>
      <trkpt lat="55.383344" lon="25.376073">
        <ele>138</ele>
      </trkpt>
      <trkpt lat="55.383174" lon="25.375706">
        <ele>139.52</ele>
      </trkpt>
      <trkpt lat="55.383021" lon="25.375331">
        <ele>141.69</ele>
      </trkpt>
      <trkpt lat="55.382714" lon="25.374583">
        <ele>140</ele>
      </trkpt>
      <trkpt lat="55.381485" lon="25.371587">
        <ele>140.3</ele>
      </trkpt>
      <trkpt lat="55.380832" lon="25.369935">
        <ele>136.65</ele>
      </trkpt>
      <trkpt lat="55.380506" lon="25.369109">
        <ele>138</ele>
      </trkpt>
      <trkpt lat="55.379631" lon="25.367196">
        <ele>137.99</ele>
      </trkpt>
      <trkpt lat="55.37928" lon="25.366431">
        <ele>136.56</ele>
      </trkpt>
      <trkpt lat="55.378945" lon="25.365697">
        <ele>138</ele>
      </trkpt>
      <trkpt lat="55.37873" lon="25.365105">
        <ele>139</ele>
      </trkpt>
      <trkpt lat="55.378588" lon="25.364602">
        <ele>138.66</ele>
      </trkpt>
      <trkpt lat="55.378394" lon="25.363755">
        <ele>137</ele>
      </trkpt>
      <trkpt lat="55.377508" lon="25.359948">
        <ele>142.6</ele>
      </trkpt>
      <trkpt lat="55.377108" lon="25.358246">
        <ele>136.51</ele>
      </trkpt>
      <trkpt lat="55.376796" lon="25.356947">
        <ele>136.21</ele>
      </trkpt>
      <trkpt lat="55.376275" lon="25.354782">
        <ele>145</ele>
      </trkpt>
      <trkpt lat="55.375963" lon="25.353483">
        <ele>145</ele>
      </trkpt>
      <trkpt lat="55.37565" lon="25.352184">
        <ele>141.89</ele>
      </trkpt>
      <trkpt lat="55.375338" lon="25.350885">
        <ele>132.56</ele>
      </trkpt>
      <trkpt lat="55.375012" lon="25.349546">
        <ele>128.06</ele>
      </trkpt>
      <trkpt lat="55.374686" lon="25.348207">
        <ele>131.84</ele>
      </trkpt>
      <trkpt lat="55.374244" lon="25.346378">
        <ele>131</ele>
      </trkpt>
      <trkpt lat="55.373964" lon="25.34526">
        <ele>133</ele>
      </trkpt>
      <trkpt lat="55.373747" lon="25.344391">
        <ele>130.42</ele>
      </trkpt>
      <trkpt lat="55.373423" lon="25.343088">
        <ele>129.13</ele>
      </trkpt>
      <trkpt lat="55.373206" lon="25.342219">
        <ele>130</ele>
      </trkpt>
      <trkpt lat="55.372882" lon="25.340916">
        <ele>131.79</ele>
      </trkpt>
      <trkpt lat="55.372557" lon="25.339613">
        <ele>138.96</ele>
      </trkpt>
      <trkpt lat="55.372333" lon="25.338645">
        <ele>141</ele>
      </trkpt>
      <trkpt lat="55.372109" lon="25.337676">
        <ele>138.13</ele>
      </trkpt>
      <trkpt lat="55.371904" lon="25.336829">
        <ele>137.14</ele>
      </trkpt>
      <trkpt lat="55.371699" lon="25.335982">
        <ele>141.84</ele>
      </trkpt>
      <trkpt lat="55.371391" lon="25.334712">
        <ele>140.01</ele>
      </trkpt>
      <trkpt lat="55.370462" lon="25.330845">
        <ele>141.83</ele>
      </trkpt>
      <trkpt lat="55.370151" lon="25.329541">
        <ele>136.05</ele>
      </trkpt>
      <trkpt lat="55.370032" lon="25.329062">
        <ele>135</ele>
      </trkpt>
      <trkpt lat="55.369813" lon="25.328176">
        <ele>137</ele>
      </trkpt>
      <trkpt lat="55.369613" lon="25.327362">
        <ele>135.08</ele>
      </trkpt>
      <trkpt lat="55.3692" lon="25.325686">
        <ele>125</ele>
      </trkpt>
      <trkpt lat="55.368975" lon="25.324775">
        <ele>126.63</ele>
      </trkpt>
      <trkpt lat="55.36875" lon="25.323864">
        <ele>134.93</ele>
      </trkpt>
      <trkpt lat="55.368638" lon="25.323408">
        <ele>135.42</ele>
      </trkpt>
      <trkpt lat="55.368015" lon="25.320885">
        <ele>129</ele>
      </trkpt>
      <trkpt lat="55.367514" lon="25.318862">
        <ele>135</ele>
      </trkpt>
      <trkpt lat="55.36706" lon="25.317031">
        <ele>131</ele>
      </trkpt>
      <trkpt lat="55.366606" lon="25.3152">
        <ele>136</ele>
      </trkpt>
      <trkpt lat="55.366534" lon="25.314878">
        <ele>136.18</ele>
      </trkpt>
      <trkpt lat="55.366474" lon="25.31456">
        <ele>137</ele>
      </trkpt>
      <trkpt lat="55.366455" lon="25.314366">
        <ele>137</ele>
      </trkpt>
      <trkpt lat="55.366454" lon="25.314148">
        <ele>137</ele>
      </trkpt>
      <trkpt lat="55.366469" lon="25.313934">
        <ele>136.77</ele>
      </trkpt>
      <trkpt lat="55.366504" lon="25.313686">
        <ele>135.89</ele>
      </trkpt>
      <trkpt lat="55.366559" lon="25.31342">
        <ele>135.2</ele>
      </trkpt>
      <trkpt lat="55.366874" lon="25.312091">
        <ele>131.5</ele>
      </trkpt>
      <trkpt lat="55.366974" lon="25.31167">
        <ele>132.64</ele>
      </trkpt>
      <trkpt lat="55.367173" lon="25.310829">
        <ele>144.29</ele>
      </trkpt>
      <trkpt lat="55.367273" lon="25.310408">
        <ele>146.41</ele>
      </trkpt>
      <trkpt lat="55.367372" lon="25.309987">
        <ele>145.14</ele>
      </trkpt>
      <trkpt lat="55.367431" lon="25.309658">
        <ele>143.24</ele>
      </trkpt>
      <trkpt lat="55.367445" lon="25.30931">
        <ele>140.55</ele>
      </trkpt>
      <trkpt lat="55.367425" lon="25.308979">
        <ele>136.5</ele>
      </trkpt>
      <trkpt lat="55.367364" lon="25.30861">
        <ele>131.76</ele>
      </trkpt>
      <trkpt lat="55.367279" lon="25.308247">
        <ele>128.21</ele>
      </trkpt>
      <trkpt lat="55.367197" lon="25.307975">
        <ele>126.69</ele>
      </trkpt>
      <trkpt lat="55.36707" lon="25.30768">
        <ele>125</ele>
      </trkpt>
      <trkpt lat="55.366956" lon="25.307475">
        <ele>124.79</ele>
      </trkpt>
      <trkpt lat="55.366846" lon="25.307331">
        <ele>124.49</ele>
      </trkpt>
      <trkpt lat="55.366585" lon="25.307052">
        <ele>126.05</ele>
      </trkpt>
      <trkpt lat="55.366056" lon="25.306472">
        <ele>125.71</ele>
      </trkpt>
      <trkpt lat="55.365372" lon="25.305577">
        <ele>118.75</ele>
      </trkpt>
      <trkpt lat="55.364302" lon="25.30416">
        <ele>117.49</ele>
      </trkpt>
      <trkpt lat="55.364003" lon="25.30372">
        <ele>120.15</ele>
      </trkpt>
      <trkpt lat="55.363777" lon="25.303403">
        <ele>123.88</ele>
      </trkpt>
      <trkpt lat="55.363715" lon="25.303276">
        <ele>124.61</ele>
      </trkpt>
      <trkpt lat="55.363671" lon="25.303165">
        <ele>124.4</ele>
      </trkpt>
      <trkpt lat="55.363622" lon="25.303003">
        <ele>123.52</ele>
      </trkpt>
      <trkpt lat="55.363548" lon="25.302687">
        <ele>121.17</ele>
      </trkpt>
      <trkpt lat="55.363384" lon="25.301861">
        <ele>120</ele>
      </trkpt>
      <trkpt lat="55.36334" lon="25.30173">
        <ele>121.37</ele>
      </trkpt>
      <trkpt lat="55.363286" lon="25.30164">
        <ele>122.28</ele>
      </trkpt>
      <trkpt lat="55.363229" lon="25.301579">
        <ele>122.5</ele>
      </trkpt>
      <trkpt lat="55.363153" lon="25.301523">
        <ele>122.42</ele>
      </trkpt>
      <trkpt lat="55.363039" lon="25.301478">
        <ele>121.65</ele>
      </trkpt>
      <trkpt lat="55.36276" lon="25.301441">
        <ele>118.72</ele>
      </trkpt>
      <trkpt lat="55.36214" lon="25.301437">
        <ele>118</ele>
      </trkpt>
      <trkpt lat="55.361974" lon="25.301398">
        <ele>118</ele>
      </trkpt>
      <trkpt lat="55.36183" lon="25.301322">
        <ele>118</ele>
      </trkpt>
      <trkpt lat="55.361628" lon="25.301176">
        <ele>118</ele>
      </trkpt>
      <trkpt lat="55.361291" lon="25.30087">
        <ele>119.12</ele>
      </trkpt>
      <trkpt lat="55.36036" lon="25.300051">
        <ele>123.46</ele>
      </trkpt>
      <trkpt lat="55.360047" lon="25.29984">
        <ele>123.39</ele>
      </trkpt>
      <trkpt lat="55.359694" lon="25.299631">
        <ele>122.18</ele>
      </trkpt>
      <trkpt lat="55.359329" lon="25.299393">
        <ele>122.18</ele>
      </trkpt>
      <trkpt lat="55.358207" lon="25.298237">
        <ele>120.08</ele>
      </trkpt>
      <trkpt lat="55.356661" lon="25.296643">
        <ele>121</ele>
      </trkpt>
      <trkpt lat="55.35487" lon="25.294771">
        <ele>129.08</ele>
      </trkpt>
      <trkpt lat="55.354528" lon="25.294434">
        <ele>130.96</ele>
      </trkpt>
      <trkpt lat="55.354225" lon="25.294142">
        <ele>128.42</ele>
      </trkpt>
      <trkpt lat="55.353891" lon="25.293842">
        <ele>126.48</ele>
      </trkpt>
      <trkpt lat="55.353743" lon="25.293733">
        <ele>127.11</ele>
      </trkpt>
      <trkpt lat="55.353531" lon="25.293627">
        <ele>129.4</ele>
      </trkpt>
      <trkpt lat="55.353439" lon="25.293594">
        <ele>130.54</ele>
      </trkpt>
      <trkpt lat="55.353178" lon="25.293533">
        <ele>133.29</ele>
      </trkpt>
      <trkpt lat="55.351909" lon="25.293269">
        <ele>141.86</ele>
      </trkpt>
      <trkpt lat="55.351359" lon="25.293153">
        <ele>141.05</ele>
      </trkpt>
      <trkpt lat="55.350276" lon="25.293012">
        <ele>140</ele>
      </trkpt>
      <trkpt lat="55.349967" lon="25.293273">
        <ele>137.87</ele>
      </trkpt>
      <trkpt lat="55.349715" lon="25.293452">
        <ele>136</ele>
      </trkpt>
      <trkpt lat="55.349272" lon="25.293677">
        <ele>131.52</ele>
      </trkpt>
      <trkpt lat="55.349048" lon="25.293757">
        <ele>127.94</ele>
      </trkpt>
      <trkpt lat="55.348855" lon="25.293793">
        <ele>125.12</ele>
      </trkpt>
      <trkpt lat="55.348684" lon="25.293798">
        <ele>123.01</ele>
      </trkpt>
      <trkpt lat="55.348271" lon="25.293778">
        <ele>118.68</ele>
      </trkpt>
      <trkpt lat="55.347965" lon="25.293784">
        <ele>117.41</ele>
      </trkpt>
      <trkpt lat="55.347631" lon="25.293911">
        <ele>117</ele>
      </trkpt>
      <trkpt lat="55.347285" lon="25.294137">
        <ele>117.76</ele>
      </trkpt>
      <trkpt lat="55.347102" lon="25.2943">
        <ele>117.81</ele>
      </trkpt>
      <trkpt lat="55.346913" lon="25.294508">
        <ele>117.22</ele>
      </trkpt>
      <trkpt lat="55.346756" lon="25.294728">
        <ele>117.31</ele>
      </trkpt>
      <trkpt lat="55.346564" lon="25.295045">
        <ele>118</ele>
      </trkpt>
      <trkpt lat="55.346392" lon="25.295379">
        <ele>118</ele>
      </trkpt>
      <trkpt lat="55.345504" lon="25.297295">
        <ele>115</ele>
      </trkpt>
      <trkpt lat="55.344477" lon="25.29951">
        <ele>114.28</ele>
      </trkpt>
      <trkpt lat="55.344021" lon="25.300492">
        <ele>116.01</ele>
      </trkpt>
      <trkpt lat="55.343213" lon="25.302228">
        <ele>116.28</ele>
      </trkpt>
      <trkpt lat="55.3419" lon="25.305054">
        <ele>122</ele>
      </trkpt>
      <trkpt lat="55.341238" lon="25.306483">
        <ele>122</ele>
      </trkpt>
      <trkpt lat="55.339659" lon="25.309876">
        <ele>126</ele>
      </trkpt>
      <trkpt lat="55.337965" lon="25.313515">
        <ele>127</ele>
      </trkpt>
      <trkpt lat="55.337696" lon="25.313941">
        <ele>127</ele>
      </trkpt>
      <trkpt lat="55.337494" lon="25.314205">
        <ele>127</ele>
      </trkpt>
      <trkpt lat="55.33724" lon="25.314466">
        <ele>127</ele>
      </trkpt>
      <trkpt lat="55.337053" lon="25.314632">
        <ele>127</ele>
      </trkpt>
      <trkpt lat="55.336839" lon="25.314781">
        <ele>127.26</ele>
      </trkpt>
      <trkpt lat="55.336618" lon="25.314891">
        <ele>127.35</ele>
      </trkpt>
      <trkpt lat="55.337164" lon="25.316213">
        <ele>130</ele>
      </trkpt>
      <trkpt lat="55.337666" lon="25.317426">
        <ele>129</ele>
      </trkpt>
      <trkpt lat="55.338046" lon="25.318388">
        <ele>129</ele>
      </trkpt>
      <trkpt lat="55.338283" lon="25.318843">
        <ele>128.52</ele>
      </trkpt>
      <trkpt lat="55.338645" lon="25.31948">
        <ele>127</ele>
      </trkpt>
      <trkpt lat="55.338982" lon="25.319967">
        <ele>125.44</ele>
      </trkpt>
      <trkpt lat="55.339114" lon="25.32014">
        <ele>124.09</ele>
      </trkpt>
      <trkpt lat="55.339511" lon="25.320635">
        <ele>119.73</ele>
      </trkpt>
      <trkpt lat="55.339705" lon="25.320844">
        <ele>118.03</ele>
      </trkpt>
      <trkpt lat="55.33986" lon="25.320962">
        <ele>116.89</ele>
      </trkpt>
      <trkpt lat="55.340633" lon="25.321401">
        <ele>114</ele>
      </trkpt>
      <trkpt lat="55.341132" lon="25.32169">
        <ele>114</ele>
      </trkpt>
      <trkpt lat="55.341132" lon="25.32169">
        <ele>114</ele>
      </trkpt>
      <trkpt lat="55.341496" lon="25.321901">
        <ele>114</ele>
      </trkpt>
      <trkpt lat="55.342335" lon="25.322344">
        <ele>116.83</ele>
      </trkpt>
      <trkpt lat="55.342004" lon="25.324108">
        <ele>115.72</ele>
      </trkpt>
      <trkpt lat="55.341876" lon="25.325123">
        <ele>115.48</ele>
      </trkpt>
      <trkpt lat="55.341764" lon="25.326125">
        <ele>116</ele>
      </trkpt>
      <trkpt lat="55.341688" lon="25.327729">
        <ele>116</ele>
      </trkpt>
      <trkpt lat="55.341674" lon="25.328006">
        <ele>116</ele>
      </trkpt>
      <trkpt lat="55.341674" lon="25.328196">
        <ele>116.02</ele>
      </trkpt>
      <trkpt lat="55.3417" lon="25.328392">
        <ele>116.34</ele>
      </trkpt>
      <trkpt lat="55.341743" lon="25.328531">
        <ele>116.78</ele>
      </trkpt>
      <trkpt lat="55.341822" lon="25.328647">
        <ele>117</ele>
      </trkpt>
      <trkpt lat="55.342416" lon="25.329137">
        <ele>121.66</ele>
      </trkpt>
      <trkpt lat="55.342812" lon="25.329532">
        <ele>124.02</ele>
      </trkpt>
      <trkpt lat="55.342985" lon="25.32976">
        <ele>125</ele>
      </trkpt>
      <trkpt lat="55.343241" lon="25.330208">
        <ele>125</ele>
      </trkpt>
      <trkpt lat="55.343355" lon="25.330184">
        <ele>125</ele>
      </trkpt>
      <trkpt lat="55.343442" lon="25.330184">
        <ele>125</ele>
      </trkpt>
      <trkpt lat="55.343527" lon="25.330232">
        <ele>125.03</ele>
      </trkpt>
      <trkpt lat="55.343754" lon="25.330417">
        <ele>126.35</ele>
      </trkpt>
      <trkpt lat="55.344048" lon="25.330551">
        <ele>127.05</ele>
      </trkpt>
      <trkpt lat="55.344153" lon="25.330592">
        <ele>127.43</ele>
      </trkpt>
      <trkpt lat="55.344316" lon="25.330605">
        <ele>128.02</ele>
      </trkpt>
      <trkpt lat="55.34432" lon="25.331636">
        <ele>127.78</ele>
      </trkpt>
      <trkpt lat="55.344325" lon="25.332667">
        <ele>125.19</ele>
      </trkpt>
      <trkpt lat="55.344339" lon="25.333409">
        <ele>124.31</ele>
      </trkpt>
      <trkpt lat="55.344348" lon="25.333912">
        <ele>123.71</ele>
      </trkpt>
      <trkpt lat="55.344349" lon="25.335039">
        <ele>125.16</ele>
      </trkpt>
      <trkpt lat="55.34434" lon="25.336425">
        <ele>128.09</ele>
      </trkpt>
      <trkpt lat="55.344333" lon="25.337454">
        <ele>134.74</ele>
      </trkpt>
      <trkpt lat="55.344329" lon="25.337968">
        <ele>135.77</ele>
      </trkpt>
      <trkpt lat="55.344311" lon="25.338373">
        <ele>135.98</ele>
      </trkpt>
      <trkpt lat="55.344281" lon="25.338686">
        <ele>136.27</ele>
      </trkpt>
      <trkpt lat="55.344205" lon="25.339077">
        <ele>136.53</ele>
      </trkpt>
      <trkpt lat="55.343927" lon="25.340154">
        <ele>133.31</ele>
      </trkpt>
      <trkpt lat="55.343789" lon="25.340643">
        <ele>131.96</ele>
      </trkpt>
      <trkpt lat="55.343515" lon="25.341621">
        <ele>132.89</ele>
      </trkpt>
      <trkpt lat="55.343384" lon="25.342056">
        <ele>134.03</ele>
      </trkpt>
      <trkpt lat="55.343124" lon="25.342927">
        <ele>132.3</ele>
      </trkpt>
      <trkpt lat="55.342906" lon="25.343641">
        <ele>123.7</ele>
      </trkpt>
      <trkpt lat="55.341903" lon="25.346985">
        <ele>124</ele>
      </trkpt>
      <trkpt lat="55.341836" lon="25.346921">
        <ele>124</ele>
      </trkpt>
      <trkpt lat="55.341773" lon="25.346894">
        <ele>124</ele>
      </trkpt>
      <trkpt lat="55.339854" lon="25.346368">
        <ele>122.05</ele>
      </trkpt>
      <trkpt lat="55.338758" lon="25.346067">
        <ele>127.96</ele>
      </trkpt>
      <trkpt lat="55.338404" lon="25.345982">
        <ele>129.33</ele>
      </trkpt>
      <trkpt lat="55.336471" lon="25.345439">
        <ele>132</ele>
      </trkpt>
      <trkpt lat="55.335367" lon="25.345129">
        <ele>131.58</ele>
      </trkpt>
      <trkpt lat="55.335265" lon="25.345469">
        <ele>131.44</ele>
      </trkpt>
      <trkpt lat="55.335215" lon="25.345758">
        <ele>131.95</ele>
      </trkpt>
      <trkpt lat="55.335199" lon="25.346071">
        <ele>132</ele>
      </trkpt>
      <trkpt lat="55.335222" lon="25.346368">
        <ele>132</ele>
      </trkpt>
      <trkpt lat="55.335313" lon="25.346851">
        <ele>131.31</ele>
      </trkpt>
      <trkpt lat="55.335487" lon="25.347768">
        <ele>130</ele>
      </trkpt>
      <trkpt lat="55.335498" lon="25.347981">
        <ele>130</ele>
      </trkpt>
      <trkpt lat="55.335468" lon="25.348659">
        <ele>130</ele>
      </trkpt>
      <trkpt lat="55.335457" lon="25.349124">
        <ele>130</ele>
      </trkpt>
      <trkpt lat="55.335484" lon="25.349437">
        <ele>129.85</ele>
      </trkpt>
      <trkpt lat="55.335476" lon="25.349581">
        <ele>129.3</ele>
      </trkpt>
      <trkpt lat="55.335431" lon="25.349739">
        <ele>129</ele>
      </trkpt>
      <trkpt lat="55.335387" lon="25.349939">
        <ele>129.13</ele>
      </trkpt>
      <trkpt lat="55.335386" lon="25.350177">
        <ele>129.2</ele>
      </trkpt>
      <trkpt lat="55.335415" lon="25.350695">
        <ele>129.91</ele>
      </trkpt>
      <trkpt lat="55.335416" lon="25.351092">
        <ele>129.9</ele>
      </trkpt>
      <trkpt lat="55.335326" lon="25.354116">
        <ele>131.78</ele>
      </trkpt>
      <trkpt lat="55.335327" lon="25.354439">
        <ele>131.81</ele>
      </trkpt>
      <trkpt lat="55.33534" lon="25.35479">
        <ele>131.68</ele>
      </trkpt>
      <trkpt lat="55.335021" lon="25.355013">
        <ele>132</ele>
      </trkpt>
      <trkpt lat="55.33422" lon="25.355737">
        <ele>133.05</ele>
      </trkpt>
      <trkpt lat="55.333778" lon="25.356156">
        <ele>134.74</ele>
      </trkpt>
      <trkpt lat="55.333532" lon="25.356389">
        <ele>138.33</ele>
      </trkpt>
      <trkpt lat="55.333374" lon="25.35662">
        <ele>144.23</ele>
      </trkpt>
      <trkpt lat="55.333191" lon="25.356932">
        <ele>153.59</ele>
      </trkpt>
      <trkpt lat="55.333008" lon="25.357245">
        <ele>159.44</ele>
      </trkpt>
      <trkpt lat="55.332825" lon="25.357558">
        <ele>161.77</ele>
      </trkpt>
      <trkpt lat="55.332458" lon="25.358183">
        <ele>162.52</ele>
      </trkpt>
      <trkpt lat="55.332025" lon="25.359707">
        <ele>152.42</ele>
      </trkpt>
      <trkpt lat="55.331921" lon="25.360313">
        <ele>146.78</ele>
      </trkpt>
      <trkpt lat="55.331909" lon="25.361059">
        <ele>146.6</ele>
      </trkpt>
      <trkpt lat="55.331963" lon="25.361445">
        <ele>146.86</ele>
      </trkpt>
      <trkpt lat="55.332071" lon="25.362217">
        <ele>140.86</ele>
      </trkpt>
      <trkpt lat="55.332091" lon="25.362647">
        <ele>140.6</ele>
      </trkpt>
      <trkpt lat="55.332111" lon="25.363076">
        <ele>143.38</ele>
      </trkpt>
      <trkpt lat="55.332056" lon="25.363795">
        <ele>148.24</ele>
      </trkpt>
      <trkpt lat="55.331952" lon="25.364173">
        <ele>146.08</ele>
      </trkpt>
      <trkpt lat="55.331848" lon="25.364551">
        <ele>141.01</ele>
      </trkpt>
      <trkpt lat="55.331616" lon="25.365028">
        <ele>136.74</ele>
      </trkpt>
      <trkpt lat="55.331223" lon="25.365356">
        <ele>139</ele>
      </trkpt>
      <trkpt lat="55.330615" lon="25.365694">
        <ele>138</ele>
      </trkpt>
      <trkpt lat="55.330277" lon="25.365779">
        <ele>137.77</ele>
      </trkpt>
      <trkpt lat="55.329999" lon="25.365624">
        <ele>138.9</ele>
      </trkpt>
      <trkpt lat="55.329675" lon="25.365484">
        <ele>140.63</ele>
      </trkpt>
      <trkpt lat="55.329175" lon="25.365441">
        <ele>146.82</ele>
      </trkpt>
      <trkpt lat="55.328961" lon="25.365533">
        <ele>146.71</ele>
      </trkpt>
      <trkpt lat="55.328815" lon="25.365694">
        <ele>147.1</ele>
      </trkpt>
      <trkpt lat="55.328633" lon="25.366094">
        <ele>145.81</ele>
      </trkpt>
      <trkpt lat="55.328451" lon="25.366494">
        <ele>142.23</ele>
      </trkpt>
      <trkpt lat="55.328269" lon="25.366894">
        <ele>144.14</ele>
      </trkpt>
      <trkpt lat="55.328087" lon="25.367294">
        <ele>150.96</ele>
      </trkpt>
      <trkpt lat="55.327905" lon="25.367695">
        <ele>154.9</ele>
      </trkpt>
      <trkpt lat="55.327202" lon="25.369218">
        <ele>156.11</ele>
      </trkpt>
      <trkpt lat="55.327027" lon="25.369599">
        <ele>153.38</ele>
      </trkpt>
      <trkpt lat="55.326694" lon="25.370178">
        <ele>150.4</ele>
      </trkpt>
      <trkpt lat="55.326496" lon="25.370578">
        <ele>150.53</ele>
      </trkpt>
      <trkpt lat="55.326299" lon="25.370978">
        <ele>154.08</ele>
      </trkpt>
      <trkpt lat="55.326104" lon="25.371393">
        <ele>155.62</ele>
      </trkpt>
      <trkpt lat="55.325762" lon="25.372117">
        <ele>157</ele>
      </trkpt>
      <trkpt lat="55.325467" lon="25.372732">
        <ele>155</ele>
      </trkpt>
      <trkpt lat="55.325031" lon="25.373536">
        <ele>158.04</ele>
      </trkpt>
      <trkpt lat="55.324796" lon="25.373794">
        <ele>158.56</ele>
      </trkpt>
      <trkpt lat="55.324597" lon="25.374041">
        <ele>157.53</ele>
      </trkpt>
      <trkpt lat="55.324393" lon="25.374164">
        <ele>156.23</ele>
      </trkpt>
      <trkpt lat="55.324103" lon="25.374368">
        <ele>157.4</ele>
      </trkpt>
      <trkpt lat="55.323914" lon="25.374561">
        <ele>158.37</ele>
      </trkpt>
      <trkpt lat="55.32355" lon="25.375114">
        <ele>155.87</ele>
      </trkpt>
      <trkpt lat="55.323022" lon="25.375977">
        <ele>158.47</ele>
      </trkpt>
      <trkpt lat="55.32191" lon="25.376877">
        <ele>160.35</ele>
      </trkpt>
      <trkpt lat="55.321157" lon="25.377486">
        <ele>154.98</ele>
      </trkpt>
      <trkpt lat="55.320906" lon="25.377689">
        <ele>147.4</ele>
      </trkpt>
      <trkpt lat="55.320826" lon="25.377286">
        <ele>146.17</ele>
      </trkpt>
      <trkpt lat="55.320601" lon="25.376375">
        <ele>139.26</ele>
      </trkpt>
      <trkpt lat="55.320388" lon="25.375527">
        <ele>139.71</ele>
      </trkpt>
      <trkpt lat="55.320058" lon="25.374098">
        <ele>141</ele>
      </trkpt>
      <trkpt lat="55.319983" lon="25.37371">
        <ele>141.08</ele>
      </trkpt>
      <trkpt lat="55.319949" lon="25.373352">
        <ele>142</ele>
      </trkpt>
      <trkpt lat="55.319905" lon="25.373071">
        <ele>142</ele>
      </trkpt>
      <trkpt lat="55.319847" lon="25.372821">
        <ele>142.3</ele>
      </trkpt>
      <trkpt lat="55.319712" lon="25.372515">
        <ele>143</ele>
      </trkpt>
      <trkpt lat="55.317743" lon="25.369445">
        <ele>145</ele>
      </trkpt>
      <trkpt lat="55.316167" lon="25.366988">
        <ele>153</ele>
      </trkpt>
      <trkpt lat="55.316082" lon="25.366805">
        <ele>153</ele>
      </trkpt>
      <trkpt lat="55.316023" lon="25.366631">
        <ele>152.98</ele>
      </trkpt>
      <trkpt lat="55.315938" lon="25.366243">
        <ele>152</ele>
      </trkpt>
      <trkpt lat="55.315825" lon="25.365815">
        <ele>151</ele>
      </trkpt>
      <trkpt lat="55.315674" lon="25.365361">
        <ele>150.12</ele>
      </trkpt>
      <trkpt lat="55.315469" lon="25.364849">
        <ele>150</ele>
      </trkpt>
      <trkpt lat="55.315106" lon="25.364092">
        <ele>152.98</ele>
      </trkpt>
      <trkpt lat="55.314771" lon="25.363422">
        <ele>152.89</ele>
      </trkpt>
      <trkpt lat="55.314534" lon="25.363177">
        <ele>152.11</ele>
      </trkpt>
      <trkpt lat="55.31406" lon="25.362686">
        <ele>154</ele>
      </trkpt>
      <trkpt lat="55.313732" lon="25.362103">
        <ele>155.81</ele>
      </trkpt>
      <trkpt lat="55.313596" lon="25.361862">
        <ele>155.13</ele>
      </trkpt>
      <trkpt lat="55.313516" lon="25.361278">
        <ele>155.43</ele>
      </trkpt>
      <trkpt lat="55.313467" lon="25.359786">
        <ele>163.47</ele>
      </trkpt>
      <trkpt lat="55.313451" lon="25.359288">
        <ele>162.92</ele>
      </trkpt>
      <trkpt lat="55.313379" lon="25.358755">
        <ele>158.74</ele>
      </trkpt>
      <trkpt lat="55.313336" lon="25.358546">
        <ele>157.46</ele>
      </trkpt>
      <trkpt lat="55.312971" lon="25.357268">
        <ele>155.08</ele>
      </trkpt>
      <trkpt lat="55.312907" lon="25.356959">
        <ele>155</ele>
      </trkpt>
      <trkpt lat="55.312822" lon="25.356071">
        <ele>152</ele>
      </trkpt>
      <trkpt lat="55.312717" lon="25.355271">
        <ele>151</ele>
      </trkpt>
      <trkpt lat="55.312594" lon="25.354457">
        <ele>152.06</ele>
      </trkpt>
      <trkpt lat="55.312481" lon="25.35378">
        <ele>154.99</ele>
      </trkpt>
      <trkpt lat="55.312387" lon="25.353366">
        <ele>157.64</ele>
      </trkpt>
      <trkpt lat="55.312123" lon="25.352713">
        <ele>161</ele>
      </trkpt>
      <trkpt lat="55.311666" lon="25.35158">
        <ele>162</ele>
      </trkpt>
      <trkpt lat="55.311242" lon="25.350369">
        <ele>164</ele>
      </trkpt>
      <trkpt lat="55.311099" lon="25.350111">
        <ele>164.39</ele>
      </trkpt>
      <trkpt lat="55.310956" lon="25.349852">
        <ele>166.83</ele>
      </trkpt>
      <trkpt lat="55.31079" lon="25.34951">
        <ele>168.44</ele>
      </trkpt>
      <trkpt lat="55.310459" lon="25.348824">
        <ele>165.12</ele>
      </trkpt>
      <trkpt lat="55.310293" lon="25.348482">
        <ele>165.62</ele>
      </trkpt>
      <trkpt lat="55.309856" lon="25.347481">
        <ele>165</ele>
      </trkpt>
      <trkpt lat="55.309649" lon="25.346983">
        <ele>165</ele>
      </trkpt>
      <trkpt lat="55.309449" lon="25.346585">
        <ele>165</ele>
      </trkpt>
      <trkpt lat="55.309093" lon="25.346015">
        <ele>163.86</ele>
      </trkpt>
      <trkpt lat="55.308655" lon="25.345427">
        <ele>163.72</ele>
      </trkpt>
      <trkpt lat="55.308217" lon="25.344839">
        <ele>171.98</ele>
      </trkpt>
      <trkpt lat="55.307998" lon="25.344545">
        <ele>168.48</ele>
      </trkpt>
      <trkpt lat="55.307779" lon="25.344251">
        <ele>162.29</ele>
      </trkpt>
      <trkpt lat="55.30756" lon="25.343957">
        <ele>161</ele>
      </trkpt>
      <trkpt lat="55.307122" lon="25.34337">
        <ele>162.01</ele>
      </trkpt>
      <trkpt lat="55.307" lon="25.343174">
        <ele>162.09</ele>
      </trkpt>
      <trkpt lat="55.306953" lon="25.343061">
        <ele>162</ele>
      </trkpt>
      <trkpt lat="55.306916" lon="25.342938">
        <ele>162</ele>
      </trkpt>
      <trkpt lat="55.306733" lon="25.343111">
        <ele>163.96</ele>
      </trkpt>
      <trkpt lat="55.306601" lon="25.343215">
        <ele>166.6</ele>
      </trkpt>
      <trkpt lat="55.306463" lon="25.343308">
        <ele>171.28</ele>
      </trkpt>
      <trkpt lat="55.306352" lon="25.343364">
        <ele>173.77</ele>
      </trkpt>
      <trkpt lat="55.306159" lon="25.343423">
        <ele>176.06</ele>
      </trkpt>
      <trkpt lat="55.306057" lon="25.34343">
        <ele>176.17</ele>
      </trkpt>
      <trkpt lat="55.305907" lon="25.343419">
        <ele>177.23</ele>
      </trkpt>
      <trkpt lat="55.305207" lon="25.343289">
        <ele>177</ele>
      </trkpt>
      <trkpt lat="55.304977" lon="25.343241">
        <ele>174.07</ele>
      </trkpt>
      <trkpt lat="55.304747" lon="25.343193">
        <ele>168.84</ele>
      </trkpt>
      <trkpt lat="55.304517" lon="25.34313">
        <ele>164.66</ele>
      </trkpt>
      <trkpt lat="55.304287" lon="25.343068">
        <ele>163.28</ele>
      </trkpt>
      <trkpt lat="55.304154" lon="25.343045">
        <ele>161.95</ele>
      </trkpt>
      <trkpt lat="55.303944" lon="25.343009">
        <ele>159.84</ele>
      </trkpt>
      <trkpt lat="55.303756" lon="25.343003">
        <ele>157.74</ele>
      </trkpt>
      <trkpt lat="55.303407" lon="25.343036">
        <ele>156.02</ele>
      </trkpt>
      <trkpt lat="55.302067" lon="25.343351">
        <ele>152</ele>
      </trkpt>
      <trkpt lat="55.30182" lon="25.343378">
        <ele>151.91</ele>
      </trkpt>
      <trkpt lat="55.301608" lon="25.343378">
        <ele>151</ele>
      </trkpt>
      <trkpt lat="55.301261" lon="25.343345">
        <ele>152.88</ele>
      </trkpt>
      <trkpt lat="55.300944" lon="25.343309">
        <ele>152</ele>
      </trkpt>
      <trkpt lat="55.300666" lon="25.343303">
        <ele>151.09</ele>
      </trkpt>
      <trkpt lat="55.300147" lon="25.34337">
        <ele>148.87</ele>
      </trkpt>
      <trkpt lat="55.299629" lon="25.343437">
        <ele>149</ele>
      </trkpt>
      <trkpt lat="55.299338" lon="25.343401">
        <ele>149.66</ele>
      </trkpt>
      <trkpt lat="55.298802" lon="25.343298">
        <ele>150</ele>
      </trkpt>
      <trkpt lat="55.298553" lon="25.343303">
        <ele>149.42</ele>
      </trkpt>
      <trkpt lat="55.298205" lon="25.343378">
        <ele>148.47</ele>
      </trkpt>
      <trkpt lat="55.297289" lon="25.343613">
        <ele>146.41</ele>
      </trkpt>
      <trkpt lat="55.296773" lon="25.343802">
        <ele>147</ele>
      </trkpt>
      <trkpt lat="55.295987" lon="25.344094">
        <ele>151.23</ele>
      </trkpt>
      <trkpt lat="55.294637" lon="25.344604">
        <ele>151</ele>
      </trkpt>
      <trkpt lat="55.294367" lon="25.344707">
        <ele>152.21</ele>
      </trkpt>
      <trkpt lat="55.29285" lon="25.345191">
        <ele>153.28</ele>
      </trkpt>
      <trkpt lat="55.291586" lon="25.345691">
        <ele>151</ele>
      </trkpt>
      <trkpt lat="55.291042" lon="25.345908">
        <ele>153</ele>
      </trkpt>
      <trkpt lat="55.289868" lon="25.34637">
        <ele>151</ele>
      </trkpt>
      <trkpt lat="55.288573" lon="25.346805">
        <ele>149.69</ele>
      </trkpt>
      <trkpt lat="55.287044" lon="25.347321">
        <ele>150.45</ele>
      </trkpt>
      <trkpt lat="55.286304" lon="25.347573">
        <ele>153.56</ele>
      </trkpt>
      <trkpt lat="55.284979" lon="25.348047">
        <ele>153</ele>
      </trkpt>
      <trkpt lat="55.284449" lon="25.348236">
        <ele>155</ele>
      </trkpt>
      <trkpt lat="55.282595" lon="25.3489">
        <ele>155.63</ele>
      </trkpt>
      <trkpt lat="55.28136" lon="25.349354">
        <ele>160.93</ele>
      </trkpt>
      <trkpt lat="55.280561" lon="25.349667">
        <ele>160.09</ele>
      </trkpt>
      <trkpt lat="55.279496" lon="25.350084">
        <ele>163.51</ele>
      </trkpt>
      <trkpt lat="55.278963" lon="25.350292">
        <ele>162</ele>
      </trkpt>
      <trkpt lat="55.277632" lon="25.350813">
        <ele>167.65</ele>
      </trkpt>
      <trkpt lat="55.276596" lon="25.35123">
        <ele>169</ele>
      </trkpt>
      <trkpt lat="55.276069" lon="25.351429">
        <ele>167</ele>
      </trkpt>
      <trkpt lat="55.275542" lon="25.351629">
        <ele>167.23</ele>
      </trkpt>
      <trkpt lat="55.272058" lon="25.352949">
        <ele>174</ele>
      </trkpt>
      <trkpt lat="55.27091" lon="25.35338">
        <ele>171.68</ele>
      </trkpt>
      <trkpt lat="55.270117" lon="25.353684">
        <ele>175.38</ele>
      </trkpt>
      <trkpt lat="55.269268" lon="25.35399">
        <ele>172.49</ele>
      </trkpt>
      <trkpt lat="55.268453" lon="25.354303">
        <ele>168.18</ele>
      </trkpt>
      <trkpt lat="55.266553" lon="25.355032">
        <ele>169</ele>
      </trkpt>
      <trkpt lat="55.265739" lon="25.355345">
        <ele>165.43</ele>
      </trkpt>
      <trkpt lat="55.264658" lon="25.355782">
        <ele>166.19</ele>
      </trkpt>
      <trkpt lat="55.262497" lon="25.356657">
        <ele>159.11</ele>
      </trkpt>
      <trkpt lat="55.261632" lon="25.356974">
        <ele>155</ele>
      </trkpt>
      <trkpt lat="55.260532" lon="25.357398">
        <ele>152</ele>
      </trkpt>
      <trkpt lat="55.258468" lon="25.358186">
        <ele>156</ele>
      </trkpt>
      <trkpt lat="55.257649" lon="25.358502">
        <ele>154.07</ele>
      </trkpt>
      <trkpt lat="55.257375" lon="25.358608">
        <ele>155.79</ele>
      </trkpt>
      <trkpt lat="55.256162" lon="25.359076">
        <ele>154.02</ele>
      </trkpt>
      <trkpt lat="55.256009" lon="25.359135">
        <ele>153.8</ele>
      </trkpt>
      <trkpt lat="55.255912" lon="25.358234">
        <ele>155.08</ele>
      </trkpt>
      <trkpt lat="55.255895" lon="25.35798">
        <ele>156.53</ele>
      </trkpt>
      <trkpt lat="55.255902" lon="25.357706">
        <ele>157.05</ele>
      </trkpt>
      <trkpt lat="55.255937" lon="25.357463">
        <ele>158.11</ele>
      </trkpt>
      <trkpt lat="55.256155" lon="25.356787">
        <ele>159.3</ele>
      </trkpt>
      <trkpt lat="55.256284" lon="25.356318">
        <ele>155.99</ele>
      </trkpt>
      <trkpt lat="55.256339" lon="25.356025">
        <ele>155.02</ele>
      </trkpt>
      <trkpt lat="55.256348" lon="25.355236">
        <ele>154.18</ele>
      </trkpt>
      <trkpt lat="55.256368" lon="25.354325">
        <ele>158</ele>
      </trkpt>
      <trkpt lat="55.256403" lon="25.353419">
        <ele>154.7</ele>
      </trkpt>
      <trkpt lat="55.256457" lon="25.352895">
        <ele>154</ele>
      </trkpt>
      <trkpt lat="55.256461" lon="25.352548">
        <ele>154.85</ele>
      </trkpt>
      <trkpt lat="55.256257" lon="25.350947">
        <ele>159.35</ele>
      </trkpt>
      <trkpt lat="55.25623" lon="25.350524">
        <ele>160.93</ele>
      </trkpt>
      <trkpt lat="55.256197" lon="25.350362">
        <ele>161</ele>
      </trkpt>
      <trkpt lat="55.256114" lon="25.350198">
        <ele>161</ele>
      </trkpt>
      <trkpt lat="55.255992" lon="25.350088">
        <ele>161</ele>
      </trkpt>
      <trkpt lat="55.255874" lon="25.350033">
        <ele>161</ele>
      </trkpt>
      <trkpt lat="55.255642" lon="25.350045">
        <ele>159.46</ele>
      </trkpt>
      <trkpt lat="55.255534" lon="25.350033">
        <ele>158.36</ele>
      </trkpt>
      <trkpt lat="55.255451" lon="25.349966">
        <ele>157.52</ele>
      </trkpt>
      <trkpt lat="55.255402" lon="25.349838">
        <ele>157.02</ele>
      </trkpt>
      <trkpt lat="55.255371" lon="25.349625">
        <ele>156.29</ele>
      </trkpt>
      <trkpt lat="55.255281" lon="25.347963">
        <ele>154.78</ele>
      </trkpt>
      <trkpt lat="55.255059" lon="25.345659">
        <ele>158.11</ele>
      </trkpt>
      <trkpt lat="55.25491" lon="25.344248">
        <ele>163</ele>
      </trkpt>
      <trkpt lat="55.254896" lon="25.344074">
        <ele>163.02</ele>
      </trkpt>
      <trkpt lat="55.254864" lon="25.343657">
        <ele>163.08</ele>
      </trkpt>
      <trkpt lat="55.254869" lon="25.343143">
        <ele>162</ele>
      </trkpt>
      <trkpt lat="55.254889" lon="25.341087">
        <ele>163</ele>
      </trkpt>
      <trkpt lat="55.254861" lon="25.340521">
        <ele>164.04</ele>
      </trkpt>
      <trkpt lat="55.254804" lon="25.339964">
        <ele>165</ele>
      </trkpt>
      <trkpt lat="55.254751" lon="25.339706">
        <ele>164.69</ele>
      </trkpt>
      <trkpt lat="55.254576" lon="25.339035">
        <ele>164.28</ele>
      </trkpt>
      <trkpt lat="55.254295" lon="25.33814">
        <ele>164</ele>
      </trkpt>
      <trkpt lat="55.254134" lon="25.337723">
        <ele>164</ele>
      </trkpt>
      <trkpt lat="55.254046" lon="25.337567">
        <ele>164.21</ele>
      </trkpt>
      <trkpt lat="55.253906" lon="25.337391">
        <ele>165</ele>
      </trkpt>
      <trkpt lat="55.253824" lon="25.33733">
        <ele>165</ele>
      </trkpt>
      <trkpt lat="55.253843" lon="25.335786">
        <ele>168.55</ele>
      </trkpt>
      <trkpt lat="55.253568" lon="25.335757">
        <ele>167.85</ele>
      </trkpt>
      <trkpt lat="55.252468" lon="25.335641">
        <ele>170.86</ele>
      </trkpt>
      <trkpt lat="55.251643" lon="25.335555">
        <ele>168.97</ele>
      </trkpt>
      <trkpt lat="55.251094" lon="25.335497">
        <ele>170.7</ele>
      </trkpt>
      <trkpt lat="55.250819" lon="25.335468">
        <ele>168.8</ele>
      </trkpt>
      <trkpt lat="55.250801" lon="25.335364">
        <ele>168.01</ele>
      </trkpt>
      <trkpt lat="55.250734" lon="25.335193">
        <ele>167</ele>
      </trkpt>
      <trkpt lat="55.250369" lon="25.334514">
        <ele>165.21</ele>
      </trkpt>
      <trkpt lat="55.250327" lon="25.334436">
        <ele>165</ele>
      </trkpt>
      <trkpt lat="55.250226" lon="25.334183">
        <ele>164.21</ele>
      </trkpt>
      <trkpt lat="55.25014" lon="25.333881">
        <ele>163.54</ele>
      </trkpt>
      <trkpt lat="55.249553" lon="25.331439">
        <ele>162</ele>
      </trkpt>
      <trkpt lat="55.249489" lon="25.331245">
        <ele>161</ele>
      </trkpt>
      <trkpt lat="55.249383" lon="25.330984">
        <ele>161.39</ele>
      </trkpt>
      <trkpt lat="55.249261" lon="25.330732">
        <ele>162</ele>
      </trkpt>
      <trkpt lat="55.249055" lon="25.330368">
        <ele>162.03</ele>
      </trkpt>
      <trkpt lat="55.24887" lon="25.330088">
        <ele>161.39</ele>
      </trkpt>
      <trkpt lat="55.248582" lon="25.329697">
        <ele>161.46</ele>
      </trkpt>
      <trkpt lat="55.248502" lon="25.329605">
        <ele>161.55</ele>
      </trkpt>
      <trkpt lat="55.24844" lon="25.329518">
        <ele>162.06</ele>
      </trkpt>
      <trkpt lat="55.248382" lon="25.329396">
        <ele>162.17</ele>
      </trkpt>
      <trkpt lat="55.248329" lon="25.329247">
        <ele>162.5</ele>
      </trkpt>
      <trkpt lat="55.248302" lon="25.329092">
        <ele>162.81</ele>
      </trkpt>
      <trkpt lat="55.248288" lon="25.328939">
        <ele>163.42</ele>
      </trkpt>
      <trkpt lat="55.248257" lon="25.32798">
        <ele>166.87</ele>
      </trkpt>
      <trkpt lat="55.248242" lon="25.327717">
        <ele>166.02</ele>
      </trkpt>
      <trkpt lat="55.248217" lon="25.32745">
        <ele>166</ele>
      </trkpt>
      <trkpt lat="55.248098" lon="25.326644">
        <ele>165</ele>
      </trkpt>
      <trkpt lat="55.247925" lon="25.325877">
        <ele>165</ele>
      </trkpt>
      <trkpt lat="55.247687" lon="25.325158">
        <ele>166.41</ele>
      </trkpt>
      <trkpt lat="55.247273" lon="25.324188">
        <ele>172.15</ele>
      </trkpt>
      <trkpt lat="55.246803" lon="25.323481">
        <ele>170.15</ele>
      </trkpt>
      <trkpt lat="55.246546" lon="25.323134">
        <ele>172.78</ele>
      </trkpt>
      <trkpt lat="55.246248" lon="25.32279">
        <ele>176.82</ele>
      </trkpt>
      <trkpt lat="55.246113" lon="25.322505">
        <ele>176.26</ele>
      </trkpt>
      <trkpt lat="55.245689" lon="25.321477">
        <ele>170</ele>
      </trkpt>
      <trkpt lat="55.245623" lon="25.321393">
        <ele>170</ele>
      </trkpt>
      <trkpt lat="55.24533" lon="25.321114">
        <ele>174.7</ele>
      </trkpt>
      <trkpt lat="55.245117" lon="25.321">
        <ele>176</ele>
      </trkpt>
      <trkpt lat="55.244997" lon="25.320952">
        <ele>173.88</ele>
      </trkpt>
      <trkpt lat="55.244834" lon="25.320855">
        <ele>171.78</ele>
      </trkpt>
      <trkpt lat="55.244749" lon="25.320741">
        <ele>170.77</ele>
      </trkpt>
      <trkpt lat="55.244642" lon="25.320565">
        <ele>169.52</ele>
      </trkpt>
      <trkpt lat="55.24446" lon="25.320358">
        <ele>165.68</ele>
      </trkpt>
      <trkpt lat="55.244141" lon="25.320065">
        <ele>164</ele>
      </trkpt>
      <trkpt lat="55.24403" lon="25.319998">
        <ele>164</ele>
      </trkpt>
      <trkpt lat="55.243976" lon="25.319928">
        <ele>164</ele>
      </trkpt>
      <trkpt lat="55.243925" lon="25.319798">
        <ele>164</ele>
      </trkpt>
      <trkpt lat="55.243883" lon="25.319654">
        <ele>164</ele>
      </trkpt>
      <trkpt lat="55.243823" lon="25.319259">
        <ele>164.03</ele>
      </trkpt>
      <trkpt lat="55.243803" lon="25.319067">
        <ele>164</ele>
      </trkpt>
      <trkpt lat="55.243794" lon="25.318676">
        <ele>163.94</ele>
      </trkpt>
      <trkpt lat="55.243782" lon="25.31854">
        <ele>163.57</ele>
      </trkpt>
      <trkpt lat="55.243744" lon="25.318383">
        <ele>163.9</ele>
      </trkpt>
      <trkpt lat="55.243695" lon="25.318251">
        <ele>164.57</ele>
      </trkpt>
      <trkpt lat="55.243348" lon="25.317694">
        <ele>166.32</ele>
      </trkpt>
      <trkpt lat="55.243161" lon="25.317398">
        <ele>163.39</ele>
      </trkpt>
      <trkpt lat="55.242413" lon="25.316211">
        <ele>161.27</ele>
      </trkpt>
      <trkpt lat="55.242301" lon="25.315838">
        <ele>161</ele>
      </trkpt>
      <trkpt lat="55.242235" lon="25.315359">
        <ele>160.9</ele>
      </trkpt>
      <trkpt lat="55.242197" lon="25.315174">
        <ele>160.18</ele>
      </trkpt>
      <trkpt lat="55.242117" lon="25.314979">
        <ele>160</ele>
      </trkpt>
      <trkpt lat="55.2419" lon="25.314626">
        <ele>160</ele>
      </trkpt>
      <trkpt lat="55.240912" lon="25.313154">
        <ele>158</ele>
      </trkpt>
      <trkpt lat="55.24067" lon="25.312866">
        <ele>159</ele>
      </trkpt>
      <trkpt lat="55.240336" lon="25.312583">
        <ele>160.18</ele>
      </trkpt>
      <trkpt lat="55.240103" lon="25.312272">
        <ele>158.65</ele>
      </trkpt>
      <trkpt lat="55.239877" lon="25.311899">
        <ele>157</ele>
      </trkpt>
      <trkpt lat="55.239727" lon="25.311521">
        <ele>156</ele>
      </trkpt>
      <trkpt lat="55.239396" lon="25.310548">
        <ele>155</ele>
      </trkpt>
      <trkpt lat="55.239259" lon="25.310291">
        <ele>154.46</ele>
      </trkpt>
      <trkpt lat="55.239136" lon="25.310147">
        <ele>154</ele>
      </trkpt>
      <trkpt lat="55.238832" lon="25.309864">
        <ele>154</ele>
      </trkpt>
      <trkpt lat="55.238548" lon="25.309439">
        <ele>154</ele>
      </trkpt>
      <trkpt lat="55.238472" lon="25.309399">
        <ele>153.33</ele>
      </trkpt>
      <trkpt lat="55.238387" lon="25.309313">
        <ele>153</ele>
      </trkpt>
      <trkpt lat="55.238107" lon="25.308981">
        <ele>152</ele>
      </trkpt>
      <trkpt lat="55.237927" lon="25.308746">
        <ele>152</ele>
      </trkpt>
      <trkpt lat="55.237539" lon="25.308179">
        <ele>151.98</ele>
      </trkpt>
      <trkpt lat="55.236648" lon="25.307205">
        <ele>149</ele>
      </trkpt>
      <trkpt lat="55.236285" lon="25.306701">
        <ele>149</ele>
      </trkpt>
      <trkpt lat="55.235732" lon="25.305964">
        <ele>148</ele>
      </trkpt>
      <trkpt lat="55.235665" lon="25.30591">
        <ele>147.73</ele>
      </trkpt>
      <trkpt lat="55.235486" lon="25.305767">
        <ele>147</ele>
      </trkpt>
      <trkpt lat="55.23511" lon="25.305483">
        <ele>147.94</ele>
      </trkpt>
      <trkpt lat="55.235298" lon="25.304895">
        <ele>147.02</ele>
      </trkpt>
      <trkpt lat="55.235572" lon="25.302374">
        <ele>147.8</ele>
      </trkpt>
      <trkpt lat="55.23547" lon="25.301789">
        <ele>147</ele>
      </trkpt>
      <trkpt lat="55.235305" lon="25.301007">
        <ele>146</ele>
      </trkpt>
      <trkpt lat="55.23525" lon="25.300706">
        <ele>146</ele>
      </trkpt>
      <trkpt lat="55.235215" lon="25.300425">
        <ele>145</ele>
      </trkpt>
      <trkpt lat="55.235189" lon="25.300063">
        <ele>144</ele>
      </trkpt>
      <trkpt lat="55.235176" lon="25.299376">
        <ele>142.7</ele>
      </trkpt>
      <trkpt lat="55.235181" lon="25.29907">
        <ele>142</ele>
      </trkpt>
      <trkpt lat="55.235236" lon="25.298622">
        <ele>141.55</ele>
      </trkpt>
      <trkpt lat="55.235268" lon="25.298231">
        <ele>140.69</ele>
      </trkpt>
      <trkpt lat="55.235303" lon="25.297973">
        <ele>139.56</ele>
      </trkpt>
      <trkpt lat="55.235389" lon="25.297622">
        <ele>138.4</ele>
      </trkpt>
      <trkpt lat="55.235683" lon="25.296581">
        <ele>134.94</ele>
      </trkpt>
      <trkpt lat="55.23581" lon="25.296262">
        <ele>134.67</ele>
      </trkpt>
      <trkpt lat="55.235875" lon="25.296063">
        <ele>134.38</ele>
      </trkpt>
      <trkpt lat="55.236001" lon="25.295468">
        <ele>133.14</ele>
      </trkpt>
      <trkpt lat="55.23631" lon="25.294615">
        <ele>133</ele>
      </trkpt>
      <trkpt lat="55.236504" lon="25.293969">
        <ele>133.2</ele>
      </trkpt>
      <trkpt lat="55.236623" lon="25.293617">
        <ele>134</ele>
      </trkpt>
      <trkpt lat="55.236762" lon="25.293277">
        <ele>134.7</ele>
      </trkpt>
      <trkpt lat="55.237061" lon="25.292359">
        <ele>135.01</ele>
      </trkpt>
      <trkpt lat="55.237107" lon="25.292145">
        <ele>135.35</ele>
      </trkpt>
      <trkpt lat="55.23714" lon="25.291887">
        <ele>136</ele>
      </trkpt>
      <trkpt lat="55.237173" lon="25.291527">
        <ele>136</ele>
      </trkpt>
      <trkpt lat="55.237165" lon="25.291452">
        <ele>136</ele>
      </trkpt>
      <trkpt lat="55.237128" lon="25.291362">
        <ele>136</ele>
      </trkpt>
      <trkpt lat="55.237079" lon="25.291303">
        <ele>136</ele>
      </trkpt>
      <trkpt lat="55.237013" lon="25.291254">
        <ele>136</ele>
      </trkpt>
      <trkpt lat="55.236964" lon="25.291175">
        <ele>136</ele>
      </trkpt>
      <trkpt lat="55.236931" lon="25.291029">
        <ele>136.52</ele>
      </trkpt>
      <trkpt lat="55.236917" lon="25.290798">
        <ele>136.48</ele>
      </trkpt>
      <trkpt lat="55.236875" lon="25.290377">
        <ele>136.06</ele>
      </trkpt>
      <trkpt lat="55.236791" lon="25.289535">
        <ele>131.68</ele>
      </trkpt>
      <trkpt lat="55.236805" lon="25.289221">
        <ele>131</ele>
      </trkpt>
      <trkpt lat="55.236877" lon="25.288965">
        <ele>131</ele>
      </trkpt>
      <trkpt lat="55.237168" lon="25.288215">
        <ele>129</ele>
      </trkpt>
      <trkpt lat="55.237337" lon="25.288001">
        <ele>129</ele>
      </trkpt>
      <trkpt lat="55.237505" lon="25.287787">
        <ele>131.16</ele>
      </trkpt>
      <trkpt lat="55.23783" lon="25.2876">
        <ele>136.4</ele>
      </trkpt>
      <trkpt lat="55.238191" lon="25.287169">
        <ele>141.96</ele>
      </trkpt>
      <trkpt lat="55.238289" lon="25.286763">
        <ele>143.47</ele>
      </trkpt>
      <trkpt lat="55.238358" lon="25.286259">
        <ele>145.1</ele>
      </trkpt>
      <trkpt lat="55.238914" lon="25.284841">
        <ele>148</ele>
      </trkpt>
      <trkpt lat="55.238944" lon="25.28467">
        <ele>148</ele>
      </trkpt>
      <trkpt lat="55.238977" lon="25.284184">
        <ele>149</ele>
      </trkpt>
      <trkpt lat="55.238961" lon="25.283746">
        <ele>149</ele>
      </trkpt>
      <trkpt lat="55.238714" lon="25.281673">
        <ele>143</ele>
      </trkpt>
      <trkpt lat="55.238663" lon="25.281435">
        <ele>143</ele>
      </trkpt>
      <trkpt lat="55.238468" lon="25.280743">
        <ele>143</ele>
      </trkpt>
      <trkpt lat="55.238411" lon="25.280329">
        <ele>143</ele>
      </trkpt>
      <trkpt lat="55.238289" lon="25.279711">
        <ele>144.3</ele>
      </trkpt>
      <trkpt lat="55.238267" lon="25.279533">
        <ele>144.69</ele>
      </trkpt>
      <trkpt lat="55.238211" lon="25.279088">
        <ele>145.68</ele>
      </trkpt>
      <trkpt lat="55.238127" lon="25.278203">
        <ele>145.89</ele>
      </trkpt>
      <trkpt lat="55.238024" lon="25.277548">
        <ele>147</ele>
      </trkpt>
      <trkpt lat="55.237941" lon="25.276911">
        <ele>148</ele>
      </trkpt>
      <trkpt lat="55.237908" lon="25.275484">
        <ele>148.59</ele>
      </trkpt>
      <trkpt lat="55.237906" lon="25.274614">
        <ele>147</ele>
      </trkpt>
      <trkpt lat="55.237881" lon="25.273436">
        <ele>144.92</ele>
      </trkpt>
      <trkpt lat="55.237867" lon="25.273133">
        <ele>144.17</ele>
      </trkpt>
      <trkpt lat="55.237956" lon="25.272899">
        <ele>145</ele>
      </trkpt>
      <trkpt lat="55.238111" lon="25.272578">
        <ele>145</ele>
      </trkpt>
      <trkpt lat="55.238225" lon="25.272235">
        <ele>145</ele>
      </trkpt>
      <trkpt lat="55.238321" lon="25.271736">
        <ele>144.8</ele>
      </trkpt>
      <trkpt lat="55.238497" lon="25.271233">
        <ele>145</ele>
      </trkpt>
      <trkpt lat="55.238873" lon="25.270397">
        <ele>146</ele>
      </trkpt>
      <trkpt lat="55.239032" lon="25.269982">
        <ele>145.24</ele>
      </trkpt>
      <trkpt lat="55.239191" lon="25.269566">
        <ele>146.88</ele>
      </trkpt>
      <trkpt lat="55.239911" lon="25.268086">
        <ele>149</ele>
      </trkpt>
      <trkpt lat="55.240257" lon="25.26738">
        <ele>148.36</ele>
      </trkpt>
      <trkpt lat="55.240948" lon="25.265968">
        <ele>151.46</ele>
      </trkpt>
      <trkpt lat="55.241528" lon="25.265167">
        <ele>147</ele>
      </trkpt>
      <trkpt lat="55.241721" lon="25.2649">
        <ele>147.61</ele>
      </trkpt>
      <trkpt lat="55.241066" lon="25.264698">
        <ele>145.49</ele>
      </trkpt>
      <trkpt lat="55.240785" lon="25.264612">
        <ele>144.58</ele>
      </trkpt>
      <trkpt lat="55.240643" lon="25.264538">
        <ele>144.15</ele>
      </trkpt>
      <trkpt lat="55.240398" lon="25.26431">
        <ele>142.83</ele>
      </trkpt>
      <trkpt lat="55.239969" lon="25.263947">
        <ele>140.71</ele>
      </trkpt>
      <trkpt lat="55.239801" lon="25.263846">
        <ele>140.12</ele>
      </trkpt>
      <trkpt lat="55.239537" lon="25.263754">
        <ele>139.59</ele>
      </trkpt>
      <trkpt lat="55.239433" lon="25.263684">
        <ele>139.02</ele>
      </trkpt>
      <trkpt lat="55.23931" lon="25.263555">
        <ele>138.38</ele>
      </trkpt>
      <trkpt lat="55.239215" lon="25.263418">
        <ele>137.56</ele>
      </trkpt>
      <trkpt lat="55.239111" lon="25.263324">
        <ele>135.95</ele>
      </trkpt>
      <trkpt lat="55.238989" lon="25.263263">
        <ele>134.9</ele>
      </trkpt>
      <trkpt lat="55.238795" lon="25.263217">
        <ele>133.1</ele>
      </trkpt>
      <trkpt lat="55.238666" lon="25.263225">
        <ele>132.17</ele>
      </trkpt>
      <trkpt lat="55.238538" lon="25.263263">
        <ele>131.74</ele>
      </trkpt>
      <trkpt lat="55.2384" lon="25.263343">
        <ele>131.2</ele>
      </trkpt>
      <trkpt lat="55.238224" lon="25.263491">
        <ele>131.05</ele>
      </trkpt>
      <trkpt lat="55.237974" lon="25.263739">
        <ele>130.63</ele>
      </trkpt>
      <trkpt lat="55.237886" lon="25.263799">
        <ele>130.15</ele>
      </trkpt>
      <trkpt lat="55.237806" lon="25.263833">
        <ele>129.98</ele>
      </trkpt>
      <trkpt lat="55.237578" lon="25.263799">
        <ele>130.15</ele>
      </trkpt>
      <trkpt lat="55.237391" lon="25.263727">
        <ele>129.71</ele>
      </trkpt>
      <trkpt lat="55.23727" lon="25.263646">
        <ele>130.04</ele>
      </trkpt>
      <trkpt lat="55.237133" lon="25.263523">
        <ele>129.83</ele>
      </trkpt>
      <trkpt lat="55.236844" lon="25.263809">
        <ele>130.02</ele>
      </trkpt>
      <trkpt lat="55.236643" lon="25.264045">
        <ele>130.31</ele>
      </trkpt>
      <trkpt lat="55.236499" lon="25.264289">
        <ele>130.84</ele>
      </trkpt>
      <trkpt lat="55.236477" lon="25.264475">
        <ele>131</ele>
      </trkpt>
      <trkpt lat="55.236352" lon="25.264682">
        <ele>132</ele>
      </trkpt>
      <trkpt lat="55.236144" lon="25.264776">
        <ele>132.19</ele>
      </trkpt>
      <trkpt lat="55.235664" lon="25.265146">
        <ele>132.32</ele>
      </trkpt>
      <trkpt lat="55.23533" lon="25.265586">
        <ele>132.53</ele>
      </trkpt>
      <trkpt lat="55.23507" lon="25.265854">
        <ele>133.07</ele>
      </trkpt>
      <trkpt lat="55.234728" lon="25.266101">
        <ele>134.84</ele>
      </trkpt>
      <trkpt lat="55.234572" lon="25.266359">
        <ele>136.43</ele>
      </trkpt>
      <trkpt lat="55.234269" lon="25.266611">
        <ele>140.52</ele>
      </trkpt>
      <trkpt lat="55.234027" lon="25.266879">
        <ele>142.23</ele>
      </trkpt>
      <trkpt lat="55.233678" lon="25.26741">
        <ele>138.07</ele>
      </trkpt>
      <trkpt lat="55.23326" lon="25.267979">
        <ele>137.97</ele>
      </trkpt>
      <trkpt lat="55.232513" lon="25.26884">
        <ele>135.93</ele>
      </trkpt>
      <trkpt lat="55.2323" lon="25.269044">
        <ele>134.4</ele>
      </trkpt>
      <trkpt lat="55.231157" lon="25.269583">
        <ele>124.23</ele>
      </trkpt>
      <trkpt lat="55.2307" lon="25.269825">
        <ele>121.98</ele>
      </trkpt>
      <trkpt lat="55.230258" lon="25.270127">
        <ele>119.85</ele>
      </trkpt>
      <trkpt lat="55.230176" lon="25.270357">
        <ele>119.76</ele>
      </trkpt>
      <trkpt lat="55.230171" lon="25.270544">
        <ele>119</ele>
      </trkpt>
      <trkpt lat="55.230144" lon="25.270692">
        <ele>119</ele>
      </trkpt>
      <trkpt lat="55.230088" lon="25.270836">
        <ele>119</ele>
      </trkpt>
      <trkpt lat="55.230048" lon="25.270977">
        <ele>119</ele>
      </trkpt>
      <trkpt lat="55.22997" lon="25.271309">
        <ele>118.48</ele>
      </trkpt>
      <trkpt lat="55.229926" lon="25.271598">
        <ele>118</ele>
      </trkpt>
      <trkpt lat="55.229855" lon="25.271948">
        <ele>118</ele>
      </trkpt>
      <trkpt lat="55.229769" lon="25.272292">
        <ele>117</ele>
      </trkpt>
      <trkpt lat="55.229763" lon="25.27262">
        <ele>116.94</ele>
      </trkpt>
      <trkpt lat="55.229812" lon="25.272756">
        <ele>117</ele>
      </trkpt>
      <trkpt lat="55.229891" lon="25.273043">
        <ele>116</ele>
      </trkpt>
      <trkpt lat="55.229919" lon="25.273219">
        <ele>116</ele>
      </trkpt>
      <trkpt lat="55.229958" lon="25.273381">
        <ele>116</ele>
      </trkpt>
      <trkpt lat="55.22998" lon="25.27353">
        <ele>116</ele>
      </trkpt>
      <trkpt lat="55.230041" lon="25.274382">
        <ele>116</ele>
      </trkpt>
      <trkpt lat="55.230024" lon="25.274563">
        <ele>116</ele>
      </trkpt>
      <trkpt lat="55.230011" lon="25.274594">
        <ele>116</ele>
      </trkpt>
      <trkpt lat="55.227176039353026" lon="25.272262426503232">
        <ele>113.5668450143421</ele>
      </trkpt>
      <trkpt lat="55.226743549273564" lon="25.272046635442578">
        <ele>113.5</ele>
      </trkpt>
      <trkpt lat="55.226691" lon="25.272014">
        <ele>114</ele>
      </trkpt>
      <trkpt lat="55.226609" lon="25.272176">
        <ele>114</ele>
      </trkpt>
      <trkpt lat="55.22654" lon="25.272675">
        <ele>114</ele>
      </trkpt>
      <trkpt lat="55.226119" lon="25.273082">
        <ele>115.6</ele>
      </trkpt>
      <trkpt lat="55.225954" lon="25.273219">
        <ele>117.29</ele>
      </trkpt>
      <trkpt lat="55.225818" lon="25.273249">
        <ele>118.14</ele>
      </trkpt>
      <trkpt lat="55.225651" lon="25.272723">
        <ele>120.64</ele>
      </trkpt>
      <trkpt lat="55.225469" lon="25.272624">
        <ele>123.08</ele>
      </trkpt>
      <trkpt lat="55.225207" lon="25.272608">
        <ele>125.84</ele>
      </trkpt>
      <trkpt lat="55.225036" lon="25.272634">
        <ele>128.43</ele>
      </trkpt>
      <trkpt lat="55.224597" lon="25.273058">
        <ele>132.12</ele>
      </trkpt>
      <trkpt lat="55.224228" lon="25.273512">
        <ele>135.56</ele>
      </trkpt>
      <trkpt lat="55.223881" lon="25.273721">
        <ele>138</ele>
      </trkpt>
      <trkpt lat="55.223713" lon="25.273766">
        <ele>138.83</ele>
      </trkpt>
      <trkpt lat="55.223554" lon="25.273874">
        <ele>139</ele>
      </trkpt>
      <trkpt lat="55.223407" lon="25.274005">
        <ele>139</ele>
      </trkpt>
      <trkpt lat="55.223206" lon="25.274088">
        <ele>138.9</ele>
      </trkpt>
      <trkpt lat="55.223121" lon="25.274153">
        <ele>139</ele>
      </trkpt>
      <trkpt lat="55.22294" lon="25.274332">
        <ele>139</ele>
      </trkpt>
      <trkpt lat="55.222645" lon="25.274686">
        <ele>139</ele>
      </trkpt>
      <trkpt lat="55.222498" lon="25.274775">
        <ele>139</ele>
      </trkpt>
      <trkpt lat="55.222154" lon="25.274831">
        <ele>138.97</ele>
      </trkpt>
      <trkpt lat="55.221995" lon="25.274818">
        <ele>138</ele>
      </trkpt>
      <trkpt lat="55.221785" lon="25.274906">
        <ele>137.21</ele>
      </trkpt>
      <trkpt lat="55.221536" lon="25.275148">
        <ele>137</ele>
      </trkpt>
      <trkpt lat="55.221425" lon="25.275239">
        <ele>137.16</ele>
      </trkpt>
      <trkpt lat="55.221181" lon="25.275199">
        <ele>138</ele>
      </trkpt>
      <trkpt lat="55.221116" lon="25.275311">
        <ele>138</ele>
      </trkpt>
      <trkpt lat="55.221081" lon="25.275483">
        <ele>138</ele>
      </trkpt>
      <trkpt lat="55.220965" lon="25.275604">
        <ele>138.49</ele>
      </trkpt>
      <trkpt lat="55.220693" lon="25.275579">
        <ele>138.69</ele>
      </trkpt>
      <trkpt lat="55.220256" lon="25.275515">
        <ele>139.03</ele>
      </trkpt>
      <trkpt lat="55.220051" lon="25.275527">
        <ele>138.96</ele>
      </trkpt>
      <trkpt lat="55.219524" lon="25.275589">
        <ele>138.6</ele>
      </trkpt>
      <trkpt lat="55.218991" lon="25.275665">
        <ele>140.26</ele>
      </trkpt>
      <trkpt lat="55.218871" lon="25.275587">
        <ele>141</ele>
      </trkpt>
      <trkpt lat="55.218991" lon="25.275209">
        <ele>141.22</ele>
      </trkpt>
      <trkpt lat="55.219051" lon="25.274971">
        <ele>141.06</ele>
      </trkpt>
      <trkpt lat="55.219076" lon="25.27487">
        <ele>141</ele>
      </trkpt>
      <trkpt lat="55.219496" lon="25.272665">
        <ele>139</ele>
      </trkpt>
      <trkpt lat="55.218252" lon="25.271953">
        <ele>141</ele>
      </trkpt>
      <trkpt lat="55.218116" lon="25.271859">
        <ele>141</ele>
      </trkpt>
      <trkpt lat="55.217284" lon="25.271384">
        <ele>143.68</ele>
      </trkpt>
      <trkpt lat="55.217198" lon="25.271283">
        <ele>144</ele>
      </trkpt>
      <trkpt lat="55.217168" lon="25.27121">
        <ele>144.05</ele>
      </trkpt>
      <trkpt lat="55.217162" lon="25.27116">
        <ele>144.32</ele>
      </trkpt>
      <trkpt lat="55.217165" lon="25.271077">
        <ele>144.73</ele>
      </trkpt>
      <trkpt lat="55.21725" lon="25.270703">
        <ele>144.22</ele>
      </trkpt>
      <trkpt lat="55.217334" lon="25.270299">
        <ele>144</ele>
      </trkpt>
      <trkpt lat="55.217406" lon="25.269502">
        <ele>142</ele>
      </trkpt>
      <trkpt lat="55.217421" lon="25.269119">
        <ele>142.22</ele>
      </trkpt>
      <trkpt lat="55.217417" lon="25.268478">
        <ele>143</ele>
      </trkpt>
      <trkpt lat="55.216838" lon="25.268395">
        <ele>144</ele>
      </trkpt>
      <trkpt lat="55.216628" lon="25.268395">
        <ele>144.34</ele>
      </trkpt>
      <trkpt lat="55.216228" lon="25.268502">
        <ele>146.08</ele>
      </trkpt>
      <trkpt lat="55.215531" lon="25.268834">
        <ele>149</ele>
      </trkpt>
      <trkpt lat="55.21548" lon="25.268711">
        <ele>149</ele>
      </trkpt>
      <trkpt lat="55.215321" lon="25.268789">
        <ele>149.57</ele>
      </trkpt>
      <trkpt lat="55.215034" lon="25.268849">
        <ele>151.59</ele>
      </trkpt>
      <trkpt lat="55.214832" lon="25.268834">
        <ele>153.08</ele>
      </trkpt>
      <trkpt lat="55.21433" lon="25.268597">
        <ele>152.72</ele>
      </trkpt>
      <trkpt lat="55.214058" lon="25.268469">
        <ele>154.54</ele>
      </trkpt>
      <trkpt lat="55.213932" lon="25.270299">
        <ele>152</ele>
      </trkpt>
      <trkpt lat="55.213826" lon="25.271901">
        <ele>148</ele>
      </trkpt>
      <trkpt lat="55.213324" lon="25.279297">
        <ele>156.02</ele>
      </trkpt>
      <trkpt lat="55.213232" lon="25.280726">
        <ele>153.95</ele>
      </trkpt>
      <trkpt lat="55.212957" lon="25.285015">
        <ele>155</ele>
      </trkpt>
      <trkpt lat="55.212832" lon="25.287113">
        <ele>152.6</ele>
      </trkpt>
      <trkpt lat="55.212691" lon="25.289515">
        <ele>155.53</ele>
      </trkpt>
      <trkpt lat="55.212634" lon="25.290476">
        <ele>154.95</ele>
      </trkpt>
      <trkpt lat="55.212578" lon="25.291436">
        <ele>152</ele>
      </trkpt>
      <trkpt lat="55.212339" lon="25.295612">
        <ele>152.05</ele>
      </trkpt>
      <trkpt lat="55.212259" lon="25.297018">
        <ele>154.87</ele>
      </trkpt>
      <trkpt lat="55.212093" lon="25.299942">
        <ele>154</ele>
      </trkpt>
      <trkpt lat="55.212038" lon="25.300917">
        <ele>157</ele>
      </trkpt>
      <trkpt lat="55.21201" lon="25.301404">
        <ele>155.1</ele>
      </trkpt>
      <trkpt lat="55.211955" lon="25.302379">
        <ele>148.03</ele>
      </trkpt>
      <trkpt lat="55.211874" lon="25.30376">
        <ele>147</ele>
      </trkpt>
      <trkpt lat="55.21174" lon="25.306065">
        <ele>153.16</ele>
      </trkpt>
      <trkpt lat="55.211566" lon="25.309013">
        <ele>149.95</ele>
      </trkpt>
      <trkpt lat="55.211407" lon="25.311082">
        <ele>150</ele>
      </trkpt>
      <trkpt lat="55.211296" lon="25.312504">
        <ele>152</ele>
      </trkpt>
      <trkpt lat="55.21052" lon="25.312055">
        <ele>154.64</ele>
      </trkpt>
      <trkpt lat="55.21012" lon="25.311824">
        <ele>156</ele>
      </trkpt>
      <trkpt lat="55.20983" lon="25.311705">
        <ele>156.39</ele>
      </trkpt>
      <trkpt lat="55.209696" lon="25.311683">
        <ele>157</ele>
      </trkpt>
      <trkpt lat="55.2096" lon="25.311686">
        <ele>157</ele>
      </trkpt>
      <trkpt lat="55.209516" lon="25.311717">
        <ele>157</ele>
      </trkpt>
      <trkpt lat="55.209374" lon="25.311861">
        <ele>157.19</ele>
      </trkpt>
      <trkpt lat="55.209118" lon="25.312367">
        <ele>155.97</ele>
      </trkpt>
      <trkpt lat="55.209039" lon="25.312482">
        <ele>156.07</ele>
      </trkpt>
      <trkpt lat="55.208971" lon="25.312558">
        <ele>155.25</ele>
      </trkpt>
      <trkpt lat="55.208899" lon="25.312615">
        <ele>155.33</ele>
      </trkpt>
      <trkpt lat="55.208788" lon="25.312668">
        <ele>155.03</ele>
      </trkpt>
      <trkpt lat="55.20861" lon="25.312678">
        <ele>154.96</ele>
      </trkpt>
      <trkpt lat="55.20811" lon="25.312749">
        <ele>153.55</ele>
      </trkpt>
      <trkpt lat="55.207903" lon="25.312835">
        <ele>153.05</ele>
      </trkpt>
      <trkpt lat="55.207071" lon="25.313518">
        <ele>151</ele>
      </trkpt>
      <trkpt lat="55.206575" lon="25.313925">
        <ele>154.51</ele>
      </trkpt>
      <trkpt lat="55.205831" lon="25.314535">
        <ele>153.17</ele>
      </trkpt>
      <trkpt lat="55.205493" lon="25.314813">
        <ele>154.36</ele>
      </trkpt>
      <trkpt lat="55.205265" lon="25.31513">
        <ele>157</ele>
      </trkpt>
      <trkpt lat="55.204354" lon="25.316398">
        <ele>159</ele>
      </trkpt>
      <trkpt lat="55.203645" lon="25.317325">
        <ele>158.03</ele>
      </trkpt>
      <trkpt lat="55.203024" lon="25.318298">
        <ele>161.99</ele>
      </trkpt>
      <trkpt lat="55.202907" lon="25.318398">
        <ele>163.11</ele>
      </trkpt>
      <trkpt lat="55.202775" lon="25.318449">
        <ele>163.71</ele>
      </trkpt>
      <trkpt lat="55.202578" lon="25.318495">
        <ele>164</ele>
      </trkpt>
      <trkpt lat="55.20183" lon="25.318595">
        <ele>161.86</ele>
      </trkpt>
      <trkpt lat="55.201143" lon="25.318853">
        <ele>163</ele>
      </trkpt>
      <trkpt lat="55.200757" lon="25.319073">
        <ele>163.75</ele>
      </trkpt>
      <trkpt lat="55.200197" lon="25.319508">
        <ele>163.75</ele>
      </trkpt>
      <trkpt lat="55.199723" lon="25.319905">
        <ele>163</ele>
      </trkpt>
      <trkpt lat="55.198777" lon="25.320699">
        <ele>167</ele>
      </trkpt>
      <trkpt lat="55.19851" lon="25.320913">
        <ele>167.96</ele>
      </trkpt>
      <trkpt lat="55.198242" lon="25.321127">
        <ele>166.84</ele>
      </trkpt>
      <trkpt lat="55.197664" lon="25.32171">
        <ele>166</ele>
      </trkpt>
      <trkpt lat="55.197119" lon="25.322507">
        <ele>167</ele>
      </trkpt>
      <trkpt lat="55.196514" lon="25.323391">
        <ele>162.81</ele>
      </trkpt>
      <trkpt lat="55.196053" lon="25.32408">
        <ele>164</ele>
      </trkpt>
      <trkpt lat="55.195847" lon="25.324324">
        <ele>162.92</ele>
      </trkpt>
      <trkpt lat="55.195357" lon="25.324809">
        <ele>160</ele>
      </trkpt>
      <trkpt lat="55.19526" lon="25.324937">
        <ele>159.65</ele>
      </trkpt>
      <trkpt lat="55.195167" lon="25.325109">
        <ele>159</ele>
      </trkpt>
      <trkpt lat="55.195077" lon="25.325326">
        <ele>158.03</ele>
      </trkpt>
      <trkpt lat="55.194976" lon="25.325626">
        <ele>157.05</ele>
      </trkpt>
      <trkpt lat="55.19462" lon="25.326929">
        <ele>159</ele>
      </trkpt>
      <trkpt lat="55.194529" lon="25.327201">
        <ele>159.73</ele>
      </trkpt>
      <trkpt lat="55.193755" lon="25.329113">
        <ele>156.41</ele>
      </trkpt>
      <trkpt lat="55.193591" lon="25.329476">
        <ele>156.02</ele>
      </trkpt>
      <trkpt lat="55.193504" lon="25.329849">
        <ele>156.82</ele>
      </trkpt>
      <trkpt lat="55.193473" lon="25.330248">
        <ele>157.3</ele>
      </trkpt>
      <trkpt lat="55.193455" lon="25.330489">
        <ele>157.59</ele>
      </trkpt>
      <trkpt lat="55.193441" lon="25.330823">
        <ele>158.31</ele>
      </trkpt>
      <trkpt lat="55.193389" lon="25.330946">
        <ele>159</ele>
      </trkpt>
      <trkpt lat="55.193316" lon="25.331054">
        <ele>159</ele>
      </trkpt>
      <trkpt lat="55.193208" lon="25.331116">
        <ele>159.01</ele>
      </trkpt>
      <trkpt lat="55.193125" lon="25.33114">
        <ele>158.49</ele>
      </trkpt>
      <trkpt lat="55.193043" lon="25.331141">
        <ele>158.14</ele>
      </trkpt>
      <trkpt lat="55.192764" lon="25.33094">
        <ele>156.11</ele>
      </trkpt>
      <trkpt lat="55.192237" lon="25.330716">
        <ele>153.23</ele>
      </trkpt>
      <trkpt lat="55.191711" lon="25.330492">
        <ele>153.39</ele>
      </trkpt>
      <trkpt lat="55.191342" lon="25.330406">
        <ele>154</ele>
      </trkpt>
      <trkpt lat="55.191212" lon="25.33042">
        <ele>154</ele>
      </trkpt>
      <trkpt lat="55.190853" lon="25.330567">
        <ele>153.96</ele>
      </trkpt>
      <trkpt lat="55.190487" lon="25.330685">
        <ele>152.51</ele>
      </trkpt>
      <trkpt lat="55.190306" lon="25.330781">
        <ele>152</ele>
      </trkpt>
      <trkpt lat="55.189998" lon="25.331043">
        <ele>152</ele>
      </trkpt>
      <trkpt lat="55.189796" lon="25.331282">
        <ele>152</ele>
      </trkpt>
      <trkpt lat="55.189638" lon="25.331549">
        <ele>152.08</ele>
      </trkpt>
      <trkpt lat="55.18934" lon="25.332396">
        <ele>152.68</ele>
      </trkpt>
      <trkpt lat="55.188743" lon="25.33409">
        <ele>159.09</ele>
      </trkpt>
      <trkpt lat="55.188445" lon="25.334937">
        <ele>157.98</ele>
      </trkpt>
      <trkpt lat="55.18822" lon="25.335561">
        <ele>160.3</ele>
      </trkpt>
      <trkpt lat="55.188078" lon="25.335724">
        <ele>159.56</ele>
      </trkpt>
      <trkpt lat="55.187707" lon="25.335972">
        <ele>156.01</ele>
      </trkpt>
      <trkpt lat="55.187496" lon="25.336204">
        <ele>158.14</ele>
      </trkpt>
      <trkpt lat="55.187073" lon="25.336667">
        <ele>167.38</ele>
      </trkpt>
      <trkpt lat="55.186862" lon="25.336899">
        <ele>166.43</ele>
      </trkpt>
      <trkpt lat="55.186656" lon="25.337102">
        <ele>161.22</ele>
      </trkpt>
      <trkpt lat="55.18645" lon="25.337305">
        <ele>159.78</ele>
      </trkpt>
      <trkpt lat="55.186038" lon="25.337711">
        <ele>160.99</ele>
      </trkpt>
      <trkpt lat="55.185507" lon="25.338193">
        <ele>159.62</ele>
      </trkpt>
      <trkpt lat="55.185057" lon="25.338542">
        <ele>157</ele>
      </trkpt>
      <trkpt lat="55.18483" lon="25.338725">
        <ele>158.29</ele>
      </trkpt>
      <trkpt lat="55.184149" lon="25.339276">
        <ele>167.67</ele>
      </trkpt>
      <trkpt lat="55.183922" lon="25.339459">
        <ele>167.74</ele>
      </trkpt>
      <trkpt lat="55.183402" lon="25.339871">
        <ele>162.18</ele>
      </trkpt>
      <trkpt lat="55.182534" lon="25.340401">
        <ele>159.86</ele>
      </trkpt>
      <trkpt lat="55.182177" lon="25.340596">
        <ele>160</ele>
      </trkpt>
      <trkpt lat="55.181479" lon="25.341274">
        <ele>163.12</ele>
      </trkpt>
      <trkpt lat="55.181143" lon="25.341523">
        <ele>164.96</ele>
      </trkpt>
      <trkpt lat="55.180983" lon="25.341624">
        <ele>165</ele>
      </trkpt>
      <trkpt lat="55.180853" lon="25.341763">
        <ele>164.18</ele>
      </trkpt>
      <trkpt lat="55.18067" lon="25.341265">
        <ele>163.54</ele>
      </trkpt>
      <trkpt lat="55.180207" lon="25.339986">
        <ele>164.29</ele>
      </trkpt>
      <trkpt lat="55.179756" lon="25.338742">
        <ele>169.54</ele>
      </trkpt>
      <trkpt lat="55.179606" lon="25.338327">
        <ele>168.87</ele>
      </trkpt>
      <trkpt lat="55.179444" lon="25.337874">
        <ele>165.86</ele>
      </trkpt>
      <trkpt lat="55.179304" lon="25.337525">
        <ele>163.72</ele>
      </trkpt>
      <trkpt lat="55.179177" lon="25.337249">
        <ele>162.89</ele>
      </trkpt>
      <trkpt lat="55.179029" lon="25.336956">
        <ele>162.19</ele>
      </trkpt>
      <trkpt lat="55.178869" lon="25.336677">
        <ele>161.56</ele>
      </trkpt>
      <trkpt lat="55.178428" lon="25.336004">
        <ele>161.35</ele>
      </trkpt>
      <trkpt lat="55.178061" lon="25.335513">
        <ele>162.2</ele>
      </trkpt>
      <trkpt lat="55.177648" lon="25.334964">
        <ele>168.65</ele>
      </trkpt>
      <trkpt lat="55.177191" lon="25.334358">
        <ele>167.15</ele>
      </trkpt>
      <trkpt lat="55.17694" lon="25.33405">
        <ele>167.92</ele>
      </trkpt>
      <trkpt lat="55.176649" lon="25.333753">
        <ele>166.57</ele>
      </trkpt>
      <trkpt lat="55.176489" lon="25.333621">
        <ele>166.84</ele>
      </trkpt>
      <trkpt lat="55.176323" lon="25.333518">
        <ele>167.18</ele>
      </trkpt>
      <trkpt lat="55.176104" lon="25.333393">
        <ele>167.55</ele>
      </trkpt>
      <trkpt lat="55.175555" lon="25.333117">
        <ele>169.1</ele>
      </trkpt>
      <trkpt lat="55.175183" lon="25.332912">
        <ele>171.49</ele>
      </trkpt>
      <trkpt lat="55.175013" lon="25.332802">
        <ele>171.01</ele>
      </trkpt>
      <trkpt lat="55.174867" lon="25.332689">
        <ele>171.11</ele>
      </trkpt>
      <trkpt lat="55.174705" lon="25.332504">
        <ele>172.07</ele>
      </trkpt>
      <trkpt lat="55.17426" lon="25.331933">
        <ele>177.9</ele>
      </trkpt>
      <trkpt lat="55.174041" lon="25.331627">
        <ele>176.38</ele>
      </trkpt>
      <trkpt lat="55.173603" lon="25.331017">
        <ele>169.61</ele>
      </trkpt>
      <trkpt lat="55.173166" lon="25.330406">
        <ele>169.9</ele>
      </trkpt>
      <trkpt lat="55.172947" lon="25.330101">
        <ele>168.33</ele>
      </trkpt>
      <trkpt lat="55.172746" lon="25.329796">
        <ele>167</ele>
      </trkpt>
      <trkpt lat="55.172591" lon="25.329527">
        <ele>166</ele>
      </trkpt>
      <trkpt lat="55.172472" lon="25.329291">
        <ele>165.63</ele>
      </trkpt>
      <trkpt lat="55.172158" lon="25.328524">
        <ele>166.31</ele>
      </trkpt>
      <trkpt lat="55.171967" lon="25.328116">
        <ele>167</ele>
      </trkpt>
      <trkpt lat="55.171876" lon="25.327956">
        <ele>167.18</ele>
      </trkpt>
      <trkpt lat="55.171793" lon="25.327842">
        <ele>168</ele>
      </trkpt>
      <trkpt lat="55.17158" lon="25.327644">
        <ele>169.01</ele>
      </trkpt>
      <trkpt lat="55.170841" lon="25.327116">
        <ele>170</ele>
      </trkpt>
      <trkpt lat="55.170595" lon="25.32694">
        <ele>172.01</ele>
      </trkpt>
      <trkpt lat="55.170406" lon="25.326787">
        <ele>173</ele>
      </trkpt>
      <trkpt lat="55.170305" lon="25.32668">
        <ele>173</ele>
      </trkpt>
      <trkpt lat="55.170224" lon="25.326571">
        <ele>173</ele>
      </trkpt>
      <trkpt lat="55.170133" lon="25.326421">
        <ele>173</ele>
      </trkpt>
      <trkpt lat="55.170033" lon="25.326174">
        <ele>172.52</ele>
      </trkpt>
      <trkpt lat="55.16999" lon="25.326229">
        <ele>172.11</ele>
      </trkpt>
      <trkpt lat="55.169962" lon="25.326289">
        <ele>172</ele>
      </trkpt>
      <trkpt lat="55.169685" lon="25.327177">
        <ele>168.84</ele>
      </trkpt>
      <trkpt lat="55.169233" lon="25.328621">
        <ele>169.59</ele>
      </trkpt>
      <trkpt lat="55.16899" lon="25.329396">
        <ele>170</ele>
      </trkpt>
      <trkpt lat="55.169033" lon="25.329831">
        <ele>170.1</ele>
      </trkpt>
      <trkpt lat="55.169145" lon="25.33063">
        <ele>173.41</ele>
      </trkpt>
      <trkpt lat="55.169148" lon="25.331064">
        <ele>175</ele>
      </trkpt>
      <trkpt lat="55.169122" lon="25.331483">
        <ele>175</ele>
      </trkpt>
      <trkpt lat="55.169071" lon="25.33207">
        <ele>176.57</ele>
      </trkpt>
      <trkpt lat="55.168956" lon="25.333155">
        <ele>176.99</ele>
      </trkpt>
      <trkpt lat="55.168904" lon="25.333625">
        <ele>179.7</ele>
      </trkpt>
      <trkpt lat="55.168748" lon="25.335035">
        <ele>176.97</ele>
      </trkpt>
      <trkpt lat="55.168592" lon="25.336445">
        <ele>180</ele>
      </trkpt>
      <trkpt lat="55.168502" lon="25.33736">
        <ele>182</ele>
      </trkpt>
      <trkpt lat="55.168326" lon="25.339152">
        <ele>180.04</ele>
      </trkpt>
      <trkpt lat="55.168283" lon="25.339591">
        <ele>177.49</ele>
      </trkpt>
      <trkpt lat="55.168176" lon="25.340901">
        <ele>178.84</ele>
      </trkpt>
      <trkpt lat="55.168166" lon="25.341382">
        <ele>178.07</ele>
      </trkpt>
      <trkpt lat="55.168226" lon="25.341811">
        <ele>178</ele>
      </trkpt>
      <trkpt lat="55.168277" lon="25.34229">
        <ele>177.18</ele>
      </trkpt>
      <trkpt lat="55.168379" lon="25.343248">
        <ele>179.44</ele>
      </trkpt>
      <trkpt lat="55.168554" lon="25.345071">
        <ele>180</ele>
      </trkpt>
      <trkpt lat="55.168772" lon="25.347351">
        <ele>178</ele>
      </trkpt>
      <trkpt lat="55.168816" lon="25.348083">
        <ele>177</ele>
      </trkpt>
      <trkpt lat="55.168831" lon="25.348464">
        <ele>176.91</ele>
      </trkpt>
      <trkpt lat="55.168828" lon="25.348572">
        <ele>176.28</ele>
      </trkpt>
      <trkpt lat="55.168757" lon="25.349065">
        <ele>175.07</ele>
      </trkpt>
      <trkpt lat="55.168263" lon="25.351651">
        <ele>174</ele>
      </trkpt>
      <trkpt lat="55.167933" lon="25.353359">
        <ele>169.3</ele>
      </trkpt>
      <trkpt lat="55.16742" lon="25.355963">
        <ele>171</ele>
      </trkpt>
      <trkpt lat="55.167162" lon="25.357269">
        <ele>167.59</ele>
      </trkpt>
      <trkpt lat="55.166904" lon="25.358575">
        <ele>161.02</ele>
      </trkpt>
      <trkpt lat="55.166762" lon="25.359289">
        <ele>161.01</ele>
      </trkpt>
      <trkpt lat="55.16658" lon="25.360244">
        <ele>163</ele>
      </trkpt>
      <trkpt lat="55.166306" lon="25.361676">
        <ele>168.91</ele>
      </trkpt>
      <trkpt lat="55.166123" lon="25.362631">
        <ele>170</ele>
      </trkpt>
      <trkpt lat="55.166083" lon="25.363007">
        <ele>169.9</ele>
      </trkpt>
      <trkpt lat="55.166078" lon="25.363313">
        <ele>169.45</ele>
      </trkpt>
      <trkpt lat="55.166103" lon="25.364345">
        <ele>170</ele>
      </trkpt>
      <trkpt lat="55.166161" lon="25.365293">
        <ele>168</ele>
      </trkpt>
      <trkpt lat="55.166303" lon="25.3676">
        <ele>168</ele>
      </trkpt>
      <trkpt lat="55.166296" lon="25.368826">
        <ele>167.02</ele>
      </trkpt>
      <trkpt lat="55.166307" lon="25.369189">
        <ele>168</ele>
      </trkpt>
      <trkpt lat="55.166331" lon="25.369366">
        <ele>168</ele>
      </trkpt>
      <trkpt lat="55.166383" lon="25.369526">
        <ele>168.55</ele>
      </trkpt>
      <trkpt lat="55.166457" lon="25.369693">
        <ele>169</ele>
      </trkpt>
      <trkpt lat="55.166562" lon="25.369828">
        <ele>169</ele>
      </trkpt>
      <trkpt lat="55.166878" lon="25.370084">
        <ele>168.2</ele>
      </trkpt>
      <trkpt lat="55.167001" lon="25.370229">
        <ele>168</ele>
      </trkpt>
      <trkpt lat="55.167082" lon="25.370385">
        <ele>168</ele>
      </trkpt>
      <trkpt lat="55.167144" lon="25.370545">
        <ele>168</ele>
      </trkpt>
      <trkpt lat="55.167197" lon="25.370747">
        <ele>168</ele>
      </trkpt>
      <trkpt lat="55.167212" lon="25.37097">
        <ele>168</ele>
      </trkpt>
      <trkpt lat="55.1672" lon="25.371176">
        <ele>168</ele>
      </trkpt>
      <trkpt lat="55.16716" lon="25.371359">
        <ele>167.81</ele>
      </trkpt>
      <trkpt lat="55.166975" lon="25.371828">
        <ele>167.86</ele>
      </trkpt>
      <trkpt lat="55.166884" lon="25.372123">
        <ele>168</ele>
      </trkpt>
      <trkpt lat="55.166817" lon="25.372431">
        <ele>167.7</ele>
      </trkpt>
      <trkpt lat="55.166719" lon="25.37296">
        <ele>167</ele>
      </trkpt>
      <trkpt lat="55.166655" lon="25.373244">
        <ele>167</ele>
      </trkpt>
      <trkpt lat="55.166417" lon="25.373982">
        <ele>168</ele>
      </trkpt>
      <trkpt lat="55.166363" lon="25.374214">
        <ele>168.06</ele>
      </trkpt>
      <trkpt lat="55.166327" lon="25.374561">
        <ele>167.73</ele>
      </trkpt>
      <trkpt lat="55.166322" lon="25.375019">
        <ele>167.72</ele>
      </trkpt>
      <trkpt lat="55.166353" lon="25.375685">
        <ele>167.15</ele>
      </trkpt>
      <trkpt lat="55.166406" lon="25.376331">
        <ele>167</ele>
      </trkpt>
      <trkpt lat="55.166419" lon="25.376836">
        <ele>167.75</ele>
      </trkpt>
      <trkpt lat="55.166408" lon="25.377112">
        <ele>168</ele>
      </trkpt>
      <trkpt lat="55.166351" lon="25.377721">
        <ele>170</ele>
      </trkpt>
      <trkpt lat="55.166352" lon="25.377902">
        <ele>170.25</ele>
      </trkpt>
      <trkpt lat="55.16636" lon="25.378019">
        <ele>170.93</ele>
      </trkpt>
      <trkpt lat="55.166382" lon="25.378166">
        <ele>171</ele>
      </trkpt>
      <trkpt lat="55.166648" lon="25.37937">
        <ele>171.59</ele>
      </trkpt>
      <trkpt lat="55.166707" lon="25.379674">
        <ele>172</ele>
      </trkpt>
      <trkpt lat="55.166734" lon="25.379917">
        <ele>172.96</ele>
      </trkpt>
      <trkpt lat="55.166737" lon="25.38011">
        <ele>173</ele>
      </trkpt>
      <trkpt lat="55.166706" lon="25.380269">
        <ele>173</ele>
      </trkpt>
      <trkpt lat="55.166611" lon="25.38064">
        <ele>173.82</ele>
      </trkpt>
      <trkpt lat="55.166405" lon="25.38127">
        <ele>175.98</ele>
      </trkpt>
      <trkpt lat="55.165991" lon="25.382523">
        <ele>171.9</ele>
      </trkpt>
      <trkpt lat="55.165686" lon="25.383333">
        <ele>170</ele>
      </trkpt>
      <trkpt lat="55.165381" lon="25.384143">
        <ele>170.63</ele>
      </trkpt>
      <trkpt lat="55.164998" lon="25.385247">
        <ele>169.05</ele>
      </trkpt>
      <trkpt lat="55.164955" lon="25.385424">
        <ele>168.38</ele>
      </trkpt>
      <trkpt lat="55.164704" lon="25.385256">
        <ele>167.99</ele>
      </trkpt>
      <trkpt lat="55.164497" lon="25.385145">
        <ele>167.64</ele>
      </trkpt>
      <trkpt lat="55.164381" lon="25.385103">
        <ele>167.22</ele>
      </trkpt>
    </trkseg>
  </trk>
</gpx>
