<?xml version="1.0" encoding="UTF-8"?>
<gpx version="1.1" creator="PointService" xmlns="http://www.topografix.com/GPX/1/1">
  <trk>
    <name>Circle Route</name>
    <trkseg>
      <trkpt lat="55.341540" lon="25.704620"></trkpt>
      <trkpt lat="55.341520" lon="25.704880"></trkpt>
      <trkpt lat="55.341410" lon="25.705715"></trkpt>
      <trkpt lat="55.341300" lon="25.706550"></trkpt>
      <trkpt lat="55.341150" lon="25.707240"></trkpt>
      <trkpt lat="55.340960" lon="25.707870"></trkpt>
      <trkpt lat="55.340930" lon="25.708020"></trkpt>
      <trkpt lat="55.340920" lon="25.708200"></trkpt>
      <trkpt lat="55.340560" lon="25.708640"></trkpt>
      <trkpt lat="55.340045" lon="25.709205"></trkpt>
      <trkpt lat="55.339530" lon="25.709770"></trkpt>
      <trkpt lat="55.338930" lon="25.710360"></trkpt>
      <trkpt lat="55.338160" lon="25.710930"></trkpt>
      <trkpt lat="55.337573" lon="25.711157"></trkpt>
      <trkpt lat="55.336987" lon="25.711383"></trkpt>
      <trkpt lat="55.336400" lon="25.711610"></trkpt>
      <trkpt lat="55.335710" lon="25.711690"></trkpt>
      <trkpt lat="55.335530" lon="25.711890"></trkpt>
      <trkpt lat="55.335440" lon="25.712070"></trkpt>
      <trkpt lat="55.335210" lon="25.712780"></trkpt>
      <trkpt lat="55.335120" lon="25.713130"></trkpt>
      <trkpt lat="55.335070" lon="25.713490"></trkpt>
      <trkpt lat="55.334980" lon="25.713750"></trkpt>
      <trkpt lat="55.334710" lon="25.714210"></trkpt>
      <trkpt lat="55.334530" lon="25.714350"></trkpt>
      <trkpt lat="55.334290" lon="25.714590"></trkpt>
      <trkpt lat="55.334050" lon="25.715040"></trkpt>
      <trkpt lat="55.333660" lon="25.716370"></trkpt>
      <trkpt lat="55.333530" lon="25.716670"></trkpt>
      <trkpt lat="55.333430" lon="25.716850"></trkpt>
      <trkpt lat="55.332960" lon="25.717410"></trkpt>
      <trkpt lat="55.332690" lon="25.718220"></trkpt>
      <trkpt lat="55.332475" lon="25.719195"></trkpt>
      <trkpt lat="55.332260" lon="25.720170"></trkpt>
      <trkpt lat="55.332220" lon="25.720420"></trkpt>
      <trkpt lat="55.332230" lon="25.721480"></trkpt>
      <trkpt lat="55.332240" lon="25.722540"></trkpt>
      <trkpt lat="55.332210" lon="25.723080"></trkpt>
      <trkpt lat="55.332140" lon="25.724015"></trkpt>
      <trkpt lat="55.332070" lon="25.724950"></trkpt>
      <trkpt lat="55.332050" lon="25.725150"></trkpt>
      <trkpt lat="55.332000" lon="25.725360"></trkpt>
      <trkpt lat="55.332040" lon="25.725750"></trkpt>
      <trkpt lat="55.332090" lon="25.726130"></trkpt>
      <trkpt lat="55.332680" lon="25.726165"></trkpt>
      <trkpt lat="55.333270" lon="25.726200"></trkpt>
      <trkpt lat="55.334005" lon="25.726670"></trkpt>
      <trkpt lat="55.334740" lon="25.727140"></trkpt>
      <trkpt lat="55.335090" lon="25.727260"></trkpt>
      <trkpt lat="55.335390" lon="25.727300"></trkpt>
      <trkpt lat="55.335570" lon="25.727270"></trkpt>
      <trkpt lat="55.336400" lon="25.727750"></trkpt>
      <trkpt lat="55.336910" lon="25.728410"></trkpt>
      <trkpt lat="55.337670" lon="25.729200"></trkpt>
      <trkpt lat="55.338280" lon="25.729870"></trkpt>
      <trkpt lat="55.338620" lon="25.730290"></trkpt>
      <trkpt lat="55.339150" lon="25.732070"></trkpt>
      <trkpt lat="55.339160" lon="25.732350"></trkpt>
      <trkpt lat="55.339060" lon="25.733090"></trkpt>
      <trkpt lat="55.338910" lon="25.733630"></trkpt>
      <trkpt lat="55.338750" lon="25.734130"></trkpt>
      <trkpt lat="55.338570" lon="25.735413"></trkpt>
      <trkpt lat="55.338390" lon="25.736697"></trkpt>
      <trkpt lat="55.338210" lon="25.737980"></trkpt>
      <trkpt lat="55.338060" lon="25.738800"></trkpt>
      <trkpt lat="55.338020" lon="25.739320"></trkpt>
      <trkpt lat="55.338040" lon="25.739910"></trkpt>
      <trkpt lat="55.338165" lon="25.740715"></trkpt>
      <trkpt lat="55.338290" lon="25.741520"></trkpt>
      <trkpt lat="55.338235" lon="25.742435"></trkpt>
      <trkpt lat="55.338180" lon="25.743350"></trkpt>
      <trkpt lat="55.338140" lon="25.744450"></trkpt>
      <trkpt lat="55.338100" lon="25.745550"></trkpt>
      <trkpt lat="55.338060" lon="25.746650"></trkpt>
      <trkpt lat="55.338070" lon="25.747740"></trkpt>
      <trkpt lat="55.338080" lon="25.748830"></trkpt>
      <trkpt lat="55.338220" lon="25.749210"></trkpt>
      <trkpt lat="55.337880" lon="25.750390"></trkpt>
      <trkpt lat="55.337280" lon="25.751370"></trkpt>
      <trkpt lat="55.336860" lon="25.751855"></trkpt>
      <trkpt lat="55.336440" lon="25.752340"></trkpt>
      <trkpt lat="55.335800" lon="25.752410"></trkpt>
      <trkpt lat="55.335410" lon="25.752890"></trkpt>
      <trkpt lat="55.335020" lon="25.753370"></trkpt>
      <trkpt lat="55.334387" lon="25.754370"></trkpt>
      <trkpt lat="55.333753" lon="25.755370"></trkpt>
      <trkpt lat="55.333120" lon="25.756370"></trkpt>
      <trkpt lat="55.332940" lon="25.756680"></trkpt>
      <trkpt lat="55.332670" lon="25.757230"></trkpt>
      <trkpt lat="55.332520" lon="25.757660"></trkpt>
      <trkpt lat="55.332420" lon="25.757870"></trkpt>
      <trkpt lat="55.332150" lon="25.758290"></trkpt>
      <trkpt lat="55.332080" lon="25.758380"></trkpt>
      <trkpt lat="55.331630" lon="25.758780"></trkpt>
      <trkpt lat="55.331030" lon="25.759400"></trkpt>
      <trkpt lat="55.330260" lon="25.759990"></trkpt>
      <trkpt lat="55.329850" lon="25.760160"></trkpt>
      <trkpt lat="55.329590" lon="25.760380"></trkpt>
      <trkpt lat="55.329350" lon="25.760630"></trkpt>
      <trkpt lat="55.329050" lon="25.760820"></trkpt>
      <trkpt lat="55.328920" lon="25.760960"></trkpt>
      <trkpt lat="55.328490" lon="25.761700"></trkpt>
      <trkpt lat="55.328420" lon="25.761890"></trkpt>
      <trkpt lat="55.328300" lon="25.762520"></trkpt>
      <trkpt lat="55.328240" lon="25.763290"></trkpt>
      <trkpt lat="55.328210" lon="25.763990"></trkpt>
      <trkpt lat="55.328230" lon="25.764370"></trkpt>
      <trkpt lat="55.328280" lon="25.764870"></trkpt>
      <trkpt lat="55.328285" lon="25.765800"></trkpt>
      <trkpt lat="55.328290" lon="25.766730"></trkpt>
      <trkpt lat="55.328260" lon="25.767620"></trkpt>
      <trkpt lat="55.328280" lon="25.768450"></trkpt>
      <trkpt lat="55.328390" lon="25.769600"></trkpt>
      <trkpt lat="55.328530" lon="25.770270"></trkpt>
      <trkpt lat="55.328720" lon="25.771050"></trkpt>
      <trkpt lat="55.328730" lon="25.771170"></trkpt>
      <trkpt lat="55.328690" lon="25.771330"></trkpt>
      <trkpt lat="55.329130" lon="25.771570"></trkpt>
      <trkpt lat="55.329370" lon="25.771650"></trkpt>
      <trkpt lat="55.329590" lon="25.771680"></trkpt>
      <trkpt lat="55.329900" lon="25.771690"></trkpt>
      <trkpt lat="55.330030" lon="25.771720"></trkpt>
      <trkpt lat="55.330480" lon="25.771900"></trkpt>
      <trkpt lat="55.330690" lon="25.772060"></trkpt>
      <trkpt lat="55.330810" lon="25.772210"></trkpt>
      <trkpt lat="55.330890" lon="25.772370"></trkpt>
      <trkpt lat="55.330980" lon="25.772680"></trkpt>
      <trkpt lat="55.331050" lon="25.773120"></trkpt>
      <trkpt lat="55.331090" lon="25.773610"></trkpt>
      <trkpt lat="55.331080" lon="25.774495"></trkpt>
      <trkpt lat="55.331070" lon="25.775380"></trkpt>
      <trkpt lat="55.331110" lon="25.776160"></trkpt>
      <trkpt lat="55.331260" lon="25.777230"></trkpt>
      <trkpt lat="55.331410" lon="25.778300"></trkpt>
      <trkpt lat="55.331450" lon="25.778830"></trkpt>
      <trkpt lat="55.331330" lon="25.779820"></trkpt>
      <trkpt lat="55.331350" lon="25.780310"></trkpt>
      <trkpt lat="55.331390" lon="25.780660"></trkpt>
      <trkpt lat="55.331360" lon="25.781240"></trkpt>
      <trkpt lat="55.331370" lon="25.781660"></trkpt>
      <trkpt lat="55.331430" lon="25.782230"></trkpt>
      <trkpt lat="55.331600" lon="25.782990"></trkpt>
      <trkpt lat="55.331800" lon="25.783740"></trkpt>
      <trkpt lat="55.331880" lon="25.784270"></trkpt>
      <trkpt lat="55.331930" lon="25.784950"></trkpt>
      <trkpt lat="55.332020" lon="25.785400"></trkpt>
      <trkpt lat="55.332030" lon="25.786130"></trkpt>
      <trkpt lat="55.331870" lon="25.787140"></trkpt>
      <trkpt lat="55.331890" lon="25.788265"></trkpt>
      <trkpt lat="55.331910" lon="25.789390"></trkpt>
      <trkpt lat="55.331770" lon="25.790270"></trkpt>
      <trkpt lat="55.331510" lon="25.791295"></trkpt>
      <trkpt lat="55.331250" lon="25.792320"></trkpt>
      <trkpt lat="55.331190" lon="25.792860"></trkpt>
      <trkpt lat="55.331230" lon="25.793290"></trkpt>
      <trkpt lat="55.331310" lon="25.793650"></trkpt>
      <trkpt lat="55.331620" lon="25.794550"></trkpt>
      <trkpt lat="55.331860" lon="25.795310"></trkpt>
      <trkpt lat="55.332100" lon="25.796070"></trkpt>
      <trkpt lat="55.332330" lon="25.797070"></trkpt>
      <trkpt lat="55.332640" lon="25.797960"></trkpt>
      <trkpt lat="55.333180" lon="25.799030"></trkpt>
      <trkpt lat="55.333720" lon="25.800100"></trkpt>
      <trkpt lat="55.333830" lon="25.800380"></trkpt>
      <trkpt lat="55.334040" lon="25.801050"></trkpt>
      <trkpt lat="55.334250" lon="25.801490"></trkpt>
      <trkpt lat="55.334740" lon="25.802800"></trkpt>
      <trkpt lat="55.335130" lon="25.803520"></trkpt>
      <trkpt lat="55.335680" lon="25.804720"></trkpt>
      <trkpt lat="55.336095" lon="25.805520"></trkpt>
      <trkpt lat="55.336510" lon="25.806320"></trkpt>
      <trkpt lat="55.337170" lon="25.807200"></trkpt>
      <trkpt lat="55.337300" lon="25.807340"></trkpt>
      <trkpt lat="55.337700" lon="25.807520"></trkpt>
      <trkpt lat="55.337830" lon="25.807620"></trkpt>
      <trkpt lat="55.337980" lon="25.807800"></trkpt>
      <trkpt lat="55.338280" lon="25.808280"></trkpt>
      <trkpt lat="55.338640" lon="25.808960"></trkpt>
      <trkpt lat="55.338930" lon="25.809400"></trkpt>
      <trkpt lat="55.339460" lon="25.809930"></trkpt>
      <trkpt lat="55.339610" lon="25.810110"></trkpt>
      <trkpt lat="55.339970" lon="25.810740"></trkpt>
      <trkpt lat="55.340350" lon="25.811540"></trkpt>
      <trkpt lat="55.340150" lon="25.811540"></trkpt>
      <trkpt lat="55.339960" lon="25.811600"></trkpt>
      <trkpt lat="55.339820" lon="25.811600"></trkpt>
      <trkpt lat="55.339600" lon="25.811560"></trkpt>
      <trkpt lat="55.339320" lon="25.811610"></trkpt>
      <trkpt lat="55.338690" lon="25.811820"></trkpt>
      <trkpt lat="55.338220" lon="25.812070"></trkpt>
      <trkpt lat="55.337960" lon="25.812260"></trkpt>
      <trkpt lat="55.337890" lon="25.812290"></trkpt>
      <trkpt lat="55.337790" lon="25.812290"></trkpt>
      <trkpt lat="55.337600" lon="25.812260"></trkpt>
      <trkpt lat="55.337500" lon="25.812290"></trkpt>
      <trkpt lat="55.337320" lon="25.812400"></trkpt>
      <trkpt lat="55.337030" lon="25.812880"></trkpt>
      <trkpt lat="55.336640" lon="25.813650"></trkpt>
      <trkpt lat="55.336540" lon="25.813900"></trkpt>
      <trkpt lat="55.336360" lon="25.814570"></trkpt>
      <trkpt lat="55.336310" lon="25.814870"></trkpt>
      <trkpt lat="55.336300" lon="25.815340"></trkpt>
      <trkpt lat="55.336200" lon="25.816060"></trkpt>
      <trkpt lat="55.335930" lon="25.816620"></trkpt>
      <trkpt lat="55.335615" lon="25.817380"></trkpt>
      <trkpt lat="55.335300" lon="25.818140"></trkpt>
      <trkpt lat="55.335190" lon="25.818470"></trkpt>
      <trkpt lat="55.334920" lon="25.819500"></trkpt>
      <trkpt lat="55.334740" lon="25.820070"></trkpt>
      <trkpt lat="55.334590" lon="25.820450"></trkpt>
      <trkpt lat="55.334590" lon="25.820460"></trkpt>
      <trkpt lat="55.334350" lon="25.821070"></trkpt>
      <trkpt lat="55.334180" lon="25.821330"></trkpt>
      <trkpt lat="55.333930" lon="25.821640"></trkpt>
      <trkpt lat="55.333280" lon="25.822620"></trkpt>
      <trkpt lat="55.332930" lon="25.823060"></trkpt>
      <trkpt lat="55.332200" lon="25.823830"></trkpt>
      <trkpt lat="55.331470" lon="25.824600"></trkpt>
      <trkpt lat="55.330930" lon="25.825263"></trkpt>
      <trkpt lat="55.330390" lon="25.825927"></trkpt>
      <trkpt lat="55.329850" lon="25.826590"></trkpt>
      <trkpt lat="55.329710" lon="25.826800"></trkpt>
      <trkpt lat="55.329420" lon="25.827350"></trkpt>
      <trkpt lat="55.329027" lon="25.828337"></trkpt>
      <trkpt lat="55.328633" lon="25.829323"></trkpt>
      <trkpt lat="55.328240" lon="25.830310"></trkpt>
      <trkpt lat="55.328160" lon="25.830480"></trkpt>
      <trkpt lat="55.327960" lon="25.830800"></trkpt>
      <trkpt lat="55.327420" lon="25.831435"></trkpt>
      <trkpt lat="55.326880" lon="25.832070"></trkpt>
      <trkpt lat="55.326880" lon="25.832210"></trkpt>
      <trkpt lat="55.326750" lon="25.832670"></trkpt>
      <trkpt lat="55.326650" lon="25.832840"></trkpt>
      <trkpt lat="55.326560" lon="25.833020"></trkpt>
      <trkpt lat="55.326250" lon="25.833440"></trkpt>
      <trkpt lat="55.326080" lon="25.833730"></trkpt>
      <trkpt lat="55.326010" lon="25.833910"></trkpt>
      <trkpt lat="55.325920" lon="25.834220"></trkpt>
      <trkpt lat="55.325870" lon="25.834940"></trkpt>
      <trkpt lat="55.325990" lon="25.835960"></trkpt>
      <trkpt lat="55.326030" lon="25.837340"></trkpt>
      <trkpt lat="55.326030" lon="25.837690"></trkpt>
      <trkpt lat="55.325880" lon="25.839200"></trkpt>
      <trkpt lat="55.325760" lon="25.840055"></trkpt>
      <trkpt lat="55.325640" lon="25.840910"></trkpt>
      <trkpt lat="55.325540" lon="25.841300"></trkpt>
      <trkpt lat="55.325030" lon="25.842460"></trkpt>
      <trkpt lat="55.324980" lon="25.842640"></trkpt>
      <trkpt lat="55.324950" lon="25.843230"></trkpt>
      <trkpt lat="55.324450" lon="25.844500"></trkpt>
      <trkpt lat="55.324200" lon="25.845430"></trkpt>
      <trkpt lat="55.324030" lon="25.846340"></trkpt>
      <trkpt lat="55.323860" lon="25.847250"></trkpt>
      <trkpt lat="55.323810" lon="25.847600"></trkpt>
      <trkpt lat="55.323710" lon="25.848914"></trkpt>
      <trkpt lat="55.323610" lon="25.850228"></trkpt>
      <trkpt lat="55.323510" lon="25.851542"></trkpt>
      <trkpt lat="55.323410" lon="25.852856"></trkpt>
      <trkpt lat="55.323310" lon="25.854170"></trkpt>
      <trkpt lat="55.323220" lon="25.855632"></trkpt>
      <trkpt lat="55.323130" lon="25.857093"></trkpt>
      <trkpt lat="55.323040" lon="25.858555"></trkpt>
      <trkpt lat="55.322950" lon="25.860017"></trkpt>
      <trkpt lat="55.322860" lon="25.861478"></trkpt>
      <trkpt lat="55.322770" lon="25.862940"></trkpt>
      <trkpt lat="55.322760" lon="25.863470"></trkpt>
      <trkpt lat="55.322790" lon="25.864000"></trkpt>
      <trkpt lat="55.322908" lon="25.865405"></trkpt>
      <trkpt lat="55.323027" lon="25.866810"></trkpt>
      <trkpt lat="55.323145" lon="25.868215"></trkpt>
      <trkpt lat="55.323263" lon="25.869620"></trkpt>
      <trkpt lat="55.323382" lon="25.871025"></trkpt>
      <trkpt lat="55.323500" lon="25.872430"></trkpt>
      <trkpt lat="55.323570" lon="25.873630"></trkpt>
      <trkpt lat="55.323590" lon="25.875143"></trkpt>
      <trkpt lat="55.323610" lon="25.876657"></trkpt>
      <trkpt lat="55.323630" lon="25.878170"></trkpt>
      <trkpt lat="55.323498" lon="25.879550"></trkpt>
      <trkpt lat="55.323365" lon="25.880930"></trkpt>
      <trkpt lat="55.323233" lon="25.882310"></trkpt>
      <trkpt lat="55.323100" lon="25.883690"></trkpt>
      <trkpt lat="55.322890" lon="25.885054"></trkpt>
      <trkpt lat="55.322680" lon="25.886419"></trkpt>
      <trkpt lat="55.322470" lon="25.887783"></trkpt>
      <trkpt lat="55.322260" lon="25.889147"></trkpt>
      <trkpt lat="55.322050" lon="25.890512"></trkpt>
      <trkpt lat="55.321840" lon="25.891876"></trkpt>
      <trkpt lat="55.321630" lon="25.893240"></trkpt>
      <trkpt lat="55.321590" lon="25.893400"></trkpt>
      <trkpt lat="55.321510" lon="25.893590"></trkpt>
      <trkpt lat="55.321540" lon="25.893700"></trkpt>
      <trkpt lat="55.321540" lon="25.893840"></trkpt>
      <trkpt lat="55.321370" lon="25.895000"></trkpt>
      <trkpt lat="55.321161" lon="25.896396"></trkpt>
      <trkpt lat="55.320953" lon="25.897792"></trkpt>
      <trkpt lat="55.320744" lon="25.899187"></trkpt>
      <trkpt lat="55.320536" lon="25.900583"></trkpt>
      <trkpt lat="55.320327" lon="25.901979"></trkpt>
      <trkpt lat="55.320119" lon="25.903374"></trkpt>
      <trkpt lat="55.319910" lon="25.904770"></trkpt>
      <trkpt lat="55.319830" lon="25.905810"></trkpt>
      <trkpt lat="55.319750" lon="25.906850"></trkpt>
      <trkpt lat="55.319715" lon="25.908155"></trkpt>
      <trkpt lat="55.319680" lon="25.909460"></trkpt>
      <trkpt lat="55.319605" lon="25.910305"></trkpt>
      <trkpt lat="55.319530" lon="25.911150"></trkpt>
      <trkpt lat="55.319490" lon="25.912360"></trkpt>
      <trkpt lat="55.319270" lon="25.913410"></trkpt>
      <trkpt lat="55.319140" lon="25.914390"></trkpt>
      <trkpt lat="55.319045" lon="25.915300"></trkpt>
      <trkpt lat="55.318950" lon="25.916210"></trkpt>
      <trkpt lat="55.318950" lon="25.916710"></trkpt>
      <trkpt lat="55.319040" lon="25.917230"></trkpt>
      <trkpt lat="55.319300" lon="25.918183"></trkpt>
      <trkpt lat="55.319560" lon="25.919137"></trkpt>
      <trkpt lat="55.319820" lon="25.920090"></trkpt>
      <trkpt lat="55.319870" lon="25.920350"></trkpt>
      <trkpt lat="55.319925" lon="25.921325"></trkpt>
      <trkpt lat="55.319980" lon="25.922300"></trkpt>
      <trkpt lat="55.320070" lon="25.923130"></trkpt>
      <trkpt lat="55.320160" lon="25.923960"></trkpt>
      <trkpt lat="55.320170" lon="25.924430"></trkpt>
      <trkpt lat="55.320100" lon="25.925690"></trkpt>
      <trkpt lat="55.320195" lon="25.926990"></trkpt>
      <trkpt lat="55.320290" lon="25.928290"></trkpt>
      <trkpt lat="55.320300" lon="25.928900"></trkpt>
      <trkpt lat="55.320280" lon="25.929700"></trkpt>
      <trkpt lat="55.320200" lon="25.930720"></trkpt>
      <trkpt lat="55.320120" lon="25.931740"></trkpt>
      <trkpt lat="55.319990" lon="25.933150"></trkpt>
      <trkpt lat="55.319860" lon="25.934560"></trkpt>
      <trkpt lat="55.319765" lon="25.935470"></trkpt>
      <trkpt lat="55.319670" lon="25.936380"></trkpt>
      <trkpt lat="55.319590" lon="25.936820"></trkpt>
      <trkpt lat="55.319390" lon="25.937550"></trkpt>
      <trkpt lat="55.318918" lon="25.938768"></trkpt>
      <trkpt lat="55.318445" lon="25.939985"></trkpt>
      <trkpt lat="55.317973" lon="25.941203"></trkpt>
      <trkpt lat="55.317500" lon="25.942420"></trkpt>
      <trkpt lat="55.317010" lon="25.943720"></trkpt>
      <trkpt lat="55.316565" lon="25.943475"></trkpt>
      <trkpt lat="55.316120" lon="25.943230"></trkpt>
      <trkpt lat="55.315970" lon="25.943110"></trkpt>
      <trkpt lat="55.315500" lon="25.942630"></trkpt>
      <trkpt lat="55.315020" lon="25.941980"></trkpt>
      <trkpt lat="55.314465" lon="25.941105"></trkpt>
      <trkpt lat="55.313910" lon="25.940230"></trkpt>
      <trkpt lat="55.313650" lon="25.939780"></trkpt>
      <trkpt lat="55.313090" lon="25.938600"></trkpt>
      <trkpt lat="55.312530" lon="25.937420"></trkpt>
      <trkpt lat="55.312280" lon="25.936790"></trkpt>
      <trkpt lat="55.312140" lon="25.936530"></trkpt>
      <trkpt lat="55.312120" lon="25.936570"></trkpt>
      <trkpt lat="55.311930" lon="25.936550"></trkpt>
      <trkpt lat="55.311750" lon="25.936470"></trkpt>
      <trkpt lat="55.311000" lon="25.936050"></trkpt>
      <trkpt lat="55.310565" lon="25.935770"></trkpt>
      <trkpt lat="55.310130" lon="25.935490"></trkpt>
      <trkpt lat="55.309900" lon="25.935400"></trkpt>
      <trkpt lat="55.309270" lon="25.935350"></trkpt>
      <trkpt lat="55.309110" lon="25.935300"></trkpt>
      <trkpt lat="55.308920" lon="25.935200"></trkpt>
      <trkpt lat="55.308180" lon="25.934550"></trkpt>
      <trkpt lat="55.307660" lon="25.933970"></trkpt>
      <trkpt lat="55.307180" lon="25.933360"></trkpt>
      <trkpt lat="55.306730" lon="25.932630"></trkpt>
      <trkpt lat="55.306670" lon="25.932590"></trkpt>
      <trkpt lat="55.306510" lon="25.933335"></trkpt>
      <trkpt lat="55.306350" lon="25.934080"></trkpt>
      <trkpt lat="55.306140" lon="25.934880"></trkpt>
      <trkpt lat="55.305860" lon="25.935780"></trkpt>
      <trkpt lat="55.305660" lon="25.936510"></trkpt>
      <trkpt lat="55.305350" lon="25.937120"></trkpt>
      <trkpt lat="55.305120" lon="25.937260"></trkpt>
      <trkpt lat="55.304550" lon="25.937980"></trkpt>
      <trkpt lat="55.304145" lon="25.938440"></trkpt>
      <trkpt lat="55.303740" lon="25.938900"></trkpt>
      <trkpt lat="55.303160" lon="25.939960"></trkpt>
      <trkpt lat="55.302720" lon="25.940620"></trkpt>
      <trkpt lat="55.302310" lon="25.941500"></trkpt>
      <trkpt lat="55.301900" lon="25.942730"></trkpt>
      <trkpt lat="55.301750" lon="25.943040"></trkpt>
      <trkpt lat="55.301310" lon="25.943770"></trkpt>
      <trkpt lat="55.301050" lon="25.944730"></trkpt>
      <trkpt lat="55.300670" lon="25.945520"></trkpt>
      <trkpt lat="55.300330" lon="25.946000"></trkpt>
      <trkpt lat="55.299690" lon="25.947000"></trkpt>
      <trkpt lat="55.299180" lon="25.948070"></trkpt>
      <trkpt lat="55.298580" lon="25.949060"></trkpt>
      <trkpt lat="55.297940" lon="25.950050"></trkpt>
      <trkpt lat="55.297550" lon="25.950495"></trkpt>
      <trkpt lat="55.297160" lon="25.950940"></trkpt>
      <trkpt lat="55.296550" lon="25.951490"></trkpt>
      <trkpt lat="55.295840" lon="25.951950"></trkpt>
      <trkpt lat="55.295170" lon="25.952760"></trkpt>
      <trkpt lat="55.294800" lon="25.953110"></trkpt>
      <trkpt lat="55.294420" lon="25.953610"></trkpt>
      <trkpt lat="55.294120" lon="25.954190"></trkpt>
      <trkpt lat="55.293755" lon="25.954705"></trkpt>
      <trkpt lat="55.293390" lon="25.955220"></trkpt>
      <trkpt lat="55.292990" lon="25.955700"></trkpt>
      <trkpt lat="55.292610" lon="25.956230"></trkpt>
      <trkpt lat="55.292013" lon="25.956803"></trkpt>
      <trkpt lat="55.291417" lon="25.957377"></trkpt>
      <trkpt lat="55.290820" lon="25.957950"></trkpt>
      <trkpt lat="55.290290" lon="25.958645"></trkpt>
      <trkpt lat="55.289760" lon="25.959340"></trkpt>
      <trkpt lat="55.289500" lon="25.959510"></trkpt>
      <trkpt lat="55.288870" lon="25.959560"></trkpt>
      <trkpt lat="55.288520" lon="25.959810"></trkpt>
      <trkpt lat="55.287710" lon="25.960450"></trkpt>
      <trkpt lat="55.287170" lon="25.960820"></trkpt>
      <trkpt lat="55.286720" lon="25.960990"></trkpt>
      <trkpt lat="55.286030" lon="25.960830"></trkpt>
      <trkpt lat="55.285790" lon="25.960840"></trkpt>
      <trkpt lat="55.285680" lon="25.960960"></trkpt>
      <trkpt lat="55.285500" lon="25.961210"></trkpt>
      <trkpt lat="55.285190" lon="25.961940"></trkpt>
      <trkpt lat="55.284780" lon="25.963250"></trkpt>
      <trkpt lat="55.284830" lon="25.963620"></trkpt>
      <trkpt lat="55.284830" lon="25.963840"></trkpt>
      <trkpt lat="55.284370" lon="25.964810"></trkpt>
      <trkpt lat="55.283750" lon="25.965620"></trkpt>
      <trkpt lat="55.283000" lon="25.966400"></trkpt>
      <trkpt lat="55.282420" lon="25.967150"></trkpt>
      <trkpt lat="55.281880" lon="25.967720"></trkpt>
      <trkpt lat="55.281140" lon="25.968280"></trkpt>
      <trkpt lat="55.280400" lon="25.968840"></trkpt>
      <trkpt lat="55.279630" lon="25.969370"></trkpt>
      <trkpt lat="55.278900" lon="25.970150"></trkpt>
      <trkpt lat="55.278355" lon="25.970830"></trkpt>
      <trkpt lat="55.277810" lon="25.971510"></trkpt>
      <trkpt lat="55.277190" lon="25.972480"></trkpt>
      <trkpt lat="55.277070" lon="25.972600"></trkpt>
      <trkpt lat="55.276940" lon="25.972690"></trkpt>
      <trkpt lat="55.276620" lon="25.972770"></trkpt>
      <trkpt lat="55.276030" lon="25.972730"></trkpt>
      <trkpt lat="55.275470" lon="25.973110"></trkpt>
      <trkpt lat="55.275330" lon="25.973140"></trkpt>
      <trkpt lat="55.274530" lon="25.973050"></trkpt>
      <trkpt lat="55.273940" lon="25.972890"></trkpt>
      <trkpt lat="55.273840" lon="25.972780"></trkpt>
      <trkpt lat="55.273670" lon="25.972440"></trkpt>
      <trkpt lat="55.273510" lon="25.971950"></trkpt>
      <trkpt lat="55.273500" lon="25.972710"></trkpt>
      <trkpt lat="55.273460" lon="25.972920"></trkpt>
      <trkpt lat="55.273390" lon="25.973050"></trkpt>
      <trkpt lat="55.273210" lon="25.973200"></trkpt>
      <trkpt lat="55.272870" lon="25.973310"></trkpt>
      <trkpt lat="55.272280" lon="25.973340"></trkpt>
      <trkpt lat="55.271970" lon="25.973460"></trkpt>
      <trkpt lat="55.271240" lon="25.973980"></trkpt>
      <trkpt lat="55.270563" lon="25.974555"></trkpt>
      <trkpt lat="55.269885" lon="25.975130"></trkpt>
      <trkpt lat="55.269208" lon="25.975705"></trkpt>
      <trkpt lat="55.268530" lon="25.976280"></trkpt>
      <trkpt lat="55.268065" lon="25.976690"></trkpt>
      <trkpt lat="55.267600" lon="25.977100"></trkpt>
      <trkpt lat="55.267050" lon="25.977380"></trkpt>
      <trkpt lat="55.266370" lon="25.977880"></trkpt>
      <trkpt lat="55.266150" lon="25.978120"></trkpt>
      <trkpt lat="55.265750" lon="25.978670"></trkpt>
      <trkpt lat="55.265350" lon="25.979220"></trkpt>
      <trkpt lat="55.265040" lon="25.979990"></trkpt>
      <trkpt lat="55.264820" lon="25.980270"></trkpt>
      <trkpt lat="55.264490" lon="25.980570"></trkpt>
      <trkpt lat="55.264110" lon="25.981780"></trkpt>
      <trkpt lat="55.263970" lon="25.982470"></trkpt>
      <trkpt lat="55.263970" lon="25.982730"></trkpt>
      <trkpt lat="55.263900" lon="25.983090"></trkpt>
      <trkpt lat="55.263760" lon="25.983520"></trkpt>
      <trkpt lat="55.263215" lon="25.983910"></trkpt>
      <trkpt lat="55.262670" lon="25.984300"></trkpt>
      <trkpt lat="55.262490" lon="25.984480"></trkpt>
      <trkpt lat="55.261950" lon="25.984345"></trkpt>
      <trkpt lat="55.261410" lon="25.984210"></trkpt>
      <trkpt lat="55.260540" lon="25.984210"></trkpt>
      <trkpt lat="55.259890" lon="25.984330"></trkpt>
      <trkpt lat="55.259023" lon="25.984460"></trkpt>
      <trkpt lat="55.258157" lon="25.984590"></trkpt>
      <trkpt lat="55.257290" lon="25.984720"></trkpt>
      <trkpt lat="55.256900" lon="25.984970"></trkpt>
      <trkpt lat="55.256720" lon="25.985110"></trkpt>
      <trkpt lat="55.256023" lon="25.986058"></trkpt>
      <trkpt lat="55.255325" lon="25.987005"></trkpt>
      <trkpt lat="55.254628" lon="25.987953"></trkpt>
      <trkpt lat="55.253930" lon="25.988900"></trkpt>
      <trkpt lat="55.253790" lon="25.988970"></trkpt>
      <trkpt lat="55.253730" lon="25.988940"></trkpt>
      <trkpt lat="55.253570" lon="25.989800"></trkpt>
      <trkpt lat="55.253410" lon="25.990660"></trkpt>
      <trkpt lat="55.253380" lon="25.990640"></trkpt>
      <trkpt lat="55.253310" lon="25.990830"></trkpt>
      <trkpt lat="55.253250" lon="25.990890"></trkpt>
      <trkpt lat="55.253080" lon="25.990940"></trkpt>
      <trkpt lat="55.253070" lon="25.991020"></trkpt>
      <trkpt lat="55.252585" lon="25.990990"></trkpt>
      <trkpt lat="55.252100" lon="25.990960"></trkpt>
      <trkpt lat="55.251960" lon="25.990980"></trkpt>
      <trkpt lat="55.251800" lon="25.991040"></trkpt>
      <trkpt lat="55.251560" lon="25.991260"></trkpt>
      <trkpt lat="55.251300" lon="25.991730"></trkpt>
      <trkpt lat="55.250820" lon="25.992950"></trkpt>
      <trkpt lat="55.250610" lon="25.993650"></trkpt>
      <trkpt lat="55.250400" lon="25.994350"></trkpt>
      <trkpt lat="55.250220" lon="25.994710"></trkpt>
      <trkpt lat="55.250090" lon="25.994890"></trkpt>
      <trkpt lat="55.250000" lon="25.995000"></trkpt>
      <trkpt lat="55.249840" lon="25.995090"></trkpt>
      <trkpt lat="55.249730" lon="25.995110"></trkpt>
      <trkpt lat="55.249630" lon="25.995090"></trkpt>
      <trkpt lat="55.249460" lon="25.994990"></trkpt>
      <trkpt lat="55.249350" lon="25.994880"></trkpt>
      <trkpt lat="55.248665" lon="25.994030"></trkpt>
      <trkpt lat="55.247980" lon="25.993180"></trkpt>
      <trkpt lat="55.247440" lon="25.992630"></trkpt>
      <trkpt lat="55.247310" lon="25.992570"></trkpt>
      <trkpt lat="55.246765" lon="25.992130"></trkpt>
      <trkpt lat="55.246220" lon="25.991690"></trkpt>
      <trkpt lat="55.245670" lon="25.991210"></trkpt>
      <trkpt lat="55.244915" lon="25.990525"></trkpt>
      <trkpt lat="55.244160" lon="25.989840"></trkpt>
      <trkpt lat="55.244150" lon="25.989790"></trkpt>
      <trkpt lat="55.244170" lon="25.989680"></trkpt>
      <trkpt lat="55.243510" lon="25.988980"></trkpt>
      <trkpt lat="55.242993" lon="25.988333"></trkpt>
      <trkpt lat="55.242477" lon="25.987687"></trkpt>
      <trkpt lat="55.241960" lon="25.987040"></trkpt>
      <trkpt lat="55.241550" lon="25.986590"></trkpt>
      <trkpt lat="55.241140" lon="25.986140"></trkpt>
      <trkpt lat="55.240870" lon="25.985910"></trkpt>
      <trkpt lat="55.240590" lon="25.985710"></trkpt>
      <trkpt lat="55.240300" lon="25.985560"></trkpt>
      <trkpt lat="55.240030" lon="25.985460"></trkpt>
      <trkpt lat="55.239740" lon="25.985380"></trkpt>
      <trkpt lat="55.239440" lon="25.985340"></trkpt>
      <trkpt lat="55.239140" lon="25.985350"></trkpt>
      <trkpt lat="55.238790" lon="25.985390"></trkpt>
      <trkpt lat="55.238120" lon="25.985670"></trkpt>
      <trkpt lat="55.237760" lon="25.985900"></trkpt>
      <trkpt lat="55.236955" lon="25.986451"></trkpt>
      <trkpt lat="55.236149" lon="25.987003"></trkpt>
      <trkpt lat="55.235344" lon="25.987554"></trkpt>
      <trkpt lat="55.234539" lon="25.988105"></trkpt>
      <trkpt lat="55.233734" lon="25.988657"></trkpt>
      <trkpt lat="55.232928" lon="25.989208"></trkpt>
      <trkpt lat="55.232123" lon="25.989759"></trkpt>
      <trkpt lat="55.231318" lon="25.990310"></trkpt>
      <trkpt lat="55.230512" lon="25.990861"></trkpt>
      <trkpt lat="55.229707" lon="25.991413"></trkpt>
      <trkpt lat="55.228902" lon="25.991964"></trkpt>
      <trkpt lat="55.228097" lon="25.992515"></trkpt>
      <trkpt lat="55.227291" lon="25.993066"></trkpt>
      <trkpt lat="55.226486" lon="25.993617"></trkpt>
      <trkpt lat="55.225681" lon="25.994168"></trkpt>
      <trkpt lat="55.224875" lon="25.994719"></trkpt>
      <trkpt lat="55.224070" lon="25.995270"></trkpt>
      <trkpt lat="55.223433" lon="25.995703"></trkpt>
      <trkpt lat="55.222797" lon="25.996137"></trkpt>
      <trkpt lat="55.222160" lon="25.996570"></trkpt>
      <trkpt lat="55.221550" lon="25.996900"></trkpt>
      <trkpt lat="55.221210" lon="25.997030"></trkpt>
      <trkpt lat="55.220850" lon="25.997130"></trkpt>
      <trkpt lat="55.220500" lon="25.997180"></trkpt>
      <trkpt lat="55.219740" lon="25.997190"></trkpt>
      <trkpt lat="55.218870" lon="25.997176"></trkpt>
      <trkpt lat="55.218000" lon="25.997162"></trkpt>
      <trkpt lat="55.217130" lon="25.997148"></trkpt>
      <trkpt lat="55.216260" lon="25.997134"></trkpt>
      <trkpt lat="55.215390" lon="25.997120"></trkpt>
      <trkpt lat="55.214520" lon="25.997106"></trkpt>
      <trkpt lat="55.213650" lon="25.997092"></trkpt>
      <trkpt lat="55.212780" lon="25.997078"></trkpt>
      <trkpt lat="55.211910" lon="25.997064"></trkpt>
      <trkpt lat="55.211040" lon="25.997050"></trkpt>
      <trkpt lat="55.211030" lon="25.997050"></trkpt>
      <trkpt lat="55.210294" lon="25.997044"></trkpt>
      <trkpt lat="55.209558" lon="25.997038"></trkpt>
      <trkpt lat="55.208822" lon="25.997032"></trkpt>
      <trkpt lat="55.208086" lon="25.997026"></trkpt>
      <trkpt lat="55.207350" lon="25.997020"></trkpt>
      <trkpt lat="55.206530" lon="25.996960"></trkpt>
      <trkpt lat="55.205890" lon="25.996830"></trkpt>
      <trkpt lat="55.205200" lon="25.996667"></trkpt>
      <trkpt lat="55.204510" lon="25.996505"></trkpt>
      <trkpt lat="55.203820" lon="25.996342"></trkpt>
      <trkpt lat="55.203130" lon="25.996180"></trkpt>
      <trkpt lat="55.202273" lon="25.995993"></trkpt>
      <trkpt lat="55.201417" lon="25.995807"></trkpt>
      <trkpt lat="55.200560" lon="25.995620"></trkpt>
      <trkpt lat="55.199865" lon="25.995425"></trkpt>
      <trkpt lat="55.199170" lon="25.995230"></trkpt>
      <trkpt lat="55.198357" lon="25.995033"></trkpt>
      <trkpt lat="55.197543" lon="25.994837"></trkpt>
      <trkpt lat="55.196730" lon="25.994640"></trkpt>
      <trkpt lat="55.195975" lon="25.994470"></trkpt>
      <trkpt lat="55.195220" lon="25.994300"></trkpt>
      <trkpt lat="55.194680" lon="25.994270"></trkpt>
      <trkpt lat="55.194340" lon="25.994260"></trkpt>
      <trkpt lat="55.193880" lon="25.994290"></trkpt>
      <trkpt lat="55.193340" lon="25.994370"></trkpt>
      <trkpt lat="55.192620" lon="25.994493"></trkpt>
      <trkpt lat="55.191900" lon="25.994615"></trkpt>
      <trkpt lat="55.191180" lon="25.994738"></trkpt>
      <trkpt lat="55.190460" lon="25.994860"></trkpt>
      <trkpt lat="55.189658" lon="25.994991"></trkpt>
      <trkpt lat="55.188856" lon="25.995122"></trkpt>
      <trkpt lat="55.188053" lon="25.995253"></trkpt>
      <trkpt lat="55.187251" lon="25.995384"></trkpt>
      <trkpt lat="55.186449" lon="25.995516"></trkpt>
      <trkpt lat="55.185647" lon="25.995647"></trkpt>
      <trkpt lat="55.184844" lon="25.995778"></trkpt>
      <trkpt lat="55.184042" lon="25.995909"></trkpt>
      <trkpt lat="55.183240" lon="25.996040"></trkpt>
      <trkpt lat="55.183250" lon="25.996040"></trkpt>
      <trkpt lat="55.182528" lon="25.996154"></trkpt>
      <trkpt lat="55.181806" lon="25.996268"></trkpt>
      <trkpt lat="55.181084" lon="25.996382"></trkpt>
      <trkpt lat="55.180362" lon="25.996496"></trkpt>
      <trkpt lat="55.179640" lon="25.996610"></trkpt>
      <trkpt lat="55.178900" lon="25.996710"></trkpt>
      <trkpt lat="55.178340" lon="25.996620"></trkpt>
      <trkpt lat="55.177780" lon="25.996500"></trkpt>
      <trkpt lat="55.177220" lon="25.996380"></trkpt>
      <trkpt lat="55.177060" lon="25.996360"></trkpt>
      <trkpt lat="55.176930" lon="25.996370"></trkpt>
      <trkpt lat="55.176810" lon="25.996420"></trkpt>
      <trkpt lat="55.176550" lon="25.996610"></trkpt>
      <trkpt lat="55.176290" lon="25.996940"></trkpt>
      <trkpt lat="55.176110" lon="25.997220"></trkpt>
      <trkpt lat="55.175850" lon="25.997870"></trkpt>
      <trkpt lat="55.175740" lon="25.998070"></trkpt>
      <trkpt lat="55.175560" lon="25.998250"></trkpt>
      <trkpt lat="55.175430" lon="25.998310"></trkpt>
      <trkpt lat="55.175290" lon="25.998330"></trkpt>
      <trkpt lat="55.175220" lon="25.998320"></trkpt>
      <trkpt lat="55.175060" lon="25.998250"></trkpt>
      <trkpt lat="55.174920" lon="25.998140"></trkpt>
      <trkpt lat="55.174510" lon="25.997710"></trkpt>
      <trkpt lat="55.174220" lon="25.997590"></trkpt>
      <trkpt lat="55.173730" lon="25.997570"></trkpt>
      <trkpt lat="55.172920" lon="25.997570"></trkpt>
      <trkpt lat="55.172128" lon="25.997578"></trkpt>
      <trkpt lat="55.171335" lon="25.997585"></trkpt>
      <trkpt lat="55.170543" lon="25.997593"></trkpt>
      <trkpt lat="55.169750" lon="25.997600"></trkpt>
      <trkpt lat="55.169330" lon="25.997520"></trkpt>
      <trkpt lat="55.169360" lon="25.997310"></trkpt>
      <trkpt lat="55.169630" lon="25.996640"></trkpt>
      <trkpt lat="55.169720" lon="25.995640"></trkpt>
      <trkpt lat="55.169770" lon="25.994950"></trkpt>
      <trkpt lat="55.169810" lon="25.994620"></trkpt>
      <trkpt lat="55.170110" lon="25.993170"></trkpt>
      <trkpt lat="55.170200" lon="25.992630"></trkpt>
      <trkpt lat="55.170400" lon="25.991220"></trkpt>
      <trkpt lat="55.170490" lon="25.990570"></trkpt>
      <trkpt lat="55.170570" lon="25.989860"></trkpt>
      <trkpt lat="55.170660" lon="25.989450"></trkpt>
      <trkpt lat="55.170920" lon="25.989140"></trkpt>
      <trkpt lat="55.171130" lon="25.988750"></trkpt>
      <trkpt lat="55.171280" lon="25.988310"></trkpt>
      <trkpt lat="55.171360" lon="25.988010"></trkpt>
      <trkpt lat="55.171590" lon="25.986840"></trkpt>
      <trkpt lat="55.171740" lon="25.985780"></trkpt>
      <trkpt lat="55.171750" lon="25.985380"></trkpt>
      <trkpt lat="55.171670" lon="25.984270"></trkpt>
      <trkpt lat="55.171530" lon="25.982840"></trkpt>
      <trkpt lat="55.171390" lon="25.981410"></trkpt>
      <trkpt lat="55.171300" lon="25.980290"></trkpt>
      <trkpt lat="55.171250" lon="25.979800"></trkpt>
      <trkpt lat="55.171190" lon="25.979510"></trkpt>
      <trkpt lat="55.170835" lon="25.978530"></trkpt>
      <trkpt lat="55.170480" lon="25.977550"></trkpt>
      <trkpt lat="55.170140" lon="25.976765"></trkpt>
      <trkpt lat="55.169800" lon="25.975980"></trkpt>
      <trkpt lat="55.169590" lon="25.975560"></trkpt>
      <trkpt lat="55.169010" lon="25.974490"></trkpt>
      <trkpt lat="55.168930" lon="25.974610"></trkpt>
      <trkpt lat="55.168870" lon="25.974650"></trkpt>
      <trkpt lat="55.168330" lon="25.974660"></trkpt>
      <trkpt lat="55.167865" lon="25.974575"></trkpt>
      <trkpt lat="55.167400" lon="25.974490"></trkpt>
      <trkpt lat="55.166540" lon="25.974350"></trkpt>
      <trkpt lat="55.165680" lon="25.974210"></trkpt>
      <trkpt lat="55.164820" lon="25.974070"></trkpt>
      <trkpt lat="55.163960" lon="25.973930"></trkpt>
      <trkpt lat="55.163100" lon="25.973790"></trkpt>
      <trkpt lat="55.162605" lon="25.973690"></trkpt>
      <trkpt lat="55.162110" lon="25.973590"></trkpt>
      <trkpt lat="55.161230" lon="25.973380"></trkpt>
      <trkpt lat="55.160510" lon="25.973190"></trkpt>
      <trkpt lat="55.160430" lon="25.973140"></trkpt>
      <trkpt lat="55.159880" lon="25.972630"></trkpt>
      <trkpt lat="55.159180" lon="25.971900"></trkpt>
      <trkpt lat="55.158950" lon="25.971480"></trkpt>
      <trkpt lat="55.158830" lon="25.971340"></trkpt>
      <trkpt lat="55.158710" lon="25.971030"></trkpt>
      <trkpt lat="55.158355" lon="25.970390"></trkpt>
      <trkpt lat="55.158000" lon="25.969750"></trkpt>
      <trkpt lat="55.157840" lon="25.969570"></trkpt>
      <trkpt lat="55.157435" lon="25.969160"></trkpt>
      <trkpt lat="55.157030" lon="25.968750"></trkpt>
      <trkpt lat="55.156580" lon="25.968350"></trkpt>
      <trkpt lat="55.156130" lon="25.967950"></trkpt>
      <trkpt lat="55.155420" lon="25.967690"></trkpt>
      <trkpt lat="55.154690" lon="25.967100"></trkpt>
      <trkpt lat="55.154280" lon="25.966750"></trkpt>
      <trkpt lat="55.153870" lon="25.966400"></trkpt>
      <trkpt lat="55.153200" lon="25.965500"></trkpt>
      <trkpt lat="55.152560" lon="25.964540"></trkpt>
      <trkpt lat="55.152360" lon="25.964090"></trkpt>
      <trkpt lat="55.152010" lon="25.963400"></trkpt>
      <trkpt lat="55.151560" lon="25.962660"></trkpt>
      <trkpt lat="55.151120" lon="25.961970"></trkpt>
      <trkpt lat="55.150680" lon="25.961280"></trkpt>
      <trkpt lat="55.150470" lon="25.961010"></trkpt>
      <trkpt lat="55.149960" lon="25.960200"></trkpt>
      <trkpt lat="55.149560" lon="25.959650"></trkpt>
      <trkpt lat="55.149300" lon="25.959370"></trkpt>
      <trkpt lat="55.149150" lon="25.959110"></trkpt>
      <trkpt lat="55.148840" lon="25.958115"></trkpt>
      <trkpt lat="55.148530" lon="25.957120"></trkpt>
      <trkpt lat="55.148390" lon="25.956230"></trkpt>
      <trkpt lat="55.148220" lon="25.954870"></trkpt>
      <trkpt lat="55.147940" lon="25.953840"></trkpt>
      <trkpt lat="55.147535" lon="25.952985"></trkpt>
      <trkpt lat="55.147130" lon="25.952130"></trkpt>
      <trkpt lat="55.147218" lon="25.950818"></trkpt>
      <trkpt lat="55.147305" lon="25.949505"></trkpt>
      <trkpt lat="55.147393" lon="25.948193"></trkpt>
      <trkpt lat="55.147480" lon="25.946880"></trkpt>
      <trkpt lat="55.147340" lon="25.945740"></trkpt>
      <trkpt lat="55.147050" lon="25.944650"></trkpt>
      <trkpt lat="55.146570" lon="25.943360"></trkpt>
      <trkpt lat="55.146410" lon="25.943100"></trkpt>
      <trkpt lat="55.145940" lon="25.942550"></trkpt>
      <trkpt lat="55.145470" lon="25.942000"></trkpt>
      <trkpt lat="55.145290" lon="25.941710"></trkpt>
      <trkpt lat="55.144680" lon="25.941090"></trkpt>
      <trkpt lat="55.144400" lon="25.940350"></trkpt>
      <trkpt lat="55.144360" lon="25.940200"></trkpt>
      <trkpt lat="55.144090" lon="25.939460"></trkpt>
      <trkpt lat="55.143980" lon="25.939240"></trkpt>
      <trkpt lat="55.143900" lon="25.938840"></trkpt>
      <trkpt lat="55.143850" lon="25.938400"></trkpt>
      <trkpt lat="55.143870" lon="25.938230"></trkpt>
      <trkpt lat="55.144180" lon="25.936860"></trkpt>
      <trkpt lat="55.144300" lon="25.935990"></trkpt>
      <trkpt lat="55.144300" lon="25.935840"></trkpt>
      <trkpt lat="55.144170" lon="25.935090"></trkpt>
      <trkpt lat="55.144120" lon="25.934940"></trkpt>
      <trkpt lat="55.143830" lon="25.934370"></trkpt>
      <trkpt lat="55.143570" lon="25.933920"></trkpt>
      <trkpt lat="55.143400" lon="25.933220"></trkpt>
      <trkpt lat="55.143440" lon="25.932080"></trkpt>
      <trkpt lat="55.143460" lon="25.930910"></trkpt>
      <trkpt lat="55.143200" lon="25.929620"></trkpt>
      <trkpt lat="55.143180" lon="25.929460"></trkpt>
      <trkpt lat="55.143170" lon="25.929060"></trkpt>
      <trkpt lat="55.143035" lon="25.928205"></trkpt>
      <trkpt lat="55.142900" lon="25.927350"></trkpt>
      <trkpt lat="55.142940" lon="25.926810"></trkpt>
      <trkpt lat="55.143010" lon="25.926450"></trkpt>
      <trkpt lat="55.143020" lon="25.926220"></trkpt>
      <trkpt lat="55.142900" lon="25.924850"></trkpt>
      <trkpt lat="55.142790" lon="25.923920"></trkpt>
      <trkpt lat="55.142590" lon="25.922810"></trkpt>
      <trkpt lat="55.142520" lon="25.922560"></trkpt>
      <trkpt lat="55.142300" lon="25.922090"></trkpt>
      <trkpt lat="55.141880" lon="25.921520"></trkpt>
      <trkpt lat="55.141550" lon="25.920990"></trkpt>
      <trkpt lat="55.141110" lon="25.920600"></trkpt>
      <trkpt lat="55.140655" lon="25.920035"></trkpt>
      <trkpt lat="55.140200" lon="25.919470"></trkpt>
      <trkpt lat="55.139785" lon="25.918855"></trkpt>
      <trkpt lat="55.139370" lon="25.918240"></trkpt>
      <trkpt lat="55.139040" lon="25.917670"></trkpt>
      <trkpt lat="55.138750" lon="25.917230"></trkpt>
      <trkpt lat="55.138520" lon="25.916790"></trkpt>
      <trkpt lat="55.138190" lon="25.915720"></trkpt>
      <trkpt lat="55.137915" lon="25.914910"></trkpt>
      <trkpt lat="55.137640" lon="25.914100"></trkpt>
      <trkpt lat="55.137450" lon="25.913130"></trkpt>
      <trkpt lat="55.137170" lon="25.911960"></trkpt>
      <trkpt lat="55.136735" lon="25.911005"></trkpt>
      <trkpt lat="55.136300" lon="25.910050"></trkpt>
      <trkpt lat="55.136160" lon="25.909290"></trkpt>
      <trkpt lat="55.136000" lon="25.908820"></trkpt>
      <trkpt lat="55.135430" lon="25.907790"></trkpt>
      <trkpt lat="55.135000" lon="25.906740"></trkpt>
      <trkpt lat="55.134910" lon="25.906590"></trkpt>
      <trkpt lat="55.134435" lon="25.905900"></trkpt>
      <trkpt lat="55.133960" lon="25.905210"></trkpt>
      <trkpt lat="55.133540" lon="25.904625"></trkpt>
      <trkpt lat="55.133120" lon="25.904040"></trkpt>
      <trkpt lat="55.132695" lon="25.903700"></trkpt>
      <trkpt lat="55.132270" lon="25.903360"></trkpt>
      <trkpt lat="55.132150" lon="25.903280"></trkpt>
      <trkpt lat="55.131950" lon="25.903210"></trkpt>
      <trkpt lat="55.131700" lon="25.903180"></trkpt>
      <trkpt lat="55.131210" lon="25.903200"></trkpt>
      <trkpt lat="55.130720" lon="25.903220"></trkpt>
      <trkpt lat="55.130130" lon="25.903200"></trkpt>
      <trkpt lat="55.129840" lon="25.903070"></trkpt>
      <trkpt lat="55.129220" lon="25.902660"></trkpt>
      <trkpt lat="55.128870" lon="25.902470"></trkpt>
      <trkpt lat="55.128470" lon="25.902160"></trkpt>
      <trkpt lat="55.128330" lon="25.902070"></trkpt>
      <trkpt lat="55.128180" lon="25.902020"></trkpt>
      <trkpt lat="55.128000" lon="25.902000"></trkpt>
      <trkpt lat="55.127690" lon="25.902040"></trkpt>
      <trkpt lat="55.127320" lon="25.902220"></trkpt>
      <trkpt lat="55.127260" lon="25.902220"></trkpt>
      <trkpt lat="55.127220" lon="25.902200"></trkpt>
      <trkpt lat="55.127020" lon="25.901920"></trkpt>
      <trkpt lat="55.126850" lon="25.901610"></trkpt>
      <trkpt lat="55.126790" lon="25.901340"></trkpt>
      <trkpt lat="55.126740" lon="25.900300"></trkpt>
      <trkpt lat="55.126660" lon="25.899740"></trkpt>
      <trkpt lat="55.126620" lon="25.899070"></trkpt>
      <trkpt lat="55.126600" lon="25.897880"></trkpt>
      <trkpt lat="55.126680" lon="25.896730"></trkpt>
      <trkpt lat="55.126800" lon="25.895770"></trkpt>
      <trkpt lat="55.126800" lon="25.895530"></trkpt>
      <trkpt lat="55.126680" lon="25.894410"></trkpt>
      <trkpt lat="55.126660" lon="25.894110"></trkpt>
      <trkpt lat="55.126695" lon="25.893235"></trkpt>
      <trkpt lat="55.126730" lon="25.892360"></trkpt>
      <trkpt lat="55.126710" lon="25.891580"></trkpt>
      <trkpt lat="55.126710" lon="25.890160"></trkpt>
      <trkpt lat="55.126940" lon="25.888860"></trkpt>
      <trkpt lat="55.127120" lon="25.888120"></trkpt>
      <trkpt lat="55.127170" lon="25.887510"></trkpt>
      <trkpt lat="55.127100" lon="25.886645"></trkpt>
      <trkpt lat="55.127030" lon="25.885780"></trkpt>
      <trkpt lat="55.127040" lon="25.885050"></trkpt>
      <trkpt lat="55.127100" lon="25.883920"></trkpt>
      <trkpt lat="55.127225" lon="25.882850"></trkpt>
      <trkpt lat="55.127350" lon="25.881780"></trkpt>
      <trkpt lat="55.127390" lon="25.881170"></trkpt>
      <trkpt lat="55.127330" lon="25.880490"></trkpt>
      <trkpt lat="55.127240" lon="25.880030"></trkpt>
      <trkpt lat="55.127070" lon="25.879490"></trkpt>
      <trkpt lat="55.126970" lon="25.878540"></trkpt>
      <trkpt lat="55.127040" lon="25.877940"></trkpt>
      <trkpt lat="55.127060" lon="25.877060"></trkpt>
      <trkpt lat="55.127080" lon="25.876180"></trkpt>
      <trkpt lat="55.127270" lon="25.875300"></trkpt>
      <trkpt lat="55.127340" lon="25.874760"></trkpt>
      <trkpt lat="55.127220" lon="25.873230"></trkpt>
      <trkpt lat="55.127010" lon="25.872060"></trkpt>
      <trkpt lat="55.126930" lon="25.871530"></trkpt>
      <trkpt lat="55.126900" lon="25.869980"></trkpt>
      <trkpt lat="55.127015" lon="25.868810"></trkpt>
      <trkpt lat="55.127130" lon="25.867640"></trkpt>
      <trkpt lat="55.127260" lon="25.866600"></trkpt>
      <trkpt lat="55.127390" lon="25.865560"></trkpt>
      <trkpt lat="55.127490" lon="25.865210"></trkpt>
      <trkpt lat="55.127670" lon="25.864700"></trkpt>
      <trkpt lat="55.127980" lon="25.864190"></trkpt>
      <trkpt lat="55.128250" lon="25.863620"></trkpt>
      <trkpt lat="55.128650" lon="25.862840"></trkpt>
      <trkpt lat="55.129050" lon="25.862060"></trkpt>
      <trkpt lat="55.129395" lon="25.861275"></trkpt>
      <trkpt lat="55.129740" lon="25.860490"></trkpt>
      <trkpt lat="55.129750" lon="25.860370"></trkpt>
      <trkpt lat="55.129710" lon="25.859590"></trkpt>
      <trkpt lat="55.129650" lon="25.858740"></trkpt>
      <trkpt lat="55.129710" lon="25.857760"></trkpt>
      <trkpt lat="55.129830" lon="25.856715"></trkpt>
      <trkpt lat="55.129950" lon="25.855670"></trkpt>
      <trkpt lat="55.129950" lon="25.855650"></trkpt>
      <trkpt lat="55.130060" lon="25.854730"></trkpt>
      <trkpt lat="55.130170" lon="25.853810"></trkpt>
      <trkpt lat="55.130290" lon="25.853110"></trkpt>
      <trkpt lat="55.130410" lon="25.852520"></trkpt>
      <trkpt lat="55.130700" lon="25.851350"></trkpt>
      <trkpt lat="55.130990" lon="25.850180"></trkpt>
      <trkpt lat="55.131200" lon="25.849540"></trkpt>
      <trkpt lat="55.131400" lon="25.848785"></trkpt>
      <trkpt lat="55.131600" lon="25.848030"></trkpt>
      <trkpt lat="55.131640" lon="25.847820"></trkpt>
      <trkpt lat="55.131660" lon="25.847230"></trkpt>
      <trkpt lat="55.131570" lon="25.846150"></trkpt>
      <trkpt lat="55.131430" lon="25.845410"></trkpt>
      <trkpt lat="55.131050" lon="25.844210"></trkpt>
      <trkpt lat="55.130790" lon="25.843620"></trkpt>
      <trkpt lat="55.130720" lon="25.843140"></trkpt>
      <trkpt lat="55.130470" lon="25.842380"></trkpt>
      <trkpt lat="55.130350" lon="25.841840"></trkpt>
      <trkpt lat="55.130075" lon="25.841060"></trkpt>
      <trkpt lat="55.129800" lon="25.840280"></trkpt>
      <trkpt lat="55.129700" lon="25.840270"></trkpt>
      <trkpt lat="55.129270" lon="25.840420"></trkpt>
      <trkpt lat="55.129110" lon="25.840370"></trkpt>
      <trkpt lat="55.129020" lon="25.840300"></trkpt>
      <trkpt lat="55.128910" lon="25.840160"></trkpt>
      <trkpt lat="55.128770" lon="25.839860"></trkpt>
      <trkpt lat="55.128700" lon="25.839590"></trkpt>
      <trkpt lat="55.128660" lon="25.839190"></trkpt>
      <trkpt lat="55.128660" lon="25.838880"></trkpt>
      <trkpt lat="55.128700" lon="25.838660"></trkpt>
      <trkpt lat="55.128700" lon="25.838380"></trkpt>
      <trkpt lat="55.128580" lon="25.837510"></trkpt>
      <trkpt lat="55.128380" lon="25.836430"></trkpt>
      <trkpt lat="55.128135" lon="25.835280"></trkpt>
      <trkpt lat="55.127890" lon="25.834130"></trkpt>
      <trkpt lat="55.127980" lon="25.832715"></trkpt>
      <trkpt lat="55.128070" lon="25.831300"></trkpt>
      <trkpt lat="55.128240" lon="25.830320"></trkpt>
      <trkpt lat="55.128410" lon="25.829340"></trkpt>
      <trkpt lat="55.128480" lon="25.829160"></trkpt>
      <trkpt lat="55.128900" lon="25.828530"></trkpt>
      <trkpt lat="55.129060" lon="25.828420"></trkpt>
      <trkpt lat="55.129330" lon="25.827880"></trkpt>
      <trkpt lat="55.129520" lon="25.827190"></trkpt>
      <trkpt lat="55.129590" lon="25.826450"></trkpt>
      <trkpt lat="55.129600" lon="25.826020"></trkpt>
      <trkpt lat="55.129630" lon="25.825700"></trkpt>
      <trkpt lat="55.129800" lon="25.824980"></trkpt>
      <trkpt lat="55.129820" lon="25.824390"></trkpt>
      <trkpt lat="55.129800" lon="25.824140"></trkpt>
      <trkpt lat="55.129760" lon="25.823940"></trkpt>
      <trkpt lat="55.129600" lon="25.823540"></trkpt>
      <trkpt lat="55.129520" lon="25.823190"></trkpt>
      <trkpt lat="55.129520" lon="25.822960"></trkpt>
      <trkpt lat="55.129550" lon="25.822690"></trkpt>
      <trkpt lat="55.129770" lon="25.821870"></trkpt>
      <trkpt lat="55.130210" lon="25.820940"></trkpt>
      <trkpt lat="55.130470" lon="25.820310"></trkpt>
      <trkpt lat="55.130500" lon="25.820150"></trkpt>
      <trkpt lat="55.130490" lon="25.819940"></trkpt>
      <trkpt lat="55.130400" lon="25.819590"></trkpt>
      <trkpt lat="55.130340" lon="25.819150"></trkpt>
      <trkpt lat="55.130220" lon="25.818560"></trkpt>
      <trkpt lat="55.130260" lon="25.817950"></trkpt>
      <trkpt lat="55.130250" lon="25.816940"></trkpt>
      <trkpt lat="55.130270" lon="25.816280"></trkpt>
      <trkpt lat="55.130300" lon="25.816030"></trkpt>
      <trkpt lat="55.130360" lon="25.815770"></trkpt>
      <trkpt lat="55.130750" lon="25.814480"></trkpt>
      <trkpt lat="55.130990" lon="25.813810"></trkpt>
      <trkpt lat="55.131140" lon="25.813290"></trkpt>
      <trkpt lat="55.131240" lon="25.812590"></trkpt>
      <trkpt lat="55.131330" lon="25.812190"></trkpt>
      <trkpt lat="55.131620" lon="25.811240"></trkpt>
      <trkpt lat="55.132090" lon="25.810230"></trkpt>
      <trkpt lat="55.132330" lon="25.809870"></trkpt>
      <trkpt lat="55.132550" lon="25.809700"></trkpt>
      <trkpt lat="55.132960" lon="25.809560"></trkpt>
      <trkpt lat="55.133110" lon="25.809470"></trkpt>
      <trkpt lat="55.133200" lon="25.809290"></trkpt>
      <trkpt lat="55.133270" lon="25.808860"></trkpt>
      <trkpt lat="55.133270" lon="25.808650"></trkpt>
      <trkpt lat="55.133270" lon="25.808150"></trkpt>
      <trkpt lat="55.133320" lon="25.807860"></trkpt>
      <trkpt lat="55.133430" lon="25.807420"></trkpt>
      <trkpt lat="55.133680" lon="25.806710"></trkpt>
      <trkpt lat="55.133790" lon="25.806350"></trkpt>
      <trkpt lat="55.133840" lon="25.805850"></trkpt>
      <trkpt lat="55.133980" lon="25.805400"></trkpt>
      <trkpt lat="55.134290" lon="25.804680"></trkpt>
      <trkpt lat="55.134440" lon="25.804590"></trkpt>
      <trkpt lat="55.134550" lon="25.804300"></trkpt>
      <trkpt lat="55.134130" lon="25.802930"></trkpt>
      <trkpt lat="55.133950" lon="25.802270"></trkpt>
      <trkpt lat="55.133910" lon="25.801225"></trkpt>
      <trkpt lat="55.133870" lon="25.800180"></trkpt>
      <trkpt lat="55.134135" lon="25.799355"></trkpt>
      <trkpt lat="55.134400" lon="25.798530"></trkpt>
      <trkpt lat="55.134210" lon="25.797157"></trkpt>
      <trkpt lat="55.134020" lon="25.795783"></trkpt>
      <trkpt lat="55.133830" lon="25.794410"></trkpt>
      <trkpt lat="55.133700" lon="25.793800"></trkpt>
      <trkpt lat="55.133595" lon="25.792465"></trkpt>
      <trkpt lat="55.133490" lon="25.791130"></trkpt>
      <trkpt lat="55.133510" lon="25.790370"></trkpt>
      <trkpt lat="55.133255" lon="25.788905"></trkpt>
      <trkpt lat="55.133000" lon="25.787440"></trkpt>
      <trkpt lat="55.133000" lon="25.787450"></trkpt>
      <trkpt lat="55.132805" lon="25.786325"></trkpt>
      <trkpt lat="55.132610" lon="25.785200"></trkpt>
      <trkpt lat="55.132420" lon="25.783980"></trkpt>
      <trkpt lat="55.132467" lon="25.782780"></trkpt>
      <trkpt lat="55.132513" lon="25.781580"></trkpt>
      <trkpt lat="55.132560" lon="25.780380"></trkpt>
      <trkpt lat="55.132622" lon="25.778867"></trkpt>
      <trkpt lat="55.132683" lon="25.777353"></trkpt>
      <trkpt lat="55.132745" lon="25.775840"></trkpt>
      <trkpt lat="55.132807" lon="25.774327"></trkpt>
      <trkpt lat="55.132868" lon="25.772813"></trkpt>
      <trkpt lat="55.132930" lon="25.771300"></trkpt>
      <trkpt lat="55.133130" lon="25.771020"></trkpt>
      <trkpt lat="55.133260" lon="25.770700"></trkpt>
      <trkpt lat="55.133335" lon="25.769310"></trkpt>
      <trkpt lat="55.133410" lon="25.767920"></trkpt>
      <trkpt lat="55.133590" lon="25.766920"></trkpt>
      <trkpt lat="55.133730" lon="25.765905"></trkpt>
      <trkpt lat="55.133870" lon="25.764890"></trkpt>
      <trkpt lat="55.133880" lon="25.763930"></trkpt>
      <trkpt lat="55.134060" lon="25.763200"></trkpt>
      <trkpt lat="55.133960" lon="25.762420"></trkpt>
      <trkpt lat="55.133970" lon="25.761960"></trkpt>
      <trkpt lat="55.134200" lon="25.760460"></trkpt>
      <trkpt lat="55.134270" lon="25.759800"></trkpt>
      <trkpt lat="55.134330" lon="25.758920"></trkpt>
      <trkpt lat="55.134370" lon="25.758040"></trkpt>
      <trkpt lat="55.134410" lon="25.757160"></trkpt>
      <trkpt lat="55.134360" lon="25.756350"></trkpt>
      <trkpt lat="55.134270" lon="25.755460"></trkpt>
      <trkpt lat="55.134125" lon="25.754560"></trkpt>
      <trkpt lat="55.133980" lon="25.753660"></trkpt>
      <trkpt lat="55.133970" lon="25.753320"></trkpt>
      <trkpt lat="55.134010" lon="25.753070"></trkpt>
      <trkpt lat="55.134190" lon="25.752610"></trkpt>
      <trkpt lat="55.134260" lon="25.752330"></trkpt>
      <trkpt lat="55.134330" lon="25.751930"></trkpt>
      <trkpt lat="55.134430" lon="25.750463"></trkpt>
      <trkpt lat="55.134530" lon="25.748997"></trkpt>
      <trkpt lat="55.134630" lon="25.747530"></trkpt>
      <trkpt lat="55.134640" lon="25.747240"></trkpt>
      <trkpt lat="55.134720" lon="25.746890"></trkpt>
      <trkpt lat="55.135180" lon="25.745900"></trkpt>
      <trkpt lat="55.135640" lon="25.744910"></trkpt>
      <trkpt lat="55.136185" lon="25.743875"></trkpt>
      <trkpt lat="55.136730" lon="25.742840"></trkpt>
      <trkpt lat="55.137100" lon="25.742230"></trkpt>
      <trkpt lat="55.137310" lon="25.741950"></trkpt>
      <trkpt lat="55.137695" lon="25.741520"></trkpt>
      <trkpt lat="55.138080" lon="25.741090"></trkpt>
      <trkpt lat="55.138210" lon="25.740910"></trkpt>
      <trkpt lat="55.138380" lon="25.740580"></trkpt>
      <trkpt lat="55.138960" lon="25.739570"></trkpt>
      <trkpt lat="55.139170" lon="25.739100"></trkpt>
      <trkpt lat="55.139350" lon="25.738620"></trkpt>
      <trkpt lat="55.139660" lon="25.737610"></trkpt>
      <trkpt lat="55.139730" lon="25.737440"></trkpt>
      <trkpt lat="55.140140" lon="25.736910"></trkpt>
      <trkpt lat="55.140210" lon="25.736770"></trkpt>
      <trkpt lat="55.140290" lon="25.736480"></trkpt>
      <trkpt lat="55.140250" lon="25.735205"></trkpt>
      <trkpt lat="55.140210" lon="25.733930"></trkpt>
      <trkpt lat="55.140220" lon="25.733210"></trkpt>
      <trkpt lat="55.140250" lon="25.732160"></trkpt>
      <trkpt lat="55.140240" lon="25.731550"></trkpt>
      <trkpt lat="55.140200" lon="25.730860"></trkpt>
      <trkpt lat="55.140050" lon="25.730120"></trkpt>
      <trkpt lat="55.139860" lon="25.729315"></trkpt>
      <trkpt lat="55.139670" lon="25.728510"></trkpt>
      <trkpt lat="55.139610" lon="25.728040"></trkpt>
      <trkpt lat="55.139610" lon="25.727590"></trkpt>
      <trkpt lat="55.139750" lon="25.726340"></trkpt>
      <trkpt lat="55.139675" lon="25.725370"></trkpt>
      <trkpt lat="55.139600" lon="25.724400"></trkpt>
      <trkpt lat="55.139570" lon="25.723610"></trkpt>
      <trkpt lat="55.139690" lon="25.722790"></trkpt>
      <trkpt lat="55.140110" lon="25.721440"></trkpt>
      <trkpt lat="55.140190" lon="25.720920"></trkpt>
      <trkpt lat="55.140180" lon="25.720540"></trkpt>
      <trkpt lat="55.140030" lon="25.719660"></trkpt>
      <trkpt lat="55.139880" lon="25.718780"></trkpt>
      <trkpt lat="55.139530" lon="25.717480"></trkpt>
      <trkpt lat="55.139470" lon="25.716840"></trkpt>
      <trkpt lat="55.139410" lon="25.716530"></trkpt>
      <trkpt lat="55.139370" lon="25.715990"></trkpt>
      <trkpt lat="55.139450" lon="25.714500"></trkpt>
      <trkpt lat="55.139460" lon="25.713930"></trkpt>
      <trkpt lat="55.139580" lon="25.712640"></trkpt>
      <trkpt lat="55.139783" lon="25.711523"></trkpt>
      <trkpt lat="55.139987" lon="25.710407"></trkpt>
      <trkpt lat="55.140190" lon="25.709290"></trkpt>
      <trkpt lat="55.140240" lon="25.708940"></trkpt>
      <trkpt lat="55.140270" lon="25.708640"></trkpt>
      <trkpt lat="55.140500" lon="25.707495"></trkpt>
      <trkpt lat="55.140730" lon="25.706350"></trkpt>
      <trkpt lat="55.140955" lon="25.705440"></trkpt>
      <trkpt lat="55.141180" lon="25.704530"></trkpt>
      <trkpt lat="55.141493" lon="25.703483"></trkpt>
      <trkpt lat="55.141807" lon="25.702437"></trkpt>
      <trkpt lat="55.142120" lon="25.701390"></trkpt>
      <trkpt lat="55.142385" lon="25.700640"></trkpt>
      <trkpt lat="55.142650" lon="25.699890"></trkpt>
      <trkpt lat="55.142800" lon="25.699240"></trkpt>
      <trkpt lat="55.142915" lon="25.698265"></trkpt>
      <trkpt lat="55.143030" lon="25.697290"></trkpt>
      <trkpt lat="55.143060" lon="25.696910"></trkpt>
      <trkpt lat="55.143040" lon="25.696580"></trkpt>
      <trkpt lat="55.142910" lon="25.695910"></trkpt>
      <trkpt lat="55.142860" lon="25.695470"></trkpt>
      <trkpt lat="55.142620" lon="25.694470"></trkpt>
      <trkpt lat="55.142540" lon="25.693900"></trkpt>
      <trkpt lat="55.142500" lon="25.693030"></trkpt>
      <trkpt lat="55.142380" lon="25.691650"></trkpt>
      <trkpt lat="55.142360" lon="25.691160"></trkpt>
      <trkpt lat="55.142390" lon="25.690460"></trkpt>
      <trkpt lat="55.142440" lon="25.690190"></trkpt>
      <trkpt lat="55.142540" lon="25.689890"></trkpt>
      <trkpt lat="55.143030" lon="25.688790"></trkpt>
      <trkpt lat="55.143300" lon="25.688350"></trkpt>
      <trkpt lat="55.143870" lon="25.687910"></trkpt>
      <trkpt lat="55.144040" lon="25.687630"></trkpt>
      <trkpt lat="55.144330" lon="25.686660"></trkpt>
      <trkpt lat="55.144440" lon="25.686380"></trkpt>
      <trkpt lat="55.144570" lon="25.686170"></trkpt>
      <trkpt lat="55.145080" lon="25.685550"></trkpt>
      <trkpt lat="55.145210" lon="25.685310"></trkpt>
      <trkpt lat="55.145470" lon="25.684510"></trkpt>
      <trkpt lat="55.145660" lon="25.683600"></trkpt>
      <trkpt lat="55.145860" lon="25.682270"></trkpt>
      <trkpt lat="55.145930" lon="25.681060"></trkpt>
      <trkpt lat="55.145930" lon="25.681070"></trkpt>
      <trkpt lat="55.145860" lon="25.682270"></trkpt>
      <trkpt lat="55.145660" lon="25.683600"></trkpt>
      <trkpt lat="55.145470" lon="25.684510"></trkpt>
      <trkpt lat="55.145210" lon="25.685310"></trkpt>
      <trkpt lat="55.145080" lon="25.685550"></trkpt>
      <trkpt lat="55.144570" lon="25.686170"></trkpt>
      <trkpt lat="55.144440" lon="25.686380"></trkpt>
      <trkpt lat="55.144330" lon="25.686660"></trkpt>
      <trkpt lat="55.144040" lon="25.687630"></trkpt>
      <trkpt lat="55.143870" lon="25.687910"></trkpt>
      <trkpt lat="55.143660" lon="25.688070"></trkpt>
      <trkpt lat="55.144473" lon="25.688014"></trkpt>
      <trkpt lat="55.145286" lon="25.687959"></trkpt>
      <trkpt lat="55.146099" lon="25.687903"></trkpt>
      <trkpt lat="55.146911" lon="25.687847"></trkpt>
      <trkpt lat="55.147724" lon="25.687791"></trkpt>
      <trkpt lat="55.148537" lon="25.687736"></trkpt>
      <trkpt lat="55.149350" lon="25.687680"></trkpt>
      <trkpt lat="55.150212" lon="25.687716"></trkpt>
      <trkpt lat="55.151074" lon="25.687752"></trkpt>
      <trkpt lat="55.151936" lon="25.687788"></trkpt>
      <trkpt lat="55.152798" lon="25.687824"></trkpt>
      <trkpt lat="55.153660" lon="25.687860"></trkpt>
      <trkpt lat="55.154522" lon="25.687896"></trkpt>
      <trkpt lat="55.155384" lon="25.687932"></trkpt>
      <trkpt lat="55.156246" lon="25.687968"></trkpt>
      <trkpt lat="55.157108" lon="25.688004"></trkpt>
      <trkpt lat="55.157970" lon="25.688040"></trkpt>
      <trkpt lat="55.158208" lon="25.686532"></trkpt>
      <trkpt lat="55.158447" lon="25.685023"></trkpt>
      <trkpt lat="55.158685" lon="25.683515"></trkpt>
      <trkpt lat="55.158923" lon="25.682007"></trkpt>
      <trkpt lat="55.159162" lon="25.680498"></trkpt>
      <trkpt lat="55.159400" lon="25.678990"></trkpt>
      <trkpt lat="55.159870" lon="25.679510"></trkpt>
      <trkpt lat="55.160240" lon="25.679200"></trkpt>
      <trkpt lat="55.160620" lon="25.678540"></trkpt>
      <trkpt lat="55.160975" lon="25.677660"></trkpt>
      <trkpt lat="55.161330" lon="25.676780"></trkpt>
      <trkpt lat="55.162050" lon="25.676287"></trkpt>
      <trkpt lat="55.162770" lon="25.675793"></trkpt>
      <trkpt lat="55.163490" lon="25.675300"></trkpt>
      <trkpt lat="55.163890" lon="25.674480"></trkpt>
      <trkpt lat="55.164290" lon="25.673660"></trkpt>
      <trkpt lat="55.164690" lon="25.672840"></trkpt>
      <trkpt lat="55.165550" lon="25.672573"></trkpt>
      <trkpt lat="55.166410" lon="25.672307"></trkpt>
      <trkpt lat="55.167270" lon="25.672040"></trkpt>
      <trkpt lat="55.167160" lon="25.671430"></trkpt>
      <trkpt lat="55.167150" lon="25.671120"></trkpt>
      <trkpt lat="55.167170" lon="25.670500"></trkpt>
      <trkpt lat="55.167230" lon="25.670290"></trkpt>
      <trkpt lat="55.167310" lon="25.670150"></trkpt>
      <trkpt lat="55.167400" lon="25.670050"></trkpt>
      <trkpt lat="55.167500" lon="25.669990"></trkpt>
      <trkpt lat="55.167600" lon="25.669970"></trkpt>
      <trkpt lat="55.167700" lon="25.670010"></trkpt>
      <trkpt lat="55.167960" lon="25.670260"></trkpt>
      <trkpt lat="55.168200" lon="25.670360"></trkpt>
      <trkpt lat="55.168300" lon="25.670340"></trkpt>
      <trkpt lat="55.168390" lon="25.670250"></trkpt>
      <trkpt lat="55.168530" lon="25.669990"></trkpt>
      <trkpt lat="55.168710" lon="25.669550"></trkpt>
      <trkpt lat="55.168920" lon="25.669140"></trkpt>
      <trkpt lat="55.168890" lon="25.668410"></trkpt>
      <trkpt lat="55.168900" lon="25.666980"></trkpt>
      <trkpt lat="55.168930" lon="25.666390"></trkpt>
      <trkpt lat="55.169050" lon="25.665900"></trkpt>
      <trkpt lat="55.169060" lon="25.665700"></trkpt>
      <trkpt lat="55.168970" lon="25.665260"></trkpt>
      <trkpt lat="55.169020" lon="25.664630"></trkpt>
      <trkpt lat="55.168820" lon="25.663660"></trkpt>
      <trkpt lat="55.168450" lon="25.662620"></trkpt>
      <trkpt lat="55.168310" lon="25.662170"></trkpt>
      <trkpt lat="55.168200" lon="25.661540"></trkpt>
      <trkpt lat="55.168140" lon="25.661060"></trkpt>
      <trkpt lat="55.168160" lon="25.660550"></trkpt>
      <trkpt lat="55.168070" lon="25.659630"></trkpt>
      <trkpt lat="55.167930" lon="25.658570"></trkpt>
      <trkpt lat="55.167910" lon="25.657420"></trkpt>
      <trkpt lat="55.167855" lon="25.656200"></trkpt>
      <trkpt lat="55.167800" lon="25.654980"></trkpt>
      <trkpt lat="55.167690" lon="25.654250"></trkpt>
      <trkpt lat="55.167510" lon="25.653700"></trkpt>
      <trkpt lat="55.167320" lon="25.652820"></trkpt>
      <trkpt lat="55.167130" lon="25.651940"></trkpt>
      <trkpt lat="55.166690" lon="25.650890"></trkpt>
      <trkpt lat="55.166510" lon="25.650550"></trkpt>
      <trkpt lat="55.166310" lon="25.650290"></trkpt>
      <trkpt lat="55.166070" lon="25.649870"></trkpt>
      <trkpt lat="55.165410" lon="25.648980"></trkpt>
      <trkpt lat="55.164810" lon="25.648280"></trkpt>
      <trkpt lat="55.164510" lon="25.647850"></trkpt>
      <trkpt lat="55.164230" lon="25.647410"></trkpt>
      <trkpt lat="55.164140" lon="25.647140"></trkpt>
      <trkpt lat="55.164060" lon="25.646750"></trkpt>
      <trkpt lat="55.164010" lon="25.646330"></trkpt>
      <trkpt lat="55.163940" lon="25.645990"></trkpt>
      <trkpt lat="55.163780" lon="25.645550"></trkpt>
      <trkpt lat="55.163700" lon="25.645180"></trkpt>
      <trkpt lat="55.163710" lon="25.644830"></trkpt>
      <trkpt lat="55.163740" lon="25.644510"></trkpt>
      <trkpt lat="55.163840" lon="25.644110"></trkpt>
      <trkpt lat="55.163870" lon="25.643790"></trkpt>
      <trkpt lat="55.163650" lon="25.642440"></trkpt>
      <trkpt lat="55.163450" lon="25.641540"></trkpt>
      <trkpt lat="55.163320" lon="25.640990"></trkpt>
      <trkpt lat="55.163190" lon="25.640840"></trkpt>
      <trkpt lat="55.163070" lon="25.640740"></trkpt>
      <trkpt lat="55.162970" lon="25.640510"></trkpt>
      <trkpt lat="55.162850" lon="25.639990"></trkpt>
      <trkpt lat="55.162640" lon="25.639630"></trkpt>
      <trkpt lat="55.162570" lon="25.639360"></trkpt>
      <trkpt lat="55.162350" lon="25.638790"></trkpt>
      <trkpt lat="55.162350" lon="25.638450"></trkpt>
      <trkpt lat="55.162320" lon="25.638330"></trkpt>
      <trkpt lat="55.162270" lon="25.638270"></trkpt>
      <trkpt lat="55.162200" lon="25.638020"></trkpt>
      <trkpt lat="55.161940" lon="25.637320"></trkpt>
      <trkpt lat="55.161680" lon="25.636620"></trkpt>
      <trkpt lat="55.161490" lon="25.636220"></trkpt>
      <trkpt lat="55.161310" lon="25.635580"></trkpt>
      <trkpt lat="55.161100" lon="25.634180"></trkpt>
      <trkpt lat="55.161100" lon="25.633970"></trkpt>
      <trkpt lat="55.161150" lon="25.633420"></trkpt>
      <trkpt lat="55.161140" lon="25.633290"></trkpt>
      <trkpt lat="55.161090" lon="25.633160"></trkpt>
      <trkpt lat="55.160710" lon="25.632740"></trkpt>
      <trkpt lat="55.160590" lon="25.632550"></trkpt>
      <trkpt lat="55.160480" lon="25.632330"></trkpt>
      <trkpt lat="55.160350" lon="25.632010"></trkpt>
      <trkpt lat="55.160260" lon="25.631670"></trkpt>
      <trkpt lat="55.160150" lon="25.630810"></trkpt>
      <trkpt lat="55.160240" lon="25.630200"></trkpt>
      <trkpt lat="55.160070" lon="25.629080"></trkpt>
      <trkpt lat="55.160000" lon="25.628090"></trkpt>
      <trkpt lat="55.159960" lon="25.627800"></trkpt>
      <trkpt lat="55.159820" lon="25.627070"></trkpt>
      <trkpt lat="55.159760" lon="25.626500"></trkpt>
      <trkpt lat="55.159710" lon="25.626370"></trkpt>
      <trkpt lat="55.159410" lon="25.625990"></trkpt>
      <trkpt lat="55.159430" lon="25.626000"></trkpt>
      <trkpt lat="55.159985" lon="25.624840"></trkpt>
      <trkpt lat="55.160540" lon="25.623680"></trkpt>
      <trkpt lat="55.161095" lon="25.622520"></trkpt>
      <trkpt lat="55.161650" lon="25.621361"></trkpt>
      <trkpt lat="55.162205" lon="25.620201"></trkpt>
      <trkpt lat="55.162760" lon="25.619041"></trkpt>
      <trkpt lat="55.163315" lon="25.617881"></trkpt>
      <trkpt lat="55.163870" lon="25.616721"></trkpt>
      <trkpt lat="55.164425" lon="25.615560"></trkpt>
      <trkpt lat="55.164980" lon="25.614400"></trkpt>
      <trkpt lat="55.165535" lon="25.613240"></trkpt>
      <trkpt lat="55.166090" lon="25.612080"></trkpt>
      <trkpt lat="55.166602" lon="25.610847"></trkpt>
      <trkpt lat="55.167113" lon="25.609614"></trkpt>
      <trkpt lat="55.167625" lon="25.608380"></trkpt>
      <trkpt lat="55.168136" lon="25.607147"></trkpt>
      <trkpt lat="55.168648" lon="25.605914"></trkpt>
      <trkpt lat="55.169160" lon="25.604680"></trkpt>
      <trkpt lat="55.169671" lon="25.603447"></trkpt>
      <trkpt lat="55.170183" lon="25.602214"></trkpt>
      <trkpt lat="55.170694" lon="25.600980"></trkpt>
      <trkpt lat="55.171206" lon="25.599747"></trkpt>
      <trkpt lat="55.171717" lon="25.598513"></trkpt>
      <trkpt lat="55.172229" lon="25.597280"></trkpt>
      <trkpt lat="55.172740" lon="25.596046"></trkpt>
      <trkpt lat="55.173252" lon="25.594812"></trkpt>
      <trkpt lat="55.173763" lon="25.593579"></trkpt>
      <trkpt lat="55.174274" lon="25.592345"></trkpt>
      <trkpt lat="55.174786" lon="25.591111"></trkpt>
      <trkpt lat="55.175297" lon="25.589878"></trkpt>
      <trkpt lat="55.175809" lon="25.588644"></trkpt>
      <trkpt lat="55.176320" lon="25.587410"></trkpt>
      <trkpt lat="55.176310" lon="25.587410"></trkpt>
      <trkpt lat="55.176570" lon="25.587870"></trkpt>
      <trkpt lat="55.177010" lon="25.587390"></trkpt>
      <trkpt lat="55.177080" lon="25.587370"></trkpt>
      <trkpt lat="55.177750" lon="25.587435"></trkpt>
      <trkpt lat="55.178420" lon="25.587500"></trkpt>
      <trkpt lat="55.178830" lon="25.587630"></trkpt>
      <trkpt lat="55.178980" lon="25.587800"></trkpt>
      <trkpt lat="55.179050" lon="25.587940"></trkpt>
      <trkpt lat="55.179130" lon="25.588450"></trkpt>
      <trkpt lat="55.179190" lon="25.588640"></trkpt>
      <trkpt lat="55.179290" lon="25.588770"></trkpt>
      <trkpt lat="55.179400" lon="25.588810"></trkpt>
      <trkpt lat="55.179910" lon="25.588740"></trkpt>
      <trkpt lat="55.180460" lon="25.588610"></trkpt>
      <trkpt lat="55.181000" lon="25.588505"></trkpt>
      <trkpt lat="55.181540" lon="25.588400"></trkpt>
      <trkpt lat="55.181500" lon="25.587420"></trkpt>
      <trkpt lat="55.181460" lon="25.586440"></trkpt>
      <trkpt lat="55.181380" lon="25.585660"></trkpt>
      <trkpt lat="55.181235" lon="25.584565"></trkpt>
      <trkpt lat="55.181090" lon="25.583470"></trkpt>
      <trkpt lat="55.181020" lon="25.583280"></trkpt>
      <trkpt lat="55.180780" lon="25.583040"></trkpt>
      <trkpt lat="55.180720" lon="25.582880"></trkpt>
      <trkpt lat="55.180690" lon="25.582620"></trkpt>
      <trkpt lat="55.180720" lon="25.581940"></trkpt>
      <trkpt lat="55.180830" lon="25.581230"></trkpt>
      <trkpt lat="55.180830" lon="25.581100"></trkpt>
      <trkpt lat="55.180780" lon="25.580640"></trkpt>
      <trkpt lat="55.180780" lon="25.580400"></trkpt>
      <trkpt lat="55.180850" lon="25.580170"></trkpt>
      <trkpt lat="55.180990" lon="25.579890"></trkpt>
      <trkpt lat="55.181190" lon="25.579280"></trkpt>
      <trkpt lat="55.181970" lon="25.579260"></trkpt>
      <trkpt lat="55.182320" lon="25.579140"></trkpt>
      <trkpt lat="55.182450" lon="25.579160"></trkpt>
      <trkpt lat="55.182790" lon="25.579330"></trkpt>
      <trkpt lat="55.183180" lon="25.579340"></trkpt>
      <trkpt lat="55.183490" lon="25.579240"></trkpt>
      <trkpt lat="55.183650" lon="25.579280"></trkpt>
      <trkpt lat="55.183750" lon="25.579350"></trkpt>
      <trkpt lat="55.184500" lon="25.579440"></trkpt>
      <trkpt lat="55.184940" lon="25.579290"></trkpt>
      <trkpt lat="55.184960" lon="25.579270"></trkpt>
      <trkpt lat="55.184960" lon="25.579260"></trkpt>
      <trkpt lat="55.185120" lon="25.579130"></trkpt>
      <trkpt lat="55.185450" lon="25.578510"></trkpt>
      <trkpt lat="55.185780" lon="25.577890"></trkpt>
      <trkpt lat="55.186180" lon="25.577550"></trkpt>
      <trkpt lat="55.186620" lon="25.576760"></trkpt>
      <trkpt lat="55.187160" lon="25.576690"></trkpt>
      <trkpt lat="55.187810" lon="25.576320"></trkpt>
      <trkpt lat="55.188470" lon="25.575430"></trkpt>
      <trkpt lat="55.189245" lon="25.575050"></trkpt>
      <trkpt lat="55.190020" lon="25.574670"></trkpt>
      <trkpt lat="55.190683" lon="25.574390"></trkpt>
      <trkpt lat="55.191347" lon="25.574110"></trkpt>
      <trkpt lat="55.192010" lon="25.573830"></trkpt>
      <trkpt lat="55.192500" lon="25.573750"></trkpt>
      <trkpt lat="55.192900" lon="25.572840"></trkpt>
      <trkpt lat="55.193240" lon="25.572270"></trkpt>
      <trkpt lat="55.193400" lon="25.572440"></trkpt>
      <trkpt lat="55.193590" lon="25.572710"></trkpt>
      <trkpt lat="55.193670" lon="25.572870"></trkpt>
      <trkpt lat="55.193760" lon="25.573120"></trkpt>
      <trkpt lat="55.193770" lon="25.572740"></trkpt>
      <trkpt lat="55.193730" lon="25.571830"></trkpt>
      <trkpt lat="55.193700" lon="25.571500"></trkpt>
      <trkpt lat="55.193510" lon="25.570650"></trkpt>
      <trkpt lat="55.193540" lon="25.570450"></trkpt>
      <trkpt lat="55.193885" lon="25.569810"></trkpt>
      <trkpt lat="55.194230" lon="25.569170"></trkpt>
      <trkpt lat="55.194540" lon="25.568380"></trkpt>
      <trkpt lat="55.195160" lon="25.567500"></trkpt>
      <trkpt lat="55.195550" lon="25.566820"></trkpt>
      <trkpt lat="55.195990" lon="25.566180"></trkpt>
      <trkpt lat="55.196730" lon="25.565310"></trkpt>
      <trkpt lat="55.196930" lon="25.564910"></trkpt>
      <trkpt lat="55.197380" lon="25.563710"></trkpt>
      <trkpt lat="55.197775" lon="25.562443"></trkpt>
      <trkpt lat="55.198170" lon="25.561175"></trkpt>
      <trkpt lat="55.198565" lon="25.559908"></trkpt>
      <trkpt lat="55.198960" lon="25.558640"></trkpt>
      <trkpt lat="55.199450" lon="25.557790"></trkpt>
      <trkpt lat="55.199990" lon="25.556630"></trkpt>
      <trkpt lat="55.200300" lon="25.555860"></trkpt>
      <trkpt lat="55.200600" lon="25.555300"></trkpt>
      <trkpt lat="55.200940" lon="25.554520"></trkpt>
      <trkpt lat="55.201020" lon="25.554170"></trkpt>
      <trkpt lat="55.201060" lon="25.553640"></trkpt>
      <trkpt lat="55.201120" lon="25.553230"></trkpt>
      <trkpt lat="55.201490" lon="25.551850"></trkpt>
      <trkpt lat="55.201790" lon="25.550930"></trkpt>
      <trkpt lat="55.201870" lon="25.550630"></trkpt>
      <trkpt lat="55.201900" lon="25.550380"></trkpt>
      <trkpt lat="55.201890" lon="25.549630"></trkpt>
      <trkpt lat="55.201850" lon="25.548970"></trkpt>
      <trkpt lat="55.201840" lon="25.548260"></trkpt>
      <trkpt lat="55.201845" lon="25.547450"></trkpt>
      <trkpt lat="55.201850" lon="25.546640"></trkpt>
      <trkpt lat="55.201790" lon="25.546110"></trkpt>
      <trkpt lat="55.201600" lon="25.545500"></trkpt>
      <trkpt lat="55.201400" lon="25.544990"></trkpt>
      <trkpt lat="55.201340" lon="25.544760"></trkpt>
      <trkpt lat="55.201290" lon="25.543455"></trkpt>
      <trkpt lat="55.201240" lon="25.542150"></trkpt>
      <trkpt lat="55.201170" lon="25.541410"></trkpt>
      <trkpt lat="55.201180" lon="25.540240"></trkpt>
      <trkpt lat="55.201210" lon="25.539970"></trkpt>
      <trkpt lat="55.201210" lon="25.539190"></trkpt>
      <trkpt lat="55.201160" lon="25.538690"></trkpt>
      <trkpt lat="55.201220" lon="25.537980"></trkpt>
      <trkpt lat="55.201190" lon="25.537600"></trkpt>
      <trkpt lat="55.200930" lon="25.536450"></trkpt>
      <trkpt lat="55.200670" lon="25.535300"></trkpt>
      <trkpt lat="55.200410" lon="25.534150"></trkpt>
      <trkpt lat="55.200340" lon="25.533950"></trkpt>
      <trkpt lat="55.200260" lon="25.533830"></trkpt>
      <trkpt lat="55.200160" lon="25.533730"></trkpt>
      <trkpt lat="55.200020" lon="25.533690"></trkpt>
      <trkpt lat="55.200100" lon="25.533430"></trkpt>
      <trkpt lat="55.200480" lon="25.532770"></trkpt>
      <trkpt lat="55.200630" lon="25.532670"></trkpt>
      <trkpt lat="55.201290" lon="25.532290"></trkpt>
      <trkpt lat="55.201530" lon="25.532190"></trkpt>
      <trkpt lat="55.201870" lon="25.531990"></trkpt>
      <trkpt lat="55.202320" lon="25.531680"></trkpt>
      <trkpt lat="55.202550" lon="25.531490"></trkpt>
      <trkpt lat="55.202800" lon="25.531360"></trkpt>
      <trkpt lat="55.203360" lon="25.530970"></trkpt>
      <trkpt lat="55.203690" lon="25.530700"></trkpt>
      <trkpt lat="55.204300" lon="25.530350"></trkpt>
      <trkpt lat="55.204580" lon="25.530070"></trkpt>
      <trkpt lat="55.204960" lon="25.529410"></trkpt>
      <trkpt lat="55.205200" lon="25.528930"></trkpt>
      <trkpt lat="55.205720" lon="25.527930"></trkpt>
      <trkpt lat="55.206140" lon="25.527210"></trkpt>
      <trkpt lat="55.206290" lon="25.526900"></trkpt>
      <trkpt lat="55.206530" lon="25.526350"></trkpt>
      <trkpt lat="55.206650" lon="25.526200"></trkpt>
      <trkpt lat="55.206870" lon="25.525970"></trkpt>
      <trkpt lat="55.207010" lon="25.525890"></trkpt>
      <trkpt lat="55.207160" lon="25.525860"></trkpt>
      <trkpt lat="55.207260" lon="25.525890"></trkpt>
      <trkpt lat="55.207350" lon="25.525950"></trkpt>
      <trkpt lat="55.207630" lon="25.526240"></trkpt>
      <trkpt lat="55.207800" lon="25.526360"></trkpt>
      <trkpt lat="55.208140" lon="25.526670"></trkpt>
      <trkpt lat="55.208820" lon="25.527110"></trkpt>
      <trkpt lat="55.209130" lon="25.527420"></trkpt>
      <trkpt lat="55.209565" lon="25.527780"></trkpt>
      <trkpt lat="55.210000" lon="25.528140"></trkpt>
      <trkpt lat="55.210445" lon="25.528570"></trkpt>
      <trkpt lat="55.210890" lon="25.529000"></trkpt>
      <trkpt lat="55.211640" lon="25.529660"></trkpt>
      <trkpt lat="55.212175" lon="25.530155"></trkpt>
      <trkpt lat="55.212710" lon="25.530650"></trkpt>
      <trkpt lat="55.212940" lon="25.530900"></trkpt>
      <trkpt lat="55.213290" lon="25.531390"></trkpt>
      <trkpt lat="55.213490" lon="25.531720"></trkpt>
      <trkpt lat="55.213690" lon="25.532220"></trkpt>
      <trkpt lat="55.213850" lon="25.532660"></trkpt>
      <trkpt lat="55.214070" lon="25.533060"></trkpt>
      <trkpt lat="55.214605" lon="25.533885"></trkpt>
      <trkpt lat="55.215140" lon="25.534710"></trkpt>
      <trkpt lat="55.215480" lon="25.535380"></trkpt>
      <trkpt lat="55.215960" lon="25.536418"></trkpt>
      <trkpt lat="55.216440" lon="25.537457"></trkpt>
      <trkpt lat="55.216920" lon="25.538495"></trkpt>
      <trkpt lat="55.217400" lon="25.539533"></trkpt>
      <trkpt lat="55.217880" lon="25.540572"></trkpt>
      <trkpt lat="55.218360" lon="25.541610"></trkpt>
      <trkpt lat="55.218615" lon="25.542335"></trkpt>
      <trkpt lat="55.218870" lon="25.543060"></trkpt>
      <trkpt lat="55.219220" lon="25.544130"></trkpt>
      <trkpt lat="55.219390" lon="25.544810"></trkpt>
      <trkpt lat="55.219570" lon="25.545800"></trkpt>
      <trkpt lat="55.219790" lon="25.546525"></trkpt>
      <trkpt lat="55.220010" lon="25.547250"></trkpt>
      <trkpt lat="55.220345" lon="25.548420"></trkpt>
      <trkpt lat="55.220680" lon="25.549590"></trkpt>
      <trkpt lat="55.220750" lon="25.550050"></trkpt>
      <trkpt lat="55.220790" lon="25.550740"></trkpt>
      <trkpt lat="55.220760" lon="25.551775"></trkpt>
      <trkpt lat="55.220730" lon="25.552810"></trkpt>
      <trkpt lat="55.220750" lon="25.553070"></trkpt>
      <trkpt lat="55.220900" lon="25.553430"></trkpt>
      <trkpt lat="55.221040" lon="25.553450"></trkpt>
      <trkpt lat="55.221170" lon="25.553500"></trkpt>
      <trkpt lat="55.221380" lon="25.553690"></trkpt>
      <trkpt lat="55.221795" lon="25.554170"></trkpt>
      <trkpt lat="55.222210" lon="25.554650"></trkpt>
      <trkpt lat="55.222410" lon="25.554820"></trkpt>
      <trkpt lat="55.222580" lon="25.554900"></trkpt>
      <trkpt lat="55.223110" lon="25.554970"></trkpt>
      <trkpt lat="55.223790" lon="25.555180"></trkpt>
      <trkpt lat="55.223950" lon="25.555370"></trkpt>
      <trkpt lat="55.224050" lon="25.555520"></trkpt>
      <trkpt lat="55.224330" lon="25.556060"></trkpt>
      <trkpt lat="55.224600" lon="25.556260"></trkpt>
      <trkpt lat="55.224990" lon="25.556610"></trkpt>
      <trkpt lat="55.225300" lon="25.557190"></trkpt>
      <trkpt lat="55.225520" lon="25.557840"></trkpt>
      <trkpt lat="55.225825" lon="25.558650"></trkpt>
      <trkpt lat="55.226130" lon="25.559460"></trkpt>
      <trkpt lat="55.226360" lon="25.559880"></trkpt>
      <trkpt lat="55.226750" lon="25.560260"></trkpt>
      <trkpt lat="55.227370" lon="25.560570"></trkpt>
      <trkpt lat="55.227880" lon="25.560780"></trkpt>
      <trkpt lat="55.228440" lon="25.560820"></trkpt>
      <trkpt lat="55.228610" lon="25.560870"></trkpt>
      <trkpt lat="55.228890" lon="25.561000"></trkpt>
      <trkpt lat="55.229250" lon="25.561010"></trkpt>
      <trkpt lat="55.229860" lon="25.561490"></trkpt>
      <trkpt lat="55.230520" lon="25.561990"></trkpt>
      <trkpt lat="55.231180" lon="25.562490"></trkpt>
      <trkpt lat="55.231650" lon="25.562880"></trkpt>
      <trkpt lat="55.232040" lon="25.563250"></trkpt>
      <trkpt lat="55.232350" lon="25.563520"></trkpt>
      <trkpt lat="55.232530" lon="25.562375"></trkpt>
      <trkpt lat="55.232710" lon="25.561230"></trkpt>
      <trkpt lat="55.232790" lon="25.560920"></trkpt>
      <trkpt lat="55.232920" lon="25.560550"></trkpt>
      <trkpt lat="55.233010" lon="25.560360"></trkpt>
      <trkpt lat="55.233570" lon="25.559370"></trkpt>
      <trkpt lat="55.234165" lon="25.558255"></trkpt>
      <trkpt lat="55.234760" lon="25.557140"></trkpt>
      <trkpt lat="55.235120" lon="25.556435"></trkpt>
      <trkpt lat="55.235480" lon="25.555730"></trkpt>
      <trkpt lat="55.235630" lon="25.555420"></trkpt>
      <trkpt lat="55.235970" lon="25.554630"></trkpt>
      <trkpt lat="55.236170" lon="25.553960"></trkpt>
      <trkpt lat="55.236260" lon="25.553420"></trkpt>
      <trkpt lat="55.236470" lon="25.551920"></trkpt>
      <trkpt lat="55.236680" lon="25.550420"></trkpt>
      <trkpt lat="55.236805" lon="25.549050"></trkpt>
      <trkpt lat="55.236930" lon="25.547680"></trkpt>
      <trkpt lat="55.237440" lon="25.547560"></trkpt>
      <trkpt lat="55.237950" lon="25.547440"></trkpt>
      <trkpt lat="55.238400" lon="25.547325"></trkpt>
      <trkpt lat="55.238850" lon="25.547210"></trkpt>
      <trkpt lat="55.239450" lon="25.547210"></trkpt>
      <trkpt lat="55.239900" lon="25.547165"></trkpt>
      <trkpt lat="55.240350" lon="25.547120"></trkpt>
      <trkpt lat="55.241085" lon="25.546935"></trkpt>
      <trkpt lat="55.241820" lon="25.546750"></trkpt>
      <trkpt lat="55.242500" lon="25.546640"></trkpt>
      <trkpt lat="55.243180" lon="25.546570"></trkpt>
      <trkpt lat="55.244002" lon="25.546628"></trkpt>
      <trkpt lat="55.244824" lon="25.546686"></trkpt>
      <trkpt lat="55.245646" lon="25.546744"></trkpt>
      <trkpt lat="55.246468" lon="25.546802"></trkpt>
      <trkpt lat="55.247290" lon="25.546860"></trkpt>
      <trkpt lat="55.248030" lon="25.546925"></trkpt>
      <trkpt lat="55.248770" lon="25.546990"></trkpt>
      <trkpt lat="55.249520" lon="25.547030"></trkpt>
      <trkpt lat="55.250030" lon="25.547165"></trkpt>
      <trkpt lat="55.250540" lon="25.547300"></trkpt>
      <trkpt lat="55.251100" lon="25.547500"></trkpt>
      <trkpt lat="55.251660" lon="25.547700"></trkpt>
      <trkpt lat="55.252250" lon="25.547880"></trkpt>
      <trkpt lat="55.252550" lon="25.547940"></trkpt>
      <trkpt lat="55.252850" lon="25.547960"></trkpt>
      <trkpt lat="55.253120" lon="25.547940"></trkpt>
      <trkpt lat="55.253320" lon="25.547890"></trkpt>
      <trkpt lat="55.253520" lon="25.547790"></trkpt>
      <trkpt lat="55.254120" lon="25.547370"></trkpt>
      <trkpt lat="55.254240" lon="25.547320"></trkpt>
      <trkpt lat="55.254350" lon="25.547300"></trkpt>
      <trkpt lat="55.254450" lon="25.547310"></trkpt>
      <trkpt lat="55.254690" lon="25.547400"></trkpt>
      <trkpt lat="55.255500" lon="25.547800"></trkpt>
      <trkpt lat="55.255610" lon="25.548380"></trkpt>
      <trkpt lat="55.255660" lon="25.548770"></trkpt>
      <trkpt lat="55.255745" lon="25.550085"></trkpt>
      <trkpt lat="55.255830" lon="25.551400"></trkpt>
      <trkpt lat="55.255830" lon="25.551410"></trkpt>
      <trkpt lat="55.255890" lon="25.551970"></trkpt>
      <trkpt lat="55.256120" lon="25.553000"></trkpt>
      <trkpt lat="55.256350" lon="25.554030"></trkpt>
      <trkpt lat="55.256580" lon="25.555060"></trkpt>
      <trkpt lat="55.256600" lon="25.555440"></trkpt>
      <trkpt lat="55.256550" lon="25.555720"></trkpt>
      <trkpt lat="55.256460" lon="25.556040"></trkpt>
      <trkpt lat="55.256040" lon="25.557250"></trkpt>
      <trkpt lat="55.256000" lon="25.557870"></trkpt>
      <trkpt lat="55.256057" lon="25.559337"></trkpt>
      <trkpt lat="55.256113" lon="25.560803"></trkpt>
      <trkpt lat="55.256170" lon="25.562270"></trkpt>
      <trkpt lat="55.256250" lon="25.563150"></trkpt>
      <trkpt lat="55.256350" lon="25.563850"></trkpt>
      <trkpt lat="55.256740" lon="25.565220"></trkpt>
      <trkpt lat="55.257130" lon="25.566590"></trkpt>
      <trkpt lat="55.257510" lon="25.567470"></trkpt>
      <trkpt lat="55.257610" lon="25.567920"></trkpt>
      <trkpt lat="55.257680" lon="25.568380"></trkpt>
      <trkpt lat="55.257830" lon="25.568670"></trkpt>
      <trkpt lat="55.258000" lon="25.568850"></trkpt>
      <trkpt lat="55.258420" lon="25.568990"></trkpt>
      <trkpt lat="55.259050" lon="25.569060"></trkpt>
      <trkpt lat="55.259700" lon="25.569280"></trkpt>
      <trkpt lat="55.260190" lon="25.569480"></trkpt>
      <trkpt lat="55.260780" lon="25.569800"></trkpt>
      <trkpt lat="55.261340" lon="25.570010"></trkpt>
      <trkpt lat="55.261720" lon="25.570020"></trkpt>
      <trkpt lat="55.262320" lon="25.569960"></trkpt>
      <trkpt lat="55.263190" lon="25.570020"></trkpt>
      <trkpt lat="55.263430" lon="25.569990"></trkpt>
      <trkpt lat="55.263640" lon="25.569910"></trkpt>
      <trkpt lat="55.264330" lon="25.569635"></trkpt>
      <trkpt lat="55.265020" lon="25.569360"></trkpt>
      <trkpt lat="55.265170" lon="25.569210"></trkpt>
      <trkpt lat="55.265270" lon="25.569420"></trkpt>
      <trkpt lat="55.265460" lon="25.569730"></trkpt>
      <trkpt lat="55.266050" lon="25.570510"></trkpt>
      <trkpt lat="55.266640" lon="25.571290"></trkpt>
      <trkpt lat="55.267230" lon="25.572070"></trkpt>
      <trkpt lat="55.267860" lon="25.572880"></trkpt>
      <trkpt lat="55.268490" lon="25.573690"></trkpt>
      <trkpt lat="55.268750" lon="25.574050"></trkpt>
      <trkpt lat="55.268880" lon="25.574260"></trkpt>
      <trkpt lat="55.269150" lon="25.574820"></trkpt>
      <trkpt lat="55.269230" lon="25.575070"></trkpt>
      <trkpt lat="55.269290" lon="25.575340"></trkpt>
      <trkpt lat="55.269420" lon="25.576240"></trkpt>
      <trkpt lat="55.269490" lon="25.576440"></trkpt>
      <trkpt lat="55.269560" lon="25.576570"></trkpt>
      <trkpt lat="55.269650" lon="25.576680"></trkpt>
      <trkpt lat="55.269750" lon="25.576750"></trkpt>
      <trkpt lat="55.269860" lon="25.576790"></trkpt>
      <trkpt lat="55.269980" lon="25.576810"></trkpt>
      <trkpt lat="55.270745" lon="25.576760"></trkpt>
      <trkpt lat="55.271510" lon="25.576710"></trkpt>
      <trkpt lat="55.271690" lon="25.576710"></trkpt>
      <trkpt lat="55.272000" lon="25.576780"></trkpt>
      <trkpt lat="55.272140" lon="25.576830"></trkpt>
      <trkpt lat="55.272440" lon="25.577040"></trkpt>
      <trkpt lat="55.272620" lon="25.577210"></trkpt>
      <trkpt lat="55.273240" lon="25.577890"></trkpt>
      <trkpt lat="55.273450" lon="25.578090"></trkpt>
      <trkpt lat="55.273965" lon="25.578520"></trkpt>
      <trkpt lat="55.274480" lon="25.578950"></trkpt>
      <trkpt lat="55.274960" lon="25.579430"></trkpt>
      <trkpt lat="55.275330" lon="25.579900"></trkpt>
      <trkpt lat="55.275685" lon="25.580545"></trkpt>
      <trkpt lat="55.276040" lon="25.581190"></trkpt>
      <trkpt lat="55.276270" lon="25.581480"></trkpt>
      <trkpt lat="55.276720" lon="25.581930"></trkpt>
      <trkpt lat="55.276880" lon="25.582220"></trkpt>
      <trkpt lat="55.277030" lon="25.582630"></trkpt>
      <trkpt lat="55.277310" lon="25.583580"></trkpt>
      <trkpt lat="55.277450" lon="25.583940"></trkpt>
      <trkpt lat="55.277610" lon="25.584290"></trkpt>
      <trkpt lat="55.277750" lon="25.584550"></trkpt>
      <trkpt lat="55.277900" lon="25.584790"></trkpt>
      <trkpt lat="55.278150" lon="25.585130"></trkpt>
      <trkpt lat="55.278645" lon="25.585710"></trkpt>
      <trkpt lat="55.279140" lon="25.586290"></trkpt>
      <trkpt lat="55.279310" lon="25.586470"></trkpt>
      <trkpt lat="55.279520" lon="25.586630"></trkpt>
      <trkpt lat="55.279710" lon="25.586740"></trkpt>
      <trkpt lat="55.279910" lon="25.586820"></trkpt>
      <trkpt lat="55.280160" lon="25.586860"></trkpt>
      <trkpt lat="55.280645" lon="25.586875"></trkpt>
      <trkpt lat="55.281130" lon="25.586890"></trkpt>
      <trkpt lat="55.281490" lon="25.586980"></trkpt>
      <trkpt lat="55.281660" lon="25.587060"></trkpt>
      <trkpt lat="55.282110" lon="25.587370"></trkpt>
      <trkpt lat="55.282620" lon="25.587770"></trkpt>
      <trkpt lat="55.282730" lon="25.587900"></trkpt>
      <trkpt lat="55.282920" lon="25.588180"></trkpt>
      <trkpt lat="55.283060" lon="25.588490"></trkpt>
      <trkpt lat="55.283290" lon="25.589130"></trkpt>
      <trkpt lat="55.283530" lon="25.589540"></trkpt>
      <trkpt lat="55.284150" lon="25.590260"></trkpt>
      <trkpt lat="55.284260" lon="25.590420"></trkpt>
      <trkpt lat="55.284460" lon="25.590790"></trkpt>
      <trkpt lat="55.284510" lon="25.590710"></trkpt>
      <trkpt lat="55.284660" lon="25.590630"></trkpt>
      <trkpt lat="55.285220" lon="25.590750"></trkpt>
      <trkpt lat="55.285420" lon="25.590830"></trkpt>
      <trkpt lat="55.286200" lon="25.591310"></trkpt>
      <trkpt lat="55.286330" lon="25.591420"></trkpt>
      <trkpt lat="55.286850" lon="25.592040"></trkpt>
      <trkpt lat="55.287120" lon="25.592250"></trkpt>
      <trkpt lat="55.287780" lon="25.592860"></trkpt>
      <trkpt lat="55.288080" lon="25.593010"></trkpt>
      <trkpt lat="55.288520" lon="25.593140"></trkpt>
      <trkpt lat="55.289167" lon="25.593450"></trkpt>
      <trkpt lat="55.289813" lon="25.593760"></trkpt>
      <trkpt lat="55.290460" lon="25.594070"></trkpt>
      <trkpt lat="55.290740" lon="25.594060"></trkpt>
      <trkpt lat="55.291170" lon="25.593790"></trkpt>
      <trkpt lat="55.291460" lon="25.593810"></trkpt>
      <trkpt lat="55.291890" lon="25.594160"></trkpt>
      <trkpt lat="55.292580" lon="25.594940"></trkpt>
      <trkpt lat="55.293090" lon="25.595705"></trkpt>
      <trkpt lat="55.293600" lon="25.596470"></trkpt>
      <trkpt lat="55.293915" lon="25.597350"></trkpt>
      <trkpt lat="55.294230" lon="25.598230"></trkpt>
      <trkpt lat="55.294270" lon="25.598430"></trkpt>
      <trkpt lat="55.294350" lon="25.599220"></trkpt>
      <trkpt lat="55.294650" lon="25.599820"></trkpt>
      <trkpt lat="55.295050" lon="25.600200"></trkpt>
      <trkpt lat="55.295580" lon="25.600550"></trkpt>
      <trkpt lat="55.296110" lon="25.600900"></trkpt>
      <trkpt lat="55.296793" lon="25.600877"></trkpt>
      <trkpt lat="55.297477" lon="25.600853"></trkpt>
      <trkpt lat="55.298160" lon="25.600830"></trkpt>
      <trkpt lat="55.298830" lon="25.600570"></trkpt>
      <trkpt lat="55.299200" lon="25.600200"></trkpt>
      <trkpt lat="55.299740" lon="25.599340"></trkpt>
      <trkpt lat="55.300280" lon="25.598480"></trkpt>
      <trkpt lat="55.300440" lon="25.598210"></trkpt>
      <trkpt lat="55.300780" lon="25.597740"></trkpt>
      <trkpt lat="55.300440" lon="25.598210"></trkpt>
      <trkpt lat="55.300280" lon="25.598480"></trkpt>
      <trkpt lat="55.299740" lon="25.599340"></trkpt>
      <trkpt lat="55.299200" lon="25.600200"></trkpt>
      <trkpt lat="55.298830" lon="25.600570"></trkpt>
      <trkpt lat="55.298160" lon="25.600830"></trkpt>
      <trkpt lat="55.297477" lon="25.600853"></trkpt>
      <trkpt lat="55.296793" lon="25.600877"></trkpt>
      <trkpt lat="55.296110" lon="25.600900"></trkpt>
      <trkpt lat="55.295720" lon="25.600650"></trkpt>
      <trkpt lat="55.295998" lon="25.602028"></trkpt>
      <trkpt lat="55.296276" lon="25.603406"></trkpt>
      <trkpt lat="55.296554" lon="25.604784"></trkpt>
      <trkpt lat="55.296832" lon="25.606162"></trkpt>
      <trkpt lat="55.297110" lon="25.607540"></trkpt>
      <trkpt lat="55.297387" lon="25.609000"></trkpt>
      <trkpt lat="55.297663" lon="25.610460"></trkpt>
      <trkpt lat="55.297940" lon="25.611920"></trkpt>
      <trkpt lat="55.298038" lon="25.613147"></trkpt>
      <trkpt lat="55.298135" lon="25.614375"></trkpt>
      <trkpt lat="55.298233" lon="25.615602"></trkpt>
      <trkpt lat="55.298330" lon="25.616830"></trkpt>
      <trkpt lat="55.298340" lon="25.618183"></trkpt>
      <trkpt lat="55.298350" lon="25.619537"></trkpt>
      <trkpt lat="55.298360" lon="25.620890"></trkpt>
      <trkpt lat="55.298190" lon="25.621920"></trkpt>
      <trkpt lat="55.298180" lon="25.622770"></trkpt>
      <trkpt lat="55.298210" lon="25.623950"></trkpt>
      <trkpt lat="55.298140" lon="25.624920"></trkpt>
      <trkpt lat="55.297895" lon="25.625900"></trkpt>
      <trkpt lat="55.297650" lon="25.626880"></trkpt>
      <trkpt lat="55.297570" lon="25.627680"></trkpt>
      <trkpt lat="55.297490" lon="25.628480"></trkpt>
      <trkpt lat="55.297200" lon="25.629530"></trkpt>
      <trkpt lat="55.296860" lon="25.630425"></trkpt>
      <trkpt lat="55.296520" lon="25.631320"></trkpt>
      <trkpt lat="55.296350" lon="25.632610"></trkpt>
      <trkpt lat="55.296360" lon="25.634130"></trkpt>
      <trkpt lat="55.296140" lon="25.635600"></trkpt>
      <trkpt lat="55.295780" lon="25.637040"></trkpt>
      <trkpt lat="55.295350" lon="25.638260"></trkpt>
      <trkpt lat="55.295030" lon="25.638950"></trkpt>
      <trkpt lat="55.294770" lon="25.639420"></trkpt>
      <trkpt lat="55.295030" lon="25.640230"></trkpt>
      <trkpt lat="55.295407" lon="25.641323"></trkpt>
      <trkpt lat="55.295783" lon="25.642417"></trkpt>
      <trkpt lat="55.296160" lon="25.643510"></trkpt>
      <trkpt lat="55.296370" lon="25.644070"></trkpt>
      <trkpt lat="55.296560" lon="25.644410"></trkpt>
      <trkpt lat="55.297030" lon="25.644350"></trkpt>
      <trkpt lat="55.297170" lon="25.644360"></trkpt>
      <trkpt lat="55.297660" lon="25.644470"></trkpt>
      <trkpt lat="55.298170" lon="25.644670"></trkpt>
      <trkpt lat="55.298705" lon="25.644845"></trkpt>
      <trkpt lat="55.299240" lon="25.645020"></trkpt>
      <trkpt lat="55.299520" lon="25.645170"></trkpt>
      <trkpt lat="55.299975" lon="25.645460"></trkpt>
      <trkpt lat="55.300430" lon="25.645750"></trkpt>
      <trkpt lat="55.301260" lon="25.646040"></trkpt>
      <trkpt lat="55.302090" lon="25.646330"></trkpt>
      <trkpt lat="55.302260" lon="25.646330"></trkpt>
      <trkpt lat="55.302420" lon="25.646300"></trkpt>
      <trkpt lat="55.302610" lon="25.646170"></trkpt>
      <trkpt lat="55.302810" lon="25.645890"></trkpt>
      <trkpt lat="55.303030" lon="25.645450"></trkpt>
      <trkpt lat="55.303690" lon="25.644600"></trkpt>
      <trkpt lat="55.304210" lon="25.643790"></trkpt>
      <trkpt lat="55.304370" lon="25.643630"></trkpt>
      <trkpt lat="55.304540" lon="25.643540"></trkpt>
      <trkpt lat="55.305230" lon="25.643360"></trkpt>
      <trkpt lat="55.305705" lon="25.643370"></trkpt>
      <trkpt lat="55.306180" lon="25.643380"></trkpt>
      <trkpt lat="55.306910" lon="25.643490"></trkpt>
      <trkpt lat="55.307080" lon="25.643130"></trkpt>
      <trkpt lat="55.307140" lon="25.642840"></trkpt>
      <trkpt lat="55.307190" lon="25.642480"></trkpt>
      <trkpt lat="55.307300" lon="25.641230"></trkpt>
      <trkpt lat="55.307360" lon="25.640900"></trkpt>
      <trkpt lat="55.307760" lon="25.640070"></trkpt>
      <trkpt lat="55.307930" lon="25.639550"></trkpt>
      <trkpt lat="55.308090" lon="25.640320"></trkpt>
      <trkpt lat="55.308250" lon="25.641090"></trkpt>
      <trkpt lat="55.308430" lon="25.642080"></trkpt>
      <trkpt lat="55.308660" lon="25.642850"></trkpt>
      <trkpt lat="55.309057" lon="25.644260"></trkpt>
      <trkpt lat="55.309453" lon="25.645670"></trkpt>
      <trkpt lat="55.309850" lon="25.647080"></trkpt>
      <trkpt lat="55.309960" lon="25.647670"></trkpt>
      <trkpt lat="55.310030" lon="25.648330"></trkpt>
      <trkpt lat="55.310220" lon="25.649110"></trkpt>
      <trkpt lat="55.310260" lon="25.649540"></trkpt>
      <trkpt lat="55.310350" lon="25.651095"></trkpt>
      <trkpt lat="55.310440" lon="25.652650"></trkpt>
      <trkpt lat="55.310630" lon="25.653630"></trkpt>
      <trkpt lat="55.310970" lon="25.654600"></trkpt>
      <trkpt lat="55.311540" lon="25.655617"></trkpt>
      <trkpt lat="55.312110" lon="25.656633"></trkpt>
      <trkpt lat="55.312680" lon="25.657650"></trkpt>
      <trkpt lat="55.313310" lon="25.658240"></trkpt>
      <trkpt lat="55.313570" lon="25.658610"></trkpt>
      <trkpt lat="55.313790" lon="25.659100"></trkpt>
      <trkpt lat="55.314173" lon="25.660070"></trkpt>
      <trkpt lat="55.314557" lon="25.661040"></trkpt>
      <trkpt lat="55.314940" lon="25.662010"></trkpt>
      <trkpt lat="55.315110" lon="25.663155"></trkpt>
      <trkpt lat="55.315280" lon="25.664300"></trkpt>
      <trkpt lat="55.315420" lon="25.664610"></trkpt>
      <trkpt lat="55.315860" lon="25.665340"></trkpt>
      <trkpt lat="55.316020" lon="25.665450"></trkpt>
      <trkpt lat="55.316410" lon="25.665430"></trkpt>
      <trkpt lat="55.316520" lon="25.665340"></trkpt>
      <trkpt lat="55.317150" lon="25.664380"></trkpt>
      <trkpt lat="55.317260" lon="25.664270"></trkpt>
      <trkpt lat="55.317590" lon="25.664200"></trkpt>
      <trkpt lat="55.318460" lon="25.664180"></trkpt>
      <trkpt lat="55.318680" lon="25.664260"></trkpt>
      <trkpt lat="55.319160" lon="25.664600"></trkpt>
      <trkpt lat="55.319280" lon="25.664630"></trkpt>
      <trkpt lat="55.319370" lon="25.664620"></trkpt>
      <trkpt lat="55.319540" lon="25.664520"></trkpt>
      <trkpt lat="55.319640" lon="25.664420"></trkpt>
      <trkpt lat="55.319730" lon="25.664290"></trkpt>
      <trkpt lat="55.319990" lon="25.663710"></trkpt>
      <trkpt lat="55.320315" lon="25.662810"></trkpt>
      <trkpt lat="55.320640" lon="25.661910"></trkpt>
      <trkpt lat="55.320870" lon="25.661065"></trkpt>
      <trkpt lat="55.321100" lon="25.660220"></trkpt>
      <trkpt lat="55.321270" lon="25.659790"></trkpt>
      <trkpt lat="55.321350" lon="25.659660"></trkpt>
      <trkpt lat="55.321820" lon="25.659520"></trkpt>
      <trkpt lat="55.322400" lon="25.659480"></trkpt>
      <trkpt lat="55.322520" lon="25.659500"></trkpt>
      <trkpt lat="55.322910" lon="25.659690"></trkpt>
      <trkpt lat="55.323040" lon="25.659680"></trkpt>
      <trkpt lat="55.323430" lon="25.659300"></trkpt>
      <trkpt lat="55.323890" lon="25.658740"></trkpt>
      <trkpt lat="55.324030" lon="25.658640"></trkpt>
      <trkpt lat="55.324150" lon="25.658490"></trkpt>
      <trkpt lat="55.324240" lon="25.658480"></trkpt>
      <trkpt lat="55.324300" lon="25.658510"></trkpt>
      <trkpt lat="55.324340" lon="25.658560"></trkpt>
      <trkpt lat="55.324650" lon="25.659800"></trkpt>
      <trkpt lat="55.324960" lon="25.661040"></trkpt>
      <trkpt lat="55.325270" lon="25.662280"></trkpt>
      <trkpt lat="55.325400" lon="25.662580"></trkpt>
      <trkpt lat="55.325580" lon="25.662890"></trkpt>
      <trkpt lat="55.325780" lon="25.663190"></trkpt>
      <trkpt lat="55.325980" lon="25.663390"></trkpt>
      <trkpt lat="55.326180" lon="25.663560"></trkpt>
      <trkpt lat="55.327003" lon="25.664027"></trkpt>
      <trkpt lat="55.327827" lon="25.664493"></trkpt>
      <trkpt lat="55.328650" lon="25.664960"></trkpt>
      <trkpt lat="55.328940" lon="25.665280"></trkpt>
      <trkpt lat="55.329140" lon="25.665560"></trkpt>
      <trkpt lat="55.329370" lon="25.665750"></trkpt>
      <trkpt lat="55.329570" lon="25.665820"></trkpt>
      <trkpt lat="55.330356" lon="25.665814"></trkpt>
      <trkpt lat="55.331141" lon="25.665809"></trkpt>
      <trkpt lat="55.331927" lon="25.665803"></trkpt>
      <trkpt lat="55.332713" lon="25.665797"></trkpt>
      <trkpt lat="55.333499" lon="25.665791"></trkpt>
      <trkpt lat="55.334284" lon="25.665786"></trkpt>
      <trkpt lat="55.335070" lon="25.665780"></trkpt>
      <trkpt lat="55.335460" lon="25.665700"></trkpt>
      <trkpt lat="55.335630" lon="25.665590"></trkpt>
      <trkpt lat="55.336130" lon="25.665075"></trkpt>
      <trkpt lat="55.336630" lon="25.664560"></trkpt>
      <trkpt lat="55.337065" lon="25.664145"></trkpt>
      <trkpt lat="55.337500" lon="25.663730"></trkpt>
      <trkpt lat="55.337870" lon="25.663430"></trkpt>
      <trkpt lat="55.337920" lon="25.663630"></trkpt>
      <trkpt lat="55.338070" lon="25.664040"></trkpt>
      <trkpt lat="55.338180" lon="25.664570"></trkpt>
      <trkpt lat="55.338320" lon="25.665640"></trkpt>
      <trkpt lat="55.338410" lon="25.666040"></trkpt>
      <trkpt lat="55.338740" lon="25.667160"></trkpt>
      <trkpt lat="55.339100" lon="25.668030"></trkpt>
      <trkpt lat="55.339460" lon="25.668900"></trkpt>
      <trkpt lat="55.339600" lon="25.669310"></trkpt>
      <trkpt lat="55.339660" lon="25.669620"></trkpt>
      <trkpt lat="55.339640" lon="25.670090"></trkpt>
      <trkpt lat="55.339560" lon="25.670560"></trkpt>
      <trkpt lat="55.339520" lon="25.671580"></trkpt>
      <trkpt lat="55.339480" lon="25.672600"></trkpt>
      <trkpt lat="55.339410" lon="25.673360"></trkpt>
      <trkpt lat="55.339205" lon="25.674220"></trkpt>
      <trkpt lat="55.339000" lon="25.675080"></trkpt>
      <trkpt lat="55.338910" lon="25.675710"></trkpt>
      <trkpt lat="55.338950" lon="25.676990"></trkpt>
      <trkpt lat="55.338860" lon="25.678300"></trkpt>
      <trkpt lat="55.338920" lon="25.678880"></trkpt>
      <trkpt lat="55.339090" lon="25.679460"></trkpt>
      <trkpt lat="55.339550" lon="25.680230"></trkpt>
      <trkpt lat="55.339730" lon="25.680580"></trkpt>
      <trkpt lat="55.339840" lon="25.680990"></trkpt>
      <trkpt lat="55.339910" lon="25.681550"></trkpt>
      <trkpt lat="55.339890" lon="25.682360"></trkpt>
      <trkpt lat="55.339760" lon="25.683070"></trkpt>
      <trkpt lat="55.339500" lon="25.683930"></trkpt>
      <trkpt lat="55.339420" lon="25.684720"></trkpt>
      <trkpt lat="55.339395" lon="25.685845"></trkpt>
      <trkpt lat="55.339370" lon="25.686970"></trkpt>
      <trkpt lat="55.339240" lon="25.688050"></trkpt>
      <trkpt lat="55.339240" lon="25.688310"></trkpt>
      <trkpt lat="55.339350" lon="25.689577"></trkpt>
      <trkpt lat="55.339460" lon="25.690845"></trkpt>
      <trkpt lat="55.339570" lon="25.692112"></trkpt>
      <trkpt lat="55.339680" lon="25.693380"></trkpt>
      <trkpt lat="55.339685" lon="25.694230"></trkpt>
      <trkpt lat="55.339690" lon="25.695080"></trkpt>
      <trkpt lat="55.339660" lon="25.695290"></trkpt>
      <trkpt lat="55.339590" lon="25.695530"></trkpt>
      <trkpt lat="55.339160" lon="25.696500"></trkpt>
      <trkpt lat="55.338765" lon="25.697135"></trkpt>
      <trkpt lat="55.338370" lon="25.697770"></trkpt>
      <trkpt lat="55.338190" lon="25.698090"></trkpt>
      <trkpt lat="55.338080" lon="25.698420"></trkpt>
      <trkpt lat="55.337990" lon="25.699120"></trkpt>
      <trkpt lat="55.337970" lon="25.699460"></trkpt>
      <trkpt lat="55.338000" lon="25.699780"></trkpt>
      <trkpt lat="55.338200" lon="25.700670"></trkpt>
      <trkpt lat="55.338360" lon="25.700940"></trkpt>
      <trkpt lat="55.338490" lon="25.701030"></trkpt>
      <trkpt lat="55.338960" lon="25.701025"></trkpt>
      <trkpt lat="55.339430" lon="25.701020"></trkpt>
      <trkpt lat="55.340010" lon="25.701140"></trkpt>
      <trkpt lat="55.340590" lon="25.701260"></trkpt>
      <trkpt lat="55.340740" lon="25.701380"></trkpt>
      <trkpt lat="55.340890" lon="25.701690"></trkpt>
      <trkpt lat="55.341350" lon="25.702800"></trkpt>
      <trkpt lat="55.341460" lon="25.703500"></trkpt>
      <trkpt lat="55.341540" lon="25.704620"></trkpt>
    </trkseg>
  </trk>
</gpx>
