<?xml version="1.0" encoding="UTF-8"?>
<gpx version="1.1" creator="PointService" xmlns="http://www.topografix.com/GPX/1/1">
  <trk>
    <name>Circle Route</name>
    <trkseg>
      <trkpt lat="55.350230" lon="25.814480"></trkpt>
      <trkpt lat="55.350060" lon="25.814990"></trkpt>
      <trkpt lat="55.350020" lon="25.815170"></trkpt>
      <trkpt lat="55.349870" lon="25.816320"></trkpt>
      <trkpt lat="55.349790" lon="25.816790"></trkpt>
      <trkpt lat="55.349720" lon="25.817060"></trkpt>
      <trkpt lat="55.349460" lon="25.817755"></trkpt>
      <trkpt lat="55.349200" lon="25.818450"></trkpt>
      <trkpt lat="55.349160" lon="25.818620"></trkpt>
      <trkpt lat="55.349140" lon="25.818800"></trkpt>
      <trkpt lat="55.349150" lon="25.818970"></trkpt>
      <trkpt lat="55.349210" lon="25.819160"></trkpt>
      <trkpt lat="55.349635" lon="25.819940"></trkpt>
      <trkpt lat="55.350060" lon="25.820720"></trkpt>
      <trkpt lat="55.350120" lon="25.820870"></trkpt>
      <trkpt lat="55.350140" lon="25.821070"></trkpt>
      <trkpt lat="55.350140" lon="25.821280"></trkpt>
      <trkpt lat="55.349930" lon="25.822120"></trkpt>
      <trkpt lat="55.349705" lon="25.822885"></trkpt>
      <trkpt lat="55.349480" lon="25.823650"></trkpt>
      <trkpt lat="55.349140" lon="25.824590"></trkpt>
      <trkpt lat="55.349020" lon="25.824860"></trkpt>
      <trkpt lat="55.348810" lon="25.825240"></trkpt>
      <trkpt lat="55.348475" lon="25.825770"></trkpt>
      <trkpt lat="55.348140" lon="25.826300"></trkpt>
      <trkpt lat="55.348010" lon="25.826570"></trkpt>
      <trkpt lat="55.347900" lon="25.826890"></trkpt>
      <trkpt lat="55.347490" lon="25.828150"></trkpt>
      <trkpt lat="55.347080" lon="25.829410"></trkpt>
      <trkpt lat="55.346682" lon="25.830665"></trkpt>
      <trkpt lat="55.346285" lon="25.831919"></trkpt>
      <trkpt lat="55.345887" lon="25.833174"></trkpt>
      <trkpt lat="55.345489" lon="25.834428"></trkpt>
      <trkpt lat="55.345091" lon="25.835682"></trkpt>
      <trkpt lat="55.344693" lon="25.836937"></trkpt>
      <trkpt lat="55.344296" lon="25.838191"></trkpt>
      <trkpt lat="55.343898" lon="25.839446"></trkpt>
      <trkpt lat="55.343500" lon="25.840700"></trkpt>
      <trkpt lat="55.343340" lon="25.841010"></trkpt>
      <trkpt lat="55.343210" lon="25.841220"></trkpt>
      <trkpt lat="55.342950" lon="25.841800"></trkpt>
      <trkpt lat="55.342520" lon="25.842913"></trkpt>
      <trkpt lat="55.342090" lon="25.844027"></trkpt>
      <trkpt lat="55.341660" lon="25.845140"></trkpt>
      <trkpt lat="55.341410" lon="25.845870"></trkpt>
      <trkpt lat="55.341240" lon="25.846290"></trkpt>
      <trkpt lat="55.341150" lon="25.846430"></trkpt>
      <trkpt lat="55.340400" lon="25.847120"></trkpt>
      <trkpt lat="55.339915" lon="25.847605"></trkpt>
      <trkpt lat="55.339430" lon="25.848090"></trkpt>
      <trkpt lat="55.338830" lon="25.848620"></trkpt>
      <trkpt lat="55.338230" lon="25.849150"></trkpt>
      <trkpt lat="55.337630" lon="25.849680"></trkpt>
      <trkpt lat="55.337260" lon="25.849880"></trkpt>
      <trkpt lat="55.336770" lon="25.850030"></trkpt>
      <trkpt lat="55.336340" lon="25.850210"></trkpt>
      <trkpt lat="55.336130" lon="25.850270"></trkpt>
      <trkpt lat="55.335595" lon="25.850365"></trkpt>
      <trkpt lat="55.335060" lon="25.850460"></trkpt>
      <trkpt lat="55.334190" lon="25.850590"></trkpt>
      <trkpt lat="55.334040" lon="25.850590"></trkpt>
      <trkpt lat="55.333560" lon="25.850580"></trkpt>
      <trkpt lat="55.333370" lon="25.850520"></trkpt>
      <trkpt lat="55.333140" lon="25.850420"></trkpt>
      <trkpt lat="55.333010" lon="25.850340"></trkpt>
      <trkpt lat="55.332830" lon="25.850190"></trkpt>
      <trkpt lat="55.332440" lon="25.849770"></trkpt>
      <trkpt lat="55.332350" lon="25.849710"></trkpt>
      <trkpt lat="55.332200" lon="25.849690"></trkpt>
      <trkpt lat="55.331900" lon="25.849710"></trkpt>
      <trkpt lat="55.331660" lon="25.849710"></trkpt>
      <trkpt lat="55.331450" lon="25.849660"></trkpt>
      <trkpt lat="55.331360" lon="25.849590"></trkpt>
      <trkpt lat="55.331000" lon="25.849140"></trkpt>
      <trkpt lat="55.330830" lon="25.848960"></trkpt>
      <trkpt lat="55.330245" lon="25.848660"></trkpt>
      <trkpt lat="55.329660" lon="25.848360"></trkpt>
      <trkpt lat="55.329320" lon="25.848210"></trkpt>
      <trkpt lat="55.329070" lon="25.848050"></trkpt>
      <trkpt lat="55.328690" lon="25.847565"></trkpt>
      <trkpt lat="55.328310" lon="25.847080"></trkpt>
      <trkpt lat="55.328190" lon="25.846950"></trkpt>
      <trkpt lat="55.327920" lon="25.846770"></trkpt>
      <trkpt lat="55.327740" lon="25.846710"></trkpt>
      <trkpt lat="55.327160" lon="25.846620"></trkpt>
      <trkpt lat="55.327040" lon="25.846570"></trkpt>
      <trkpt lat="55.326800" lon="25.846370"></trkpt>
      <trkpt lat="55.326070" lon="25.845500"></trkpt>
      <trkpt lat="55.325950" lon="25.845420"></trkpt>
      <trkpt lat="55.325590" lon="25.845270"></trkpt>
      <trkpt lat="55.325075" lon="25.845135"></trkpt>
      <trkpt lat="55.324560" lon="25.845000"></trkpt>
      <trkpt lat="55.324360" lon="25.844830"></trkpt>
      <trkpt lat="55.324200" lon="25.845430"></trkpt>
      <trkpt lat="55.324030" lon="25.846340"></trkpt>
      <trkpt lat="55.323860" lon="25.847250"></trkpt>
      <trkpt lat="55.323810" lon="25.847600"></trkpt>
      <trkpt lat="55.323740" lon="25.848430"></trkpt>
      <trkpt lat="55.323633" lon="25.849865"></trkpt>
      <trkpt lat="55.323525" lon="25.851300"></trkpt>
      <trkpt lat="55.323418" lon="25.852735"></trkpt>
      <trkpt lat="55.323310" lon="25.854170"></trkpt>
      <trkpt lat="55.323220" lon="25.855632"></trkpt>
      <trkpt lat="55.323130" lon="25.857093"></trkpt>
      <trkpt lat="55.323040" lon="25.858555"></trkpt>
      <trkpt lat="55.322950" lon="25.860017"></trkpt>
      <trkpt lat="55.322860" lon="25.861478"></trkpt>
      <trkpt lat="55.322770" lon="25.862940"></trkpt>
      <trkpt lat="55.322760" lon="25.863470"></trkpt>
      <trkpt lat="55.322790" lon="25.864000"></trkpt>
      <trkpt lat="55.322908" lon="25.865405"></trkpt>
      <trkpt lat="55.323027" lon="25.866810"></trkpt>
      <trkpt lat="55.323145" lon="25.868215"></trkpt>
      <trkpt lat="55.323263" lon="25.869620"></trkpt>
      <trkpt lat="55.323382" lon="25.871025"></trkpt>
      <trkpt lat="55.323500" lon="25.872430"></trkpt>
      <trkpt lat="55.323570" lon="25.873630"></trkpt>
      <trkpt lat="55.323590" lon="25.875143"></trkpt>
      <trkpt lat="55.323610" lon="25.876657"></trkpt>
      <trkpt lat="55.323630" lon="25.878170"></trkpt>
      <trkpt lat="55.323498" lon="25.879550"></trkpt>
      <trkpt lat="55.323365" lon="25.880930"></trkpt>
      <trkpt lat="55.323233" lon="25.882310"></trkpt>
      <trkpt lat="55.323100" lon="25.883690"></trkpt>
      <trkpt lat="55.322890" lon="25.885054"></trkpt>
      <trkpt lat="55.322680" lon="25.886419"></trkpt>
      <trkpt lat="55.322470" lon="25.887783"></trkpt>
      <trkpt lat="55.322260" lon="25.889147"></trkpt>
      <trkpt lat="55.322050" lon="25.890512"></trkpt>
      <trkpt lat="55.321840" lon="25.891876"></trkpt>
      <trkpt lat="55.321630" lon="25.893240"></trkpt>
      <trkpt lat="55.321590" lon="25.893400"></trkpt>
      <trkpt lat="55.321510" lon="25.893590"></trkpt>
      <trkpt lat="55.321540" lon="25.893700"></trkpt>
      <trkpt lat="55.321540" lon="25.893840"></trkpt>
      <trkpt lat="55.321370" lon="25.895000"></trkpt>
      <trkpt lat="55.321161" lon="25.896396"></trkpt>
      <trkpt lat="55.320953" lon="25.897792"></trkpt>
      <trkpt lat="55.320744" lon="25.899187"></trkpt>
      <trkpt lat="55.320536" lon="25.900583"></trkpt>
      <trkpt lat="55.320327" lon="25.901979"></trkpt>
      <trkpt lat="55.320119" lon="25.903374"></trkpt>
      <trkpt lat="55.319910" lon="25.904770"></trkpt>
      <trkpt lat="55.319830" lon="25.905810"></trkpt>
      <trkpt lat="55.319750" lon="25.906850"></trkpt>
      <trkpt lat="55.319715" lon="25.908155"></trkpt>
      <trkpt lat="55.319680" lon="25.909460"></trkpt>
      <trkpt lat="55.319605" lon="25.910305"></trkpt>
      <trkpt lat="55.319530" lon="25.911150"></trkpt>
      <trkpt lat="55.319490" lon="25.912360"></trkpt>
      <trkpt lat="55.319270" lon="25.913410"></trkpt>
      <trkpt lat="55.319140" lon="25.914390"></trkpt>
      <trkpt lat="55.319045" lon="25.915300"></trkpt>
      <trkpt lat="55.318950" lon="25.916210"></trkpt>
      <trkpt lat="55.318950" lon="25.916710"></trkpt>
      <trkpt lat="55.318890" lon="25.916730"></trkpt>
      <trkpt lat="55.318720" lon="25.916930"></trkpt>
      <trkpt lat="55.318160" lon="25.917990"></trkpt>
      <trkpt lat="55.317740" lon="25.918650"></trkpt>
      <trkpt lat="55.317340" lon="25.918970"></trkpt>
      <trkpt lat="55.316620" lon="25.919250"></trkpt>
      <trkpt lat="55.316160" lon="25.919510"></trkpt>
      <trkpt lat="55.315760" lon="25.919850"></trkpt>
      <trkpt lat="55.315510" lon="25.919880"></trkpt>
      <trkpt lat="55.315180" lon="25.919640"></trkpt>
      <trkpt lat="55.314735" lon="25.919385"></trkpt>
      <trkpt lat="55.314290" lon="25.919130"></trkpt>
      <trkpt lat="55.313650" lon="25.918880"></trkpt>
      <trkpt lat="55.313130" lon="25.919010"></trkpt>
      <trkpt lat="55.312850" lon="25.919350"></trkpt>
      <trkpt lat="55.312550" lon="25.919840"></trkpt>
      <trkpt lat="55.312240" lon="25.920440"></trkpt>
      <trkpt lat="55.311860" lon="25.920840"></trkpt>
      <trkpt lat="55.311395" lon="25.921210"></trkpt>
      <trkpt lat="55.310930" lon="25.921580"></trkpt>
      <trkpt lat="55.310560" lon="25.921800"></trkpt>
      <trkpt lat="55.310190" lon="25.922110"></trkpt>
      <trkpt lat="55.309720" lon="25.922650"></trkpt>
      <trkpt lat="55.309410" lon="25.922970"></trkpt>
      <trkpt lat="55.309030" lon="25.923600"></trkpt>
      <trkpt lat="55.308780" lon="25.924530"></trkpt>
      <trkpt lat="55.308550" lon="25.925450"></trkpt>
      <trkpt lat="55.308320" lon="25.926370"></trkpt>
      <trkpt lat="55.308040" lon="25.927240"></trkpt>
      <trkpt lat="55.307760" lon="25.928240"></trkpt>
      <trkpt lat="55.307488" lon="25.929328"></trkpt>
      <trkpt lat="55.307215" lon="25.930415"></trkpt>
      <trkpt lat="55.306943" lon="25.931503"></trkpt>
      <trkpt lat="55.306670" lon="25.932590"></trkpt>
      <trkpt lat="55.306510" lon="25.933335"></trkpt>
      <trkpt lat="55.306350" lon="25.934080"></trkpt>
      <trkpt lat="55.306140" lon="25.934880"></trkpt>
      <trkpt lat="55.305860" lon="25.935780"></trkpt>
      <trkpt lat="55.305660" lon="25.936510"></trkpt>
      <trkpt lat="55.305600" lon="25.936610"></trkpt>
      <trkpt lat="55.305350" lon="25.937120"></trkpt>
      <trkpt lat="55.305120" lon="25.937260"></trkpt>
      <trkpt lat="55.304550" lon="25.937980"></trkpt>
      <trkpt lat="55.304145" lon="25.938440"></trkpt>
      <trkpt lat="55.303740" lon="25.938900"></trkpt>
      <trkpt lat="55.303160" lon="25.939960"></trkpt>
      <trkpt lat="55.302720" lon="25.940620"></trkpt>
      <trkpt lat="55.302310" lon="25.941500"></trkpt>
      <trkpt lat="55.301900" lon="25.942730"></trkpt>
      <trkpt lat="55.301750" lon="25.943040"></trkpt>
      <trkpt lat="55.301310" lon="25.943770"></trkpt>
      <trkpt lat="55.301050" lon="25.944730"></trkpt>
      <trkpt lat="55.300670" lon="25.945520"></trkpt>
      <trkpt lat="55.300330" lon="25.946000"></trkpt>
      <trkpt lat="55.299690" lon="25.947000"></trkpt>
      <trkpt lat="55.299180" lon="25.948070"></trkpt>
      <trkpt lat="55.298580" lon="25.949060"></trkpt>
      <trkpt lat="55.297940" lon="25.950050"></trkpt>
      <trkpt lat="55.297550" lon="25.950495"></trkpt>
      <trkpt lat="55.297160" lon="25.950940"></trkpt>
      <trkpt lat="55.296550" lon="25.951490"></trkpt>
      <trkpt lat="55.295840" lon="25.951950"></trkpt>
      <trkpt lat="55.295170" lon="25.952760"></trkpt>
      <trkpt lat="55.294800" lon="25.953110"></trkpt>
      <trkpt lat="55.294420" lon="25.953610"></trkpt>
      <trkpt lat="55.294120" lon="25.954190"></trkpt>
      <trkpt lat="55.293755" lon="25.954705"></trkpt>
      <trkpt lat="55.293390" lon="25.955220"></trkpt>
      <trkpt lat="55.292990" lon="25.955700"></trkpt>
      <trkpt lat="55.292610" lon="25.956230"></trkpt>
      <trkpt lat="55.292013" lon="25.956803"></trkpt>
      <trkpt lat="55.291417" lon="25.957377"></trkpt>
      <trkpt lat="55.290820" lon="25.957950"></trkpt>
      <trkpt lat="55.290290" lon="25.958645"></trkpt>
      <trkpt lat="55.289760" lon="25.959340"></trkpt>
      <trkpt lat="55.289500" lon="25.959510"></trkpt>
      <trkpt lat="55.288870" lon="25.959560"></trkpt>
      <trkpt lat="55.288520" lon="25.959810"></trkpt>
      <trkpt lat="55.287710" lon="25.960450"></trkpt>
      <trkpt lat="55.287170" lon="25.960820"></trkpt>
      <trkpt lat="55.286720" lon="25.960990"></trkpt>
      <trkpt lat="55.286030" lon="25.960830"></trkpt>
      <trkpt lat="55.285790" lon="25.960840"></trkpt>
      <trkpt lat="55.285680" lon="25.960960"></trkpt>
      <trkpt lat="55.285500" lon="25.961210"></trkpt>
      <trkpt lat="55.285190" lon="25.961940"></trkpt>
      <trkpt lat="55.284780" lon="25.963250"></trkpt>
      <trkpt lat="55.284830" lon="25.963620"></trkpt>
      <trkpt lat="55.284830" lon="25.963840"></trkpt>
      <trkpt lat="55.284370" lon="25.964810"></trkpt>
      <trkpt lat="55.283750" lon="25.965620"></trkpt>
      <trkpt lat="55.283000" lon="25.966400"></trkpt>
      <trkpt lat="55.282420" lon="25.967150"></trkpt>
      <trkpt lat="55.281880" lon="25.967720"></trkpt>
      <trkpt lat="55.281140" lon="25.968280"></trkpt>
      <trkpt lat="55.280400" lon="25.968840"></trkpt>
      <trkpt lat="55.279630" lon="25.969370"></trkpt>
      <trkpt lat="55.278900" lon="25.970150"></trkpt>
      <trkpt lat="55.278355" lon="25.970830"></trkpt>
      <trkpt lat="55.277810" lon="25.971510"></trkpt>
      <trkpt lat="55.277190" lon="25.972480"></trkpt>
      <trkpt lat="55.277070" lon="25.972600"></trkpt>
      <trkpt lat="55.276940" lon="25.972690"></trkpt>
      <trkpt lat="55.276620" lon="25.972770"></trkpt>
      <trkpt lat="55.276030" lon="25.972730"></trkpt>
      <trkpt lat="55.275470" lon="25.973110"></trkpt>
      <trkpt lat="55.275330" lon="25.973140"></trkpt>
      <trkpt lat="55.274530" lon="25.973050"></trkpt>
      <trkpt lat="55.273940" lon="25.972890"></trkpt>
      <trkpt lat="55.273840" lon="25.972780"></trkpt>
      <trkpt lat="55.273670" lon="25.972440"></trkpt>
      <trkpt lat="55.273510" lon="25.971950"></trkpt>
      <trkpt lat="55.273500" lon="25.972710"></trkpt>
      <trkpt lat="55.273460" lon="25.972920"></trkpt>
      <trkpt lat="55.273390" lon="25.973050"></trkpt>
      <trkpt lat="55.273210" lon="25.973200"></trkpt>
      <trkpt lat="55.272870" lon="25.973310"></trkpt>
      <trkpt lat="55.272280" lon="25.973340"></trkpt>
      <trkpt lat="55.271970" lon="25.973460"></trkpt>
      <trkpt lat="55.271240" lon="25.973980"></trkpt>
      <trkpt lat="55.270563" lon="25.974555"></trkpt>
      <trkpt lat="55.269885" lon="25.975130"></trkpt>
      <trkpt lat="55.269208" lon="25.975705"></trkpt>
      <trkpt lat="55.268530" lon="25.976280"></trkpt>
      <trkpt lat="55.268065" lon="25.976690"></trkpt>
      <trkpt lat="55.267600" lon="25.977100"></trkpt>
      <trkpt lat="55.267050" lon="25.977380"></trkpt>
      <trkpt lat="55.266370" lon="25.977880"></trkpt>
      <trkpt lat="55.266150" lon="25.978120"></trkpt>
      <trkpt lat="55.265750" lon="25.978670"></trkpt>
      <trkpt lat="55.265350" lon="25.979220"></trkpt>
      <trkpt lat="55.265040" lon="25.979990"></trkpt>
      <trkpt lat="55.264820" lon="25.980270"></trkpt>
      <trkpt lat="55.264490" lon="25.980570"></trkpt>
      <trkpt lat="55.264110" lon="25.981780"></trkpt>
      <trkpt lat="55.263970" lon="25.982470"></trkpt>
      <trkpt lat="55.263970" lon="25.982730"></trkpt>
      <trkpt lat="55.263900" lon="25.983090"></trkpt>
      <trkpt lat="55.263760" lon="25.983520"></trkpt>
      <trkpt lat="55.263215" lon="25.983910"></trkpt>
      <trkpt lat="55.262670" lon="25.984300"></trkpt>
      <trkpt lat="55.262490" lon="25.984480"></trkpt>
      <trkpt lat="55.261950" lon="25.984345"></trkpt>
      <trkpt lat="55.261410" lon="25.984210"></trkpt>
      <trkpt lat="55.260540" lon="25.984210"></trkpt>
      <trkpt lat="55.259890" lon="25.984330"></trkpt>
      <trkpt lat="55.259023" lon="25.984460"></trkpt>
      <trkpt lat="55.258157" lon="25.984590"></trkpt>
      <trkpt lat="55.257290" lon="25.984720"></trkpt>
      <trkpt lat="55.256900" lon="25.984970"></trkpt>
      <trkpt lat="55.256720" lon="25.985110"></trkpt>
      <trkpt lat="55.256023" lon="25.986058"></trkpt>
      <trkpt lat="55.255325" lon="25.987005"></trkpt>
      <trkpt lat="55.254628" lon="25.987953"></trkpt>
      <trkpt lat="55.253930" lon="25.988900"></trkpt>
      <trkpt lat="55.253790" lon="25.988970"></trkpt>
      <trkpt lat="55.253730" lon="25.988940"></trkpt>
      <trkpt lat="55.253535" lon="25.989995"></trkpt>
      <trkpt lat="55.253340" lon="25.991050"></trkpt>
      <trkpt lat="55.252530" lon="25.990980"></trkpt>
      <trkpt lat="55.252100" lon="25.990960"></trkpt>
      <trkpt lat="55.251960" lon="25.990980"></trkpt>
      <trkpt lat="55.251800" lon="25.991040"></trkpt>
      <trkpt lat="55.251560" lon="25.991260"></trkpt>
      <trkpt lat="55.251300" lon="25.991730"></trkpt>
      <trkpt lat="55.250820" lon="25.992950"></trkpt>
      <trkpt lat="55.250610" lon="25.993650"></trkpt>
      <trkpt lat="55.250400" lon="25.994350"></trkpt>
      <trkpt lat="55.250220" lon="25.994710"></trkpt>
      <trkpt lat="55.250090" lon="25.994890"></trkpt>
      <trkpt lat="55.250000" lon="25.995000"></trkpt>
      <trkpt lat="55.249840" lon="25.995090"></trkpt>
      <trkpt lat="55.249730" lon="25.995110"></trkpt>
      <trkpt lat="55.249550" lon="25.995050"></trkpt>
      <trkpt lat="55.249460" lon="25.994990"></trkpt>
      <trkpt lat="55.249350" lon="25.994880"></trkpt>
      <trkpt lat="55.248665" lon="25.994030"></trkpt>
      <trkpt lat="55.247980" lon="25.993180"></trkpt>
      <trkpt lat="55.247440" lon="25.992630"></trkpt>
      <trkpt lat="55.247310" lon="25.992570"></trkpt>
      <trkpt lat="55.246765" lon="25.992130"></trkpt>
      <trkpt lat="55.246220" lon="25.991690"></trkpt>
      <trkpt lat="55.245670" lon="25.991210"></trkpt>
      <trkpt lat="55.244915" lon="25.990525"></trkpt>
      <trkpt lat="55.244160" lon="25.989840"></trkpt>
      <trkpt lat="55.244150" lon="25.989790"></trkpt>
      <trkpt lat="55.244170" lon="25.989680"></trkpt>
      <trkpt lat="55.243510" lon="25.988980"></trkpt>
      <trkpt lat="55.242993" lon="25.988333"></trkpt>
      <trkpt lat="55.242477" lon="25.987687"></trkpt>
      <trkpt lat="55.241960" lon="25.987040"></trkpt>
      <trkpt lat="55.241550" lon="25.986590"></trkpt>
      <trkpt lat="55.241140" lon="25.986140"></trkpt>
      <trkpt lat="55.240870" lon="25.985910"></trkpt>
      <trkpt lat="55.240590" lon="25.985710"></trkpt>
      <trkpt lat="55.240300" lon="25.985560"></trkpt>
      <trkpt lat="55.240030" lon="25.985460"></trkpt>
      <trkpt lat="55.239740" lon="25.985380"></trkpt>
      <trkpt lat="55.239440" lon="25.985340"></trkpt>
      <trkpt lat="55.239140" lon="25.985350"></trkpt>
      <trkpt lat="55.238790" lon="25.985390"></trkpt>
      <trkpt lat="55.238120" lon="25.985670"></trkpt>
      <trkpt lat="55.238150" lon="25.985940"></trkpt>
      <trkpt lat="55.238120" lon="25.986160"></trkpt>
      <trkpt lat="55.237626" lon="25.987402"></trkpt>
      <trkpt lat="55.237132" lon="25.988644"></trkpt>
      <trkpt lat="55.236638" lon="25.989886"></trkpt>
      <trkpt lat="55.236144" lon="25.991128"></trkpt>
      <trkpt lat="55.235650" lon="25.992370"></trkpt>
      <trkpt lat="55.235390" lon="25.993140"></trkpt>
      <trkpt lat="55.235330" lon="25.993370"></trkpt>
      <trkpt lat="55.235260" lon="25.993400"></trkpt>
      <trkpt lat="55.234920" lon="25.993850"></trkpt>
      <trkpt lat="55.234770" lon="25.992320"></trkpt>
      <trkpt lat="55.234730" lon="25.992240"></trkpt>
      <trkpt lat="55.234640" lon="25.992220"></trkpt>
      <trkpt lat="55.234400" lon="25.992320"></trkpt>
      <trkpt lat="55.234010" lon="25.992810"></trkpt>
      <trkpt lat="55.233620" lon="25.993245"></trkpt>
      <trkpt lat="55.233230" lon="25.993680"></trkpt>
      <trkpt lat="55.232643" lon="25.994003"></trkpt>
      <trkpt lat="55.232057" lon="25.994327"></trkpt>
      <trkpt lat="55.231470" lon="25.994650"></trkpt>
      <trkpt lat="55.231080" lon="25.994700"></trkpt>
      <trkpt lat="55.230700" lon="25.994620"></trkpt>
      <trkpt lat="55.230560" lon="25.994510"></trkpt>
      <trkpt lat="55.230380" lon="25.994470"></trkpt>
      <trkpt lat="55.230110" lon="25.994720"></trkpt>
      <trkpt lat="55.230000" lon="25.994930"></trkpt>
      <trkpt lat="55.229820" lon="25.995220"></trkpt>
      <trkpt lat="55.229660" lon="25.995380"></trkpt>
      <trkpt lat="55.229270" lon="25.995470"></trkpt>
      <trkpt lat="55.229040" lon="25.995690"></trkpt>
      <trkpt lat="55.228530" lon="25.996340"></trkpt>
      <trkpt lat="55.228050" lon="25.997120"></trkpt>
      <trkpt lat="55.227700" lon="25.997610"></trkpt>
      <trkpt lat="55.227140" lon="25.998300"></trkpt>
      <trkpt lat="55.226940" lon="25.998500"></trkpt>
      <trkpt lat="55.226750" lon="25.998640"></trkpt>
      <trkpt lat="55.226060" lon="25.999510"></trkpt>
      <trkpt lat="55.225880" lon="25.999820"></trkpt>
      <trkpt lat="55.225280" lon="26.000680"></trkpt>
      <trkpt lat="55.224630" lon="26.001540"></trkpt>
      <trkpt lat="55.224130" lon="26.002050"></trkpt>
      <trkpt lat="55.223920" lon="26.002270"></trkpt>
      <trkpt lat="55.223550" lon="26.002550"></trkpt>
      <trkpt lat="55.223100" lon="26.002835"></trkpt>
      <trkpt lat="55.222650" lon="26.003120"></trkpt>
      <trkpt lat="55.221950" lon="26.003640"></trkpt>
      <trkpt lat="55.221880" lon="26.002690"></trkpt>
      <trkpt lat="55.221810" lon="26.001740"></trkpt>
      <trkpt lat="55.221750" lon="26.000290"></trkpt>
      <trkpt lat="55.221740" lon="25.999060"></trkpt>
      <trkpt lat="55.221760" lon="25.998320"></trkpt>
      <trkpt lat="55.221740" lon="25.998120"></trkpt>
      <trkpt lat="55.221640" lon="25.997610"></trkpt>
      <trkpt lat="55.221550" lon="25.996900"></trkpt>
      <trkpt lat="55.221210" lon="25.997030"></trkpt>
      <trkpt lat="55.220850" lon="25.997130"></trkpt>
      <trkpt lat="55.220500" lon="25.997180"></trkpt>
      <trkpt lat="55.219740" lon="25.997190"></trkpt>
      <trkpt lat="55.218910" lon="25.997177"></trkpt>
      <trkpt lat="55.218080" lon="25.997163"></trkpt>
      <trkpt lat="55.217250" lon="25.997150"></trkpt>
      <trkpt lat="55.216420" lon="25.997137"></trkpt>
      <trkpt lat="55.215590" lon="25.997123"></trkpt>
      <trkpt lat="55.214760" lon="25.997110"></trkpt>
      <trkpt lat="55.213930" lon="25.997097"></trkpt>
      <trkpt lat="55.213100" lon="25.997083"></trkpt>
      <trkpt lat="55.212270" lon="25.997070"></trkpt>
      <trkpt lat="55.211450" lon="25.997062"></trkpt>
      <trkpt lat="55.210630" lon="25.997053"></trkpt>
      <trkpt lat="55.209810" lon="25.997045"></trkpt>
      <trkpt lat="55.208990" lon="25.997037"></trkpt>
      <trkpt lat="55.208170" lon="25.997028"></trkpt>
      <trkpt lat="55.207350" lon="25.997020"></trkpt>
      <trkpt lat="55.206530" lon="25.996960"></trkpt>
      <trkpt lat="55.205890" lon="25.996830"></trkpt>
      <trkpt lat="55.205200" lon="25.996667"></trkpt>
      <trkpt lat="55.204510" lon="25.996505"></trkpt>
      <trkpt lat="55.203820" lon="25.996342"></trkpt>
      <trkpt lat="55.203130" lon="25.996180"></trkpt>
      <trkpt lat="55.202273" lon="25.995993"></trkpt>
      <trkpt lat="55.201417" lon="25.995807"></trkpt>
      <trkpt lat="55.200560" lon="25.995620"></trkpt>
      <trkpt lat="55.199865" lon="25.995425"></trkpt>
      <trkpt lat="55.199170" lon="25.995230"></trkpt>
      <trkpt lat="55.198357" lon="25.995033"></trkpt>
      <trkpt lat="55.197543" lon="25.994837"></trkpt>
      <trkpt lat="55.196730" lon="25.994640"></trkpt>
      <trkpt lat="55.195975" lon="25.994470"></trkpt>
      <trkpt lat="55.195220" lon="25.994300"></trkpt>
      <trkpt lat="55.194340" lon="25.994260"></trkpt>
      <trkpt lat="55.193880" lon="25.994290"></trkpt>
      <trkpt lat="55.193340" lon="25.994370"></trkpt>
      <trkpt lat="55.192620" lon="25.994493"></trkpt>
      <trkpt lat="55.191900" lon="25.994615"></trkpt>
      <trkpt lat="55.191180" lon="25.994738"></trkpt>
      <trkpt lat="55.190460" lon="25.994860"></trkpt>
      <trkpt lat="55.189661" lon="25.994991"></trkpt>
      <trkpt lat="55.188862" lon="25.995122"></trkpt>
      <trkpt lat="55.188063" lon="25.995253"></trkpt>
      <trkpt lat="55.187264" lon="25.995384"></trkpt>
      <trkpt lat="55.186466" lon="25.995516"></trkpt>
      <trkpt lat="55.185667" lon="25.995647"></trkpt>
      <trkpt lat="55.184868" lon="25.995778"></trkpt>
      <trkpt lat="55.184069" lon="25.995909"></trkpt>
      <trkpt lat="55.183270" lon="25.996040"></trkpt>
      <trkpt lat="55.182442" lon="25.996170"></trkpt>
      <trkpt lat="55.181614" lon="25.996300"></trkpt>
      <trkpt lat="55.180786" lon="25.996430"></trkpt>
      <trkpt lat="55.179958" lon="25.996560"></trkpt>
      <trkpt lat="55.179130" lon="25.996690"></trkpt>
      <trkpt lat="55.178900" lon="25.996710"></trkpt>
      <trkpt lat="55.178640" lon="25.996680"></trkpt>
      <trkpt lat="55.177930" lon="25.996530"></trkpt>
      <trkpt lat="55.177220" lon="25.996380"></trkpt>
      <trkpt lat="55.177060" lon="25.996360"></trkpt>
      <trkpt lat="55.176930" lon="25.996370"></trkpt>
      <trkpt lat="55.176810" lon="25.996420"></trkpt>
      <trkpt lat="55.176550" lon="25.996610"></trkpt>
      <trkpt lat="55.176470" lon="25.996700"></trkpt>
      <trkpt lat="55.176470" lon="25.996710"></trkpt>
      <trkpt lat="55.176290" lon="25.996940"></trkpt>
      <trkpt lat="55.176110" lon="25.997220"></trkpt>
      <trkpt lat="55.175850" lon="25.997870"></trkpt>
      <trkpt lat="55.175740" lon="25.998070"></trkpt>
      <trkpt lat="55.175560" lon="25.998250"></trkpt>
      <trkpt lat="55.175430" lon="25.998310"></trkpt>
      <trkpt lat="55.175290" lon="25.998330"></trkpt>
      <trkpt lat="55.175220" lon="25.998320"></trkpt>
      <trkpt lat="55.175060" lon="25.998250"></trkpt>
      <trkpt lat="55.174920" lon="25.998140"></trkpt>
      <trkpt lat="55.174510" lon="25.997710"></trkpt>
      <trkpt lat="55.174220" lon="25.997590"></trkpt>
      <trkpt lat="55.173730" lon="25.997570"></trkpt>
      <trkpt lat="55.172920" lon="25.997570"></trkpt>
      <trkpt lat="55.172127" lon="25.997578"></trkpt>
      <trkpt lat="55.171335" lon="25.997585"></trkpt>
      <trkpt lat="55.170542" lon="25.997593"></trkpt>
      <trkpt lat="55.169750" lon="25.997600"></trkpt>
      <trkpt lat="55.169330" lon="25.997520"></trkpt>
      <trkpt lat="55.169360" lon="25.997310"></trkpt>
      <trkpt lat="55.169630" lon="25.996640"></trkpt>
      <trkpt lat="55.169720" lon="25.995640"></trkpt>
      <trkpt lat="55.169770" lon="25.994950"></trkpt>
      <trkpt lat="55.169810" lon="25.994620"></trkpt>
      <trkpt lat="55.170110" lon="25.993170"></trkpt>
      <trkpt lat="55.170200" lon="25.992630"></trkpt>
      <trkpt lat="55.170345" lon="25.991600"></trkpt>
      <trkpt lat="55.170490" lon="25.990570"></trkpt>
      <trkpt lat="55.170570" lon="25.989860"></trkpt>
      <trkpt lat="55.170660" lon="25.989450"></trkpt>
      <trkpt lat="55.170920" lon="25.989140"></trkpt>
      <trkpt lat="55.171130" lon="25.988750"></trkpt>
      <trkpt lat="55.171280" lon="25.988310"></trkpt>
      <trkpt lat="55.171590" lon="25.986840"></trkpt>
      <trkpt lat="55.171700" lon="25.986050"></trkpt>
      <trkpt lat="55.171750" lon="25.985570"></trkpt>
      <trkpt lat="55.171710" lon="25.984760"></trkpt>
      <trkpt lat="55.171670" lon="25.984270"></trkpt>
      <trkpt lat="55.171530" lon="25.982780"></trkpt>
      <trkpt lat="55.171390" lon="25.981290"></trkpt>
      <trkpt lat="55.171250" lon="25.979800"></trkpt>
      <trkpt lat="55.171190" lon="25.979510"></trkpt>
      <trkpt lat="55.171110" lon="25.979260"></trkpt>
      <trkpt lat="55.170795" lon="25.978405"></trkpt>
      <trkpt lat="55.170480" lon="25.977550"></trkpt>
      <trkpt lat="55.170140" lon="25.976765"></trkpt>
      <trkpt lat="55.169800" lon="25.975980"></trkpt>
      <trkpt lat="55.169590" lon="25.975560"></trkpt>
      <trkpt lat="55.169010" lon="25.974490"></trkpt>
      <trkpt lat="55.168930" lon="25.974610"></trkpt>
      <trkpt lat="55.168870" lon="25.974650"></trkpt>
      <trkpt lat="55.168330" lon="25.974660"></trkpt>
      <trkpt lat="55.167865" lon="25.974575"></trkpt>
      <trkpt lat="55.167400" lon="25.974490"></trkpt>
      <trkpt lat="55.166540" lon="25.974350"></trkpt>
      <trkpt lat="55.165680" lon="25.974210"></trkpt>
      <trkpt lat="55.164820" lon="25.974070"></trkpt>
      <trkpt lat="55.163960" lon="25.973930"></trkpt>
      <trkpt lat="55.163100" lon="25.973790"></trkpt>
      <trkpt lat="55.162605" lon="25.973690"></trkpt>
      <trkpt lat="55.162110" lon="25.973590"></trkpt>
      <trkpt lat="55.161230" lon="25.973380"></trkpt>
      <trkpt lat="55.160510" lon="25.973190"></trkpt>
      <trkpt lat="55.160430" lon="25.973140"></trkpt>
      <trkpt lat="55.159880" lon="25.972630"></trkpt>
      <trkpt lat="55.159180" lon="25.971900"></trkpt>
      <trkpt lat="55.158950" lon="25.971480"></trkpt>
      <trkpt lat="55.158830" lon="25.971340"></trkpt>
      <trkpt lat="55.158710" lon="25.971030"></trkpt>
      <trkpt lat="55.158355" lon="25.970390"></trkpt>
      <trkpt lat="55.158000" lon="25.969750"></trkpt>
      <trkpt lat="55.157840" lon="25.969570"></trkpt>
      <trkpt lat="55.157435" lon="25.969160"></trkpt>
      <trkpt lat="55.157030" lon="25.968750"></trkpt>
      <trkpt lat="55.156580" lon="25.968350"></trkpt>
      <trkpt lat="55.156130" lon="25.967950"></trkpt>
      <trkpt lat="55.155990" lon="25.967900"></trkpt>
      <trkpt lat="55.156230" lon="25.966640"></trkpt>
      <trkpt lat="55.156540" lon="25.965490"></trkpt>
      <trkpt lat="55.156850" lon="25.964340"></trkpt>
      <trkpt lat="55.156970" lon="25.963970"></trkpt>
      <trkpt lat="55.157170" lon="25.964100"></trkpt>
      <trkpt lat="55.157270" lon="25.964140"></trkpt>
      <trkpt lat="55.157360" lon="25.964080"></trkpt>
      <trkpt lat="55.157580" lon="25.963750"></trkpt>
      <trkpt lat="55.157760" lon="25.963620"></trkpt>
      <trkpt lat="55.157810" lon="25.963500"></trkpt>
      <trkpt lat="55.157540" lon="25.963290"></trkpt>
      <trkpt lat="55.156990" lon="25.962730"></trkpt>
      <trkpt lat="55.156800" lon="25.962600"></trkpt>
      <trkpt lat="55.156660" lon="25.962420"></trkpt>
      <trkpt lat="55.156270" lon="25.961710"></trkpt>
      <trkpt lat="55.156120" lon="25.961380"></trkpt>
      <trkpt lat="55.156050" lon="25.961110"></trkpt>
      <trkpt lat="55.155970" lon="25.960670"></trkpt>
      <trkpt lat="55.155840" lon="25.959480"></trkpt>
      <trkpt lat="55.155710" lon="25.958290"></trkpt>
      <trkpt lat="55.155710" lon="25.957360"></trkpt>
      <trkpt lat="55.155670" lon="25.956820"></trkpt>
      <trkpt lat="55.155550" lon="25.955790"></trkpt>
      <trkpt lat="55.155450" lon="25.955390"></trkpt>
      <trkpt lat="55.155350" lon="25.955110"></trkpt>
      <trkpt lat="55.155200" lon="25.954780"></trkpt>
      <trkpt lat="55.155150" lon="25.954390"></trkpt>
      <trkpt lat="55.155190" lon="25.953180"></trkpt>
      <trkpt lat="55.155300" lon="25.952730"></trkpt>
      <trkpt lat="55.155400" lon="25.951700"></trkpt>
      <trkpt lat="55.155490" lon="25.951260"></trkpt>
      <trkpt lat="55.155590" lon="25.950910"></trkpt>
      <trkpt lat="55.155720" lon="25.950560"></trkpt>
      <trkpt lat="55.155880" lon="25.950290"></trkpt>
      <trkpt lat="55.155940" lon="25.949970"></trkpt>
      <trkpt lat="55.155920" lon="25.949630"></trkpt>
      <trkpt lat="55.155990" lon="25.948830"></trkpt>
      <trkpt lat="55.156040" lon="25.948580"></trkpt>
      <trkpt lat="55.156140" lon="25.948470"></trkpt>
      <trkpt lat="55.156210" lon="25.948280"></trkpt>
      <trkpt lat="55.156230" lon="25.947970"></trkpt>
      <trkpt lat="55.156170" lon="25.947720"></trkpt>
      <trkpt lat="55.155870" lon="25.946810"></trkpt>
      <trkpt lat="55.155770" lon="25.946350"></trkpt>
      <trkpt lat="55.155720" lon="25.945630"></trkpt>
      <trkpt lat="55.155660" lon="25.945390"></trkpt>
      <trkpt lat="55.155590" lon="25.945240"></trkpt>
      <trkpt lat="55.155450" lon="25.945100"></trkpt>
      <trkpt lat="55.155330" lon="25.945030"></trkpt>
      <trkpt lat="55.155210" lon="25.944810"></trkpt>
      <trkpt lat="55.155130" lon="25.944570"></trkpt>
      <trkpt lat="55.155060" lon="25.944030"></trkpt>
      <trkpt lat="55.155020" lon="25.943340"></trkpt>
      <trkpt lat="55.154920" lon="25.942900"></trkpt>
      <trkpt lat="55.154660" lon="25.942165"></trkpt>
      <trkpt lat="55.154400" lon="25.941430"></trkpt>
      <trkpt lat="55.154493" lon="25.939993"></trkpt>
      <trkpt lat="55.154587" lon="25.938557"></trkpt>
      <trkpt lat="55.154680" lon="25.937120"></trkpt>
      <trkpt lat="55.153815" lon="25.936925"></trkpt>
      <trkpt lat="55.152950" lon="25.936730"></trkpt>
      <trkpt lat="55.152162" lon="25.936538"></trkpt>
      <trkpt lat="55.151373" lon="25.936347"></trkpt>
      <trkpt lat="55.150585" lon="25.936155"></trkpt>
      <trkpt lat="55.149797" lon="25.935963"></trkpt>
      <trkpt lat="55.149008" lon="25.935772"></trkpt>
      <trkpt lat="55.148220" lon="25.935580"></trkpt>
      <trkpt lat="55.147378" lon="25.935408"></trkpt>
      <trkpt lat="55.146536" lon="25.935236"></trkpt>
      <trkpt lat="55.145694" lon="25.935064"></trkpt>
      <trkpt lat="55.144852" lon="25.934892"></trkpt>
      <trkpt lat="55.144010" lon="25.934720"></trkpt>
      <trkpt lat="55.143570" lon="25.933920"></trkpt>
      <trkpt lat="55.143400" lon="25.933220"></trkpt>
      <trkpt lat="55.143440" lon="25.932080"></trkpt>
      <trkpt lat="55.143460" lon="25.930910"></trkpt>
      <trkpt lat="55.143200" lon="25.929620"></trkpt>
      <trkpt lat="55.143180" lon="25.929460"></trkpt>
      <trkpt lat="55.143170" lon="25.929060"></trkpt>
      <trkpt lat="55.143035" lon="25.928205"></trkpt>
      <trkpt lat="55.142900" lon="25.927350"></trkpt>
      <trkpt lat="55.142940" lon="25.926810"></trkpt>
      <trkpt lat="55.143010" lon="25.926450"></trkpt>
      <trkpt lat="55.143020" lon="25.926220"></trkpt>
      <trkpt lat="55.142900" lon="25.924850"></trkpt>
      <trkpt lat="55.142790" lon="25.923920"></trkpt>
      <trkpt lat="55.142590" lon="25.922810"></trkpt>
      <trkpt lat="55.142520" lon="25.922560"></trkpt>
      <trkpt lat="55.142300" lon="25.922090"></trkpt>
      <trkpt lat="55.141880" lon="25.921520"></trkpt>
      <trkpt lat="55.141550" lon="25.920990"></trkpt>
      <trkpt lat="55.141110" lon="25.920600"></trkpt>
      <trkpt lat="55.140655" lon="25.920035"></trkpt>
      <trkpt lat="55.140200" lon="25.919470"></trkpt>
      <trkpt lat="55.139785" lon="25.918855"></trkpt>
      <trkpt lat="55.139370" lon="25.918240"></trkpt>
      <trkpt lat="55.139040" lon="25.917670"></trkpt>
      <trkpt lat="55.138750" lon="25.917230"></trkpt>
      <trkpt lat="55.138520" lon="25.916790"></trkpt>
      <trkpt lat="55.138190" lon="25.915720"></trkpt>
      <trkpt lat="55.137915" lon="25.914910"></trkpt>
      <trkpt lat="55.137640" lon="25.914100"></trkpt>
      <trkpt lat="55.137450" lon="25.913130"></trkpt>
      <trkpt lat="55.137170" lon="25.911960"></trkpt>
      <trkpt lat="55.136735" lon="25.911005"></trkpt>
      <trkpt lat="55.136300" lon="25.910050"></trkpt>
      <trkpt lat="55.136160" lon="25.909290"></trkpt>
      <trkpt lat="55.136000" lon="25.908820"></trkpt>
      <trkpt lat="55.135430" lon="25.907790"></trkpt>
      <trkpt lat="55.135000" lon="25.906740"></trkpt>
      <trkpt lat="55.134500" lon="25.906000"></trkpt>
      <trkpt lat="55.134500" lon="25.905990"></trkpt>
      <trkpt lat="55.133960" lon="25.905210"></trkpt>
      <trkpt lat="55.133540" lon="25.904625"></trkpt>
      <trkpt lat="55.133120" lon="25.904040"></trkpt>
      <trkpt lat="55.132695" lon="25.903700"></trkpt>
      <trkpt lat="55.132270" lon="25.903360"></trkpt>
      <trkpt lat="55.132150" lon="25.903280"></trkpt>
      <trkpt lat="55.131950" lon="25.903210"></trkpt>
      <trkpt lat="55.131700" lon="25.903180"></trkpt>
      <trkpt lat="55.131210" lon="25.903200"></trkpt>
      <trkpt lat="55.130720" lon="25.903220"></trkpt>
      <trkpt lat="55.130130" lon="25.903200"></trkpt>
      <trkpt lat="55.129840" lon="25.903070"></trkpt>
      <trkpt lat="55.129220" lon="25.902660"></trkpt>
      <trkpt lat="55.128870" lon="25.902470"></trkpt>
      <trkpt lat="55.128470" lon="25.902160"></trkpt>
      <trkpt lat="55.128330" lon="25.902070"></trkpt>
      <trkpt lat="55.128180" lon="25.902020"></trkpt>
      <trkpt lat="55.128000" lon="25.902000"></trkpt>
      <trkpt lat="55.127690" lon="25.902040"></trkpt>
      <trkpt lat="55.127320" lon="25.902220"></trkpt>
      <trkpt lat="55.127260" lon="25.902220"></trkpt>
      <trkpt lat="55.127220" lon="25.902200"></trkpt>
      <trkpt lat="55.127020" lon="25.901920"></trkpt>
      <trkpt lat="55.126850" lon="25.901610"></trkpt>
      <trkpt lat="55.126790" lon="25.901340"></trkpt>
      <trkpt lat="55.126740" lon="25.900300"></trkpt>
      <trkpt lat="55.126660" lon="25.899740"></trkpt>
      <trkpt lat="55.126620" lon="25.899070"></trkpt>
      <trkpt lat="55.126600" lon="25.897880"></trkpt>
      <trkpt lat="55.126680" lon="25.896730"></trkpt>
      <trkpt lat="55.126800" lon="25.895770"></trkpt>
      <trkpt lat="55.126800" lon="25.895530"></trkpt>
      <trkpt lat="55.126680" lon="25.894410"></trkpt>
      <trkpt lat="55.126660" lon="25.894110"></trkpt>
      <trkpt lat="55.126590" lon="25.893880"></trkpt>
      <trkpt lat="55.126380" lon="25.893470"></trkpt>
      <trkpt lat="55.126260" lon="25.893360"></trkpt>
      <trkpt lat="55.126140" lon="25.893350"></trkpt>
      <trkpt lat="55.126060" lon="25.893390"></trkpt>
      <trkpt lat="55.125860" lon="25.893580"></trkpt>
      <trkpt lat="55.125670" lon="25.893890"></trkpt>
      <trkpt lat="55.125560" lon="25.894140"></trkpt>
      <trkpt lat="55.125240" lon="25.894520"></trkpt>
      <trkpt lat="55.124890" lon="25.895180"></trkpt>
      <trkpt lat="55.124760" lon="25.895620"></trkpt>
      <trkpt lat="55.124240" lon="25.895680"></trkpt>
      <trkpt lat="55.123720" lon="25.895740"></trkpt>
      <trkpt lat="55.123670" lon="25.895440"></trkpt>
      <trkpt lat="55.123600" lon="25.894560"></trkpt>
      <trkpt lat="55.123580" lon="25.893735"></trkpt>
      <trkpt lat="55.123560" lon="25.892910"></trkpt>
      <trkpt lat="55.123495" lon="25.892110"></trkpt>
      <trkpt lat="55.123430" lon="25.891310"></trkpt>
      <trkpt lat="55.123320" lon="25.890470"></trkpt>
      <trkpt lat="55.123090" lon="25.889000"></trkpt>
      <trkpt lat="55.122860" lon="25.887530"></trkpt>
      <trkpt lat="55.122750" lon="25.886970"></trkpt>
      <trkpt lat="55.122720" lon="25.886640"></trkpt>
      <trkpt lat="55.122680" lon="25.885640"></trkpt>
      <trkpt lat="55.122680" lon="25.885260"></trkpt>
      <trkpt lat="55.122775" lon="25.884195"></trkpt>
      <trkpt lat="55.122870" lon="25.883130"></trkpt>
      <trkpt lat="55.122890" lon="25.882620"></trkpt>
      <trkpt lat="55.122880" lon="25.881525"></trkpt>
      <trkpt lat="55.122870" lon="25.880430"></trkpt>
      <trkpt lat="55.122935" lon="25.879345"></trkpt>
      <trkpt lat="55.123000" lon="25.878260"></trkpt>
      <trkpt lat="55.123130" lon="25.877680"></trkpt>
      <trkpt lat="55.123490" lon="25.876660"></trkpt>
      <trkpt lat="55.123580" lon="25.876270"></trkpt>
      <trkpt lat="55.123750" lon="25.875220"></trkpt>
      <trkpt lat="55.123780" lon="25.874790"></trkpt>
      <trkpt lat="55.123810" lon="25.873675"></trkpt>
      <trkpt lat="55.123840" lon="25.872560"></trkpt>
      <trkpt lat="55.123800" lon="25.871840"></trkpt>
      <trkpt lat="55.123650" lon="25.870740"></trkpt>
      <trkpt lat="55.123620" lon="25.870390"></trkpt>
      <trkpt lat="55.123620" lon="25.869840"></trkpt>
      <trkpt lat="55.123660" lon="25.869470"></trkpt>
      <trkpt lat="55.123730" lon="25.869140"></trkpt>
      <trkpt lat="55.123960" lon="25.868550"></trkpt>
      <trkpt lat="55.124150" lon="25.867800"></trkpt>
      <trkpt lat="55.124378" lon="25.866623"></trkpt>
      <trkpt lat="55.124605" lon="25.865445"></trkpt>
      <trkpt lat="55.124833" lon="25.864268"></trkpt>
      <trkpt lat="55.125060" lon="25.863090"></trkpt>
      <trkpt lat="55.125170" lon="25.862610"></trkpt>
      <trkpt lat="55.125390" lon="25.861830"></trkpt>
      <trkpt lat="55.125615" lon="25.861130"></trkpt>
      <trkpt lat="55.125840" lon="25.860430"></trkpt>
      <trkpt lat="55.126075" lon="25.859565"></trkpt>
      <trkpt lat="55.126310" lon="25.858700"></trkpt>
      <trkpt lat="55.126600" lon="25.857650"></trkpt>
      <trkpt lat="55.126660" lon="25.857330"></trkpt>
      <trkpt lat="55.126690" lon="25.856940"></trkpt>
      <trkpt lat="55.126710" lon="25.855700"></trkpt>
      <trkpt lat="55.126730" lon="25.855310"></trkpt>
      <trkpt lat="55.126790" lon="25.854910"></trkpt>
      <trkpt lat="55.126960" lon="25.854090"></trkpt>
      <trkpt lat="55.127010" lon="25.853720"></trkpt>
      <trkpt lat="55.127020" lon="25.853460"></trkpt>
      <trkpt lat="55.127000" lon="25.853200"></trkpt>
      <trkpt lat="55.126830" lon="25.852470"></trkpt>
      <trkpt lat="55.126810" lon="25.852280"></trkpt>
      <trkpt lat="55.126850" lon="25.851850"></trkpt>
      <trkpt lat="55.126950" lon="25.851450"></trkpt>
      <trkpt lat="55.127175" lon="25.850060"></trkpt>
      <trkpt lat="55.127400" lon="25.848670"></trkpt>
      <trkpt lat="55.127660" lon="25.847330"></trkpt>
      <trkpt lat="55.127670" lon="25.847050"></trkpt>
      <trkpt lat="55.127630" lon="25.845770"></trkpt>
      <trkpt lat="55.127660" lon="25.845250"></trkpt>
      <trkpt lat="55.127780" lon="25.843990"></trkpt>
      <trkpt lat="55.128017" lon="25.842503"></trkpt>
      <trkpt lat="55.128253" lon="25.841017"></trkpt>
      <trkpt lat="55.128490" lon="25.839530"></trkpt>
      <trkpt lat="55.128610" lon="25.839060"></trkpt>
      <trkpt lat="55.128660" lon="25.838880"></trkpt>
      <trkpt lat="55.128700" lon="25.838660"></trkpt>
      <trkpt lat="55.128700" lon="25.838380"></trkpt>
      <trkpt lat="55.128580" lon="25.837510"></trkpt>
      <trkpt lat="55.128380" lon="25.836430"></trkpt>
      <trkpt lat="55.128135" lon="25.835280"></trkpt>
      <trkpt lat="55.127890" lon="25.834130"></trkpt>
      <trkpt lat="55.127980" lon="25.832715"></trkpt>
      <trkpt lat="55.128070" lon="25.831300"></trkpt>
      <trkpt lat="55.128240" lon="25.830320"></trkpt>
      <trkpt lat="55.128410" lon="25.829340"></trkpt>
      <trkpt lat="55.128480" lon="25.829160"></trkpt>
      <trkpt lat="55.128900" lon="25.828530"></trkpt>
      <trkpt lat="55.129060" lon="25.828420"></trkpt>
      <trkpt lat="55.129330" lon="25.827880"></trkpt>
      <trkpt lat="55.129520" lon="25.827190"></trkpt>
      <trkpt lat="55.129590" lon="25.826450"></trkpt>
      <trkpt lat="55.129600" lon="25.826020"></trkpt>
      <trkpt lat="55.129630" lon="25.825700"></trkpt>
      <trkpt lat="55.129800" lon="25.824980"></trkpt>
      <trkpt lat="55.129820" lon="25.824390"></trkpt>
      <trkpt lat="55.129800" lon="25.824140"></trkpt>
      <trkpt lat="55.129760" lon="25.823940"></trkpt>
      <trkpt lat="55.129600" lon="25.823540"></trkpt>
      <trkpt lat="55.129520" lon="25.823190"></trkpt>
      <trkpt lat="55.129520" lon="25.822960"></trkpt>
      <trkpt lat="55.129550" lon="25.822690"></trkpt>
      <trkpt lat="55.129770" lon="25.821870"></trkpt>
      <trkpt lat="55.130210" lon="25.820940"></trkpt>
      <trkpt lat="55.130470" lon="25.820310"></trkpt>
      <trkpt lat="55.130500" lon="25.820150"></trkpt>
      <trkpt lat="55.130490" lon="25.819940"></trkpt>
      <trkpt lat="55.130400" lon="25.819590"></trkpt>
      <trkpt lat="55.130340" lon="25.819150"></trkpt>
      <trkpt lat="55.130220" lon="25.818560"></trkpt>
      <trkpt lat="55.130260" lon="25.817950"></trkpt>
      <trkpt lat="55.130250" lon="25.816940"></trkpt>
      <trkpt lat="55.130270" lon="25.816280"></trkpt>
      <trkpt lat="55.130300" lon="25.816030"></trkpt>
      <trkpt lat="55.130360" lon="25.815770"></trkpt>
      <trkpt lat="55.130750" lon="25.814480"></trkpt>
      <trkpt lat="55.130990" lon="25.813810"></trkpt>
      <trkpt lat="55.131140" lon="25.813290"></trkpt>
      <trkpt lat="55.131240" lon="25.812590"></trkpt>
      <trkpt lat="55.131330" lon="25.812190"></trkpt>
      <trkpt lat="55.131620" lon="25.811240"></trkpt>
      <trkpt lat="55.132090" lon="25.810230"></trkpt>
      <trkpt lat="55.132330" lon="25.809870"></trkpt>
      <trkpt lat="55.132550" lon="25.809700"></trkpt>
      <trkpt lat="55.132960" lon="25.809560"></trkpt>
      <trkpt lat="55.133110" lon="25.809470"></trkpt>
      <trkpt lat="55.133200" lon="25.809290"></trkpt>
      <trkpt lat="55.133270" lon="25.808860"></trkpt>
      <trkpt lat="55.133270" lon="25.808150"></trkpt>
      <trkpt lat="55.133320" lon="25.807860"></trkpt>
      <trkpt lat="55.133430" lon="25.807420"></trkpt>
      <trkpt lat="55.133680" lon="25.806710"></trkpt>
      <trkpt lat="55.133790" lon="25.806350"></trkpt>
      <trkpt lat="55.133840" lon="25.805850"></trkpt>
      <trkpt lat="55.133980" lon="25.805400"></trkpt>
      <trkpt lat="55.134290" lon="25.804680"></trkpt>
      <trkpt lat="55.134440" lon="25.804590"></trkpt>
      <trkpt lat="55.134550" lon="25.804300"></trkpt>
      <trkpt lat="55.134130" lon="25.802930"></trkpt>
      <trkpt lat="55.133950" lon="25.802270"></trkpt>
      <trkpt lat="55.133910" lon="25.801225"></trkpt>
      <trkpt lat="55.133870" lon="25.800180"></trkpt>
      <trkpt lat="55.134090" lon="25.799470"></trkpt>
      <trkpt lat="55.134400" lon="25.798530"></trkpt>
      <trkpt lat="55.134210" lon="25.797157"></trkpt>
      <trkpt lat="55.134020" lon="25.795783"></trkpt>
      <trkpt lat="55.133830" lon="25.794410"></trkpt>
      <trkpt lat="55.133700" lon="25.793800"></trkpt>
      <trkpt lat="55.133595" lon="25.792465"></trkpt>
      <trkpt lat="55.133490" lon="25.791130"></trkpt>
      <trkpt lat="55.133510" lon="25.790370"></trkpt>
      <trkpt lat="55.133285" lon="25.789077"></trkpt>
      <trkpt lat="55.133060" lon="25.787785"></trkpt>
      <trkpt lat="55.132835" lon="25.786492"></trkpt>
      <trkpt lat="55.132610" lon="25.785200"></trkpt>
      <trkpt lat="55.132420" lon="25.783980"></trkpt>
      <trkpt lat="55.132477" lon="25.782571"></trkpt>
      <trkpt lat="55.132533" lon="25.781162"></trkpt>
      <trkpt lat="55.132590" lon="25.779753"></trkpt>
      <trkpt lat="55.132647" lon="25.778344"></trkpt>
      <trkpt lat="55.132703" lon="25.776936"></trkpt>
      <trkpt lat="55.132760" lon="25.775527"></trkpt>
      <trkpt lat="55.132817" lon="25.774118"></trkpt>
      <trkpt lat="55.132873" lon="25.772709"></trkpt>
      <trkpt lat="55.132930" lon="25.771300"></trkpt>
      <trkpt lat="55.133130" lon="25.771020"></trkpt>
      <trkpt lat="55.133260" lon="25.770700"></trkpt>
      <trkpt lat="55.133335" lon="25.769310"></trkpt>
      <trkpt lat="55.133410" lon="25.767920"></trkpt>
      <trkpt lat="55.133590" lon="25.766920"></trkpt>
      <trkpt lat="55.133730" lon="25.765905"></trkpt>
      <trkpt lat="55.133870" lon="25.764890"></trkpt>
      <trkpt lat="55.133880" lon="25.763930"></trkpt>
      <trkpt lat="55.134060" lon="25.763200"></trkpt>
      <trkpt lat="55.133960" lon="25.762420"></trkpt>
      <trkpt lat="55.133970" lon="25.761960"></trkpt>
      <trkpt lat="55.134140" lon="25.760900"></trkpt>
      <trkpt lat="55.134270" lon="25.759800"></trkpt>
      <trkpt lat="55.134330" lon="25.758920"></trkpt>
      <trkpt lat="55.134390" lon="25.757440"></trkpt>
      <trkpt lat="55.134410" lon="25.757160"></trkpt>
      <trkpt lat="55.134360" lon="25.756350"></trkpt>
      <trkpt lat="55.134270" lon="25.755460"></trkpt>
      <trkpt lat="55.134125" lon="25.754560"></trkpt>
      <trkpt lat="55.133980" lon="25.753660"></trkpt>
      <trkpt lat="55.133970" lon="25.753320"></trkpt>
      <trkpt lat="55.134010" lon="25.753070"></trkpt>
      <trkpt lat="55.134190" lon="25.752610"></trkpt>
      <trkpt lat="55.134260" lon="25.752330"></trkpt>
      <trkpt lat="55.134330" lon="25.751930"></trkpt>
      <trkpt lat="55.134430" lon="25.750463"></trkpt>
      <trkpt lat="55.134530" lon="25.748997"></trkpt>
      <trkpt lat="55.134630" lon="25.747530"></trkpt>
      <trkpt lat="55.134640" lon="25.747240"></trkpt>
      <trkpt lat="55.134720" lon="25.746890"></trkpt>
      <trkpt lat="55.135180" lon="25.745900"></trkpt>
      <trkpt lat="55.135640" lon="25.744910"></trkpt>
      <trkpt lat="55.136185" lon="25.743875"></trkpt>
      <trkpt lat="55.136730" lon="25.742840"></trkpt>
      <trkpt lat="55.137100" lon="25.742230"></trkpt>
      <trkpt lat="55.137310" lon="25.741950"></trkpt>
      <trkpt lat="55.137695" lon="25.741520"></trkpt>
      <trkpt lat="55.138080" lon="25.741090"></trkpt>
      <trkpt lat="55.138210" lon="25.740910"></trkpt>
      <trkpt lat="55.138380" lon="25.740580"></trkpt>
      <trkpt lat="55.138960" lon="25.739570"></trkpt>
      <trkpt lat="55.139170" lon="25.739100"></trkpt>
      <trkpt lat="55.139350" lon="25.738620"></trkpt>
      <trkpt lat="55.139660" lon="25.737610"></trkpt>
      <trkpt lat="55.139730" lon="25.737440"></trkpt>
      <trkpt lat="55.140140" lon="25.736910"></trkpt>
      <trkpt lat="55.140210" lon="25.736770"></trkpt>
      <trkpt lat="55.140290" lon="25.736480"></trkpt>
      <trkpt lat="55.140250" lon="25.735205"></trkpt>
      <trkpt lat="55.140210" lon="25.733930"></trkpt>
      <trkpt lat="55.140230" lon="25.733045"></trkpt>
      <trkpt lat="55.140250" lon="25.732160"></trkpt>
      <trkpt lat="55.140240" lon="25.731550"></trkpt>
      <trkpt lat="55.140340" lon="25.731400"></trkpt>
      <trkpt lat="55.140370" lon="25.731210"></trkpt>
      <trkpt lat="55.140370" lon="25.730260"></trkpt>
      <trkpt lat="55.140410" lon="25.730070"></trkpt>
      <trkpt lat="55.140480" lon="25.729960"></trkpt>
      <trkpt lat="55.140570" lon="25.729860"></trkpt>
      <trkpt lat="55.140690" lon="25.729790"></trkpt>
      <trkpt lat="55.140790" lon="25.729780"></trkpt>
      <trkpt lat="55.140940" lon="25.729800"></trkpt>
      <trkpt lat="55.141050" lon="25.729860"></trkpt>
      <trkpt lat="55.141350" lon="25.730120"></trkpt>
      <trkpt lat="55.141930" lon="25.730370"></trkpt>
      <trkpt lat="55.142010" lon="25.730380"></trkpt>
      <trkpt lat="55.142510" lon="25.730310"></trkpt>
      <trkpt lat="55.142750" lon="25.730330"></trkpt>
      <trkpt lat="55.143370" lon="25.730470"></trkpt>
      <trkpt lat="55.143950" lon="25.730660"></trkpt>
      <trkpt lat="55.144080" lon="25.730640"></trkpt>
      <trkpt lat="55.144210" lon="25.730550"></trkpt>
      <trkpt lat="55.144340" lon="25.730380"></trkpt>
      <trkpt lat="55.144460" lon="25.730080"></trkpt>
      <trkpt lat="55.144540" lon="25.729960"></trkpt>
      <trkpt lat="55.144680" lon="25.729860"></trkpt>
      <trkpt lat="55.144880" lon="25.729810"></trkpt>
      <trkpt lat="55.145140" lon="25.729680"></trkpt>
      <trkpt lat="55.145250" lon="25.729670"></trkpt>
      <trkpt lat="55.145490" lon="25.729750"></trkpt>
      <trkpt lat="55.145650" lon="25.729780"></trkpt>
      <trkpt lat="55.145820" lon="25.729720"></trkpt>
      <trkpt lat="55.146020" lon="25.729610"></trkpt>
      <trkpt lat="55.146170" lon="25.729580"></trkpt>
      <trkpt lat="55.146330" lon="25.729600"></trkpt>
      <trkpt lat="55.146470" lon="25.729710"></trkpt>
      <trkpt lat="55.146650" lon="25.729920"></trkpt>
      <trkpt lat="55.146860" lon="25.730100"></trkpt>
      <trkpt lat="55.147020" lon="25.730160"></trkpt>
      <trkpt lat="55.147330" lon="25.730140"></trkpt>
      <trkpt lat="55.147500" lon="25.730050"></trkpt>
      <trkpt lat="55.147650" lon="25.729870"></trkpt>
      <trkpt lat="55.148100" lon="25.729190"></trkpt>
      <trkpt lat="55.148520" lon="25.728950"></trkpt>
      <trkpt lat="55.149070" lon="25.728860"></trkpt>
      <trkpt lat="55.149840" lon="25.728800"></trkpt>
      <trkpt lat="55.150355" lon="25.728655"></trkpt>
      <trkpt lat="55.150870" lon="25.728510"></trkpt>
      <trkpt lat="55.151700" lon="25.728310"></trkpt>
      <trkpt lat="55.152160" lon="25.727910"></trkpt>
      <trkpt lat="55.152200" lon="25.727850"></trkpt>
      <trkpt lat="55.152630" lon="25.727310"></trkpt>
      <trkpt lat="55.153140" lon="25.726950"></trkpt>
      <trkpt lat="55.153740" lon="25.726650"></trkpt>
      <trkpt lat="55.153970" lon="25.726610"></trkpt>
      <trkpt lat="55.154495" lon="25.726415"></trkpt>
      <trkpt lat="55.155020" lon="25.726220"></trkpt>
      <trkpt lat="55.155390" lon="25.725920"></trkpt>
      <trkpt lat="55.155710" lon="25.725730"></trkpt>
      <trkpt lat="55.156030" lon="25.725700"></trkpt>
      <trkpt lat="55.156440" lon="25.725550"></trkpt>
      <trkpt lat="55.156930" lon="25.725490"></trkpt>
      <trkpt lat="55.157260" lon="25.725480"></trkpt>
      <trkpt lat="55.157260" lon="25.725150"></trkpt>
      <trkpt lat="55.157290" lon="25.724870"></trkpt>
      <trkpt lat="55.157340" lon="25.724750"></trkpt>
      <trkpt lat="55.157338" lon="25.723315"></trkpt>
      <trkpt lat="55.157337" lon="25.721880"></trkpt>
      <trkpt lat="55.157335" lon="25.720445"></trkpt>
      <trkpt lat="55.157333" lon="25.719010"></trkpt>
      <trkpt lat="55.157332" lon="25.717575"></trkpt>
      <trkpt lat="55.157330" lon="25.716140"></trkpt>
      <trkpt lat="55.157330" lon="25.716130"></trkpt>
      <trkpt lat="55.157326" lon="25.714646"></trkpt>
      <trkpt lat="55.157322" lon="25.713162"></trkpt>
      <trkpt lat="55.157318" lon="25.711678"></trkpt>
      <trkpt lat="55.157314" lon="25.710194"></trkpt>
      <trkpt lat="55.157310" lon="25.708710"></trkpt>
      <trkpt lat="55.158151" lon="25.708736"></trkpt>
      <trkpt lat="55.158992" lon="25.708762"></trkpt>
      <trkpt lat="55.159833" lon="25.708788"></trkpt>
      <trkpt lat="55.160674" lon="25.708814"></trkpt>
      <trkpt lat="55.161515" lon="25.708840"></trkpt>
      <trkpt lat="55.162356" lon="25.708866"></trkpt>
      <trkpt lat="55.163197" lon="25.708892"></trkpt>
      <trkpt lat="55.164038" lon="25.708918"></trkpt>
      <trkpt lat="55.164879" lon="25.708944"></trkpt>
      <trkpt lat="55.165720" lon="25.708970"></trkpt>
      <trkpt lat="55.166503" lon="25.709003"></trkpt>
      <trkpt lat="55.167287" lon="25.709037"></trkpt>
      <trkpt lat="55.168070" lon="25.709070"></trkpt>
      <trkpt lat="55.168270" lon="25.709050"></trkpt>
      <trkpt lat="55.168410" lon="25.708960"></trkpt>
      <trkpt lat="55.168550" lon="25.708830"></trkpt>
      <trkpt lat="55.168690" lon="25.708640"></trkpt>
      <trkpt lat="55.169220" lon="25.707724"></trkpt>
      <trkpt lat="55.169750" lon="25.706808"></trkpt>
      <trkpt lat="55.170280" lon="25.705892"></trkpt>
      <trkpt lat="55.170810" lon="25.704976"></trkpt>
      <trkpt lat="55.171340" lon="25.704060"></trkpt>
      <trkpt lat="55.171360" lon="25.703710"></trkpt>
      <trkpt lat="55.171420" lon="25.703450"></trkpt>
      <trkpt lat="55.171560" lon="25.703160"></trkpt>
      <trkpt lat="55.171650" lon="25.702900"></trkpt>
      <trkpt lat="55.171670" lon="25.702640"></trkpt>
      <trkpt lat="55.171650" lon="25.701790"></trkpt>
      <trkpt lat="55.171770" lon="25.701080"></trkpt>
      <trkpt lat="55.171690" lon="25.700360"></trkpt>
      <trkpt lat="55.171610" lon="25.699950"></trkpt>
      <trkpt lat="55.171390" lon="25.699220"></trkpt>
      <trkpt lat="55.171290" lon="25.698720"></trkpt>
      <trkpt lat="55.171110" lon="25.698010"></trkpt>
      <trkpt lat="55.171080" lon="25.697680"></trkpt>
      <trkpt lat="55.171030" lon="25.697450"></trkpt>
      <trkpt lat="55.170820" lon="25.697120"></trkpt>
      <trkpt lat="55.170570" lon="25.696490"></trkpt>
      <trkpt lat="55.170400" lon="25.696200"></trkpt>
      <trkpt lat="55.170090" lon="25.695470"></trkpt>
      <trkpt lat="55.169780" lon="25.694740"></trkpt>
      <trkpt lat="55.169640" lon="25.694330"></trkpt>
      <trkpt lat="55.169560" lon="25.693820"></trkpt>
      <trkpt lat="55.169480" lon="25.693540"></trkpt>
      <trkpt lat="55.169340" lon="25.692850"></trkpt>
      <trkpt lat="55.169300" lon="25.692330"></trkpt>
      <trkpt lat="55.169320" lon="25.691990"></trkpt>
      <trkpt lat="55.169460" lon="25.690710"></trkpt>
      <trkpt lat="55.169620" lon="25.690240"></trkpt>
      <trkpt lat="55.169680" lon="25.689880"></trkpt>
      <trkpt lat="55.169720" lon="25.689220"></trkpt>
      <trkpt lat="55.169650" lon="25.688590"></trkpt>
      <trkpt lat="55.169630" lon="25.687790"></trkpt>
      <trkpt lat="55.169560" lon="25.687310"></trkpt>
      <trkpt lat="55.169440" lon="25.685790"></trkpt>
      <trkpt lat="55.169520" lon="25.685130"></trkpt>
      <trkpt lat="55.169520" lon="25.684850"></trkpt>
      <trkpt lat="55.169400" lon="25.684270"></trkpt>
      <trkpt lat="55.168910" lon="25.683440"></trkpt>
      <trkpt lat="55.168790" lon="25.683260"></trkpt>
      <trkpt lat="55.168630" lon="25.683070"></trkpt>
      <trkpt lat="55.168330" lon="25.682800"></trkpt>
      <trkpt lat="55.168080" lon="25.682610"></trkpt>
      <trkpt lat="55.167950" lon="25.682480"></trkpt>
      <trkpt lat="55.167790" lon="25.682270"></trkpt>
      <trkpt lat="55.167420" lon="25.681700"></trkpt>
      <trkpt lat="55.167320" lon="25.681490"></trkpt>
      <trkpt lat="55.167180" lon="25.680940"></trkpt>
      <trkpt lat="55.167070" lon="25.680250"></trkpt>
      <trkpt lat="55.167060" lon="25.679970"></trkpt>
      <trkpt lat="55.167120" lon="25.679610"></trkpt>
      <trkpt lat="55.167280" lon="25.679100"></trkpt>
      <trkpt lat="55.167340" lon="25.678820"></trkpt>
      <trkpt lat="55.167445" lon="25.677565"></trkpt>
      <trkpt lat="55.167550" lon="25.676310"></trkpt>
      <trkpt lat="55.167610" lon="25.675140"></trkpt>
      <trkpt lat="55.167590" lon="25.674390"></trkpt>
      <trkpt lat="55.167530" lon="25.673680"></trkpt>
      <trkpt lat="55.167345" lon="25.672555"></trkpt>
      <trkpt lat="55.167160" lon="25.671430"></trkpt>
      <trkpt lat="55.167150" lon="25.671120"></trkpt>
      <trkpt lat="55.167170" lon="25.670500"></trkpt>
      <trkpt lat="55.167230" lon="25.670290"></trkpt>
      <trkpt lat="55.167310" lon="25.670150"></trkpt>
      <trkpt lat="55.167400" lon="25.670050"></trkpt>
      <trkpt lat="55.167500" lon="25.669990"></trkpt>
      <trkpt lat="55.167600" lon="25.669970"></trkpt>
      <trkpt lat="55.167700" lon="25.670010"></trkpt>
      <trkpt lat="55.167960" lon="25.670260"></trkpt>
      <trkpt lat="55.168200" lon="25.670360"></trkpt>
      <trkpt lat="55.168300" lon="25.670340"></trkpt>
      <trkpt lat="55.168390" lon="25.670250"></trkpt>
      <trkpt lat="55.168530" lon="25.669990"></trkpt>
      <trkpt lat="55.168710" lon="25.669550"></trkpt>
      <trkpt lat="55.169000" lon="25.669000"></trkpt>
      <trkpt lat="55.169120" lon="25.668870"></trkpt>
      <trkpt lat="55.169630" lon="25.668480"></trkpt>
      <trkpt lat="55.169780" lon="25.668310"></trkpt>
      <trkpt lat="55.169920" lon="25.668090"></trkpt>
      <trkpt lat="55.170170" lon="25.667410"></trkpt>
      <trkpt lat="55.170250" lon="25.667140"></trkpt>
      <trkpt lat="55.170320" lon="25.666780"></trkpt>
      <trkpt lat="55.170430" lon="25.665650"></trkpt>
      <trkpt lat="55.170480" lon="25.665310"></trkpt>
      <trkpt lat="55.170610" lon="25.664670"></trkpt>
      <trkpt lat="55.170660" lon="25.664330"></trkpt>
      <trkpt lat="55.170720" lon="25.663690"></trkpt>
      <trkpt lat="55.170760" lon="25.663490"></trkpt>
      <trkpt lat="55.170860" lon="25.663220"></trkpt>
      <trkpt lat="55.171270" lon="25.662380"></trkpt>
      <trkpt lat="55.171623" lon="25.661390"></trkpt>
      <trkpt lat="55.171977" lon="25.660400"></trkpt>
      <trkpt lat="55.172330" lon="25.659410"></trkpt>
      <trkpt lat="55.172740" lon="25.658700"></trkpt>
      <trkpt lat="55.172980" lon="25.658150"></trkpt>
      <trkpt lat="55.173040" lon="25.657920"></trkpt>
      <trkpt lat="55.173060" lon="25.657720"></trkpt>
      <trkpt lat="55.173070" lon="25.656740"></trkpt>
      <trkpt lat="55.173140" lon="25.655470"></trkpt>
      <trkpt lat="55.173230" lon="25.654650"></trkpt>
      <trkpt lat="55.173420" lon="25.653500"></trkpt>
      <trkpt lat="55.173470" lon="25.653330"></trkpt>
      <trkpt lat="55.173710" lon="25.652850"></trkpt>
      <trkpt lat="55.174010" lon="25.652020"></trkpt>
      <trkpt lat="55.174140" lon="25.651530"></trkpt>
      <trkpt lat="55.174450" lon="25.650560"></trkpt>
      <trkpt lat="55.174540" lon="25.650340"></trkpt>
      <trkpt lat="55.174660" lon="25.650140"></trkpt>
      <trkpt lat="55.175350" lon="25.649305"></trkpt>
      <trkpt lat="55.176040" lon="25.648470"></trkpt>
      <trkpt lat="55.176190" lon="25.648210"></trkpt>
      <trkpt lat="55.176450" lon="25.647670"></trkpt>
      <trkpt lat="55.176540" lon="25.647320"></trkpt>
      <trkpt lat="55.176680" lon="25.646230"></trkpt>
      <trkpt lat="55.176800" lon="25.645810"></trkpt>
      <trkpt lat="55.176900" lon="25.645600"></trkpt>
      <trkpt lat="55.177240" lon="25.644975"></trkpt>
      <trkpt lat="55.177580" lon="25.644350"></trkpt>
      <trkpt lat="55.177970" lon="25.643550"></trkpt>
      <trkpt lat="55.178455" lon="25.642875"></trkpt>
      <trkpt lat="55.178940" lon="25.642200"></trkpt>
      <trkpt lat="55.179190" lon="25.641770"></trkpt>
      <trkpt lat="55.179330" lon="25.641490"></trkpt>
      <trkpt lat="55.179600" lon="25.640840"></trkpt>
      <trkpt lat="55.179880" lon="25.640280"></trkpt>
      <trkpt lat="55.179980" lon="25.640040"></trkpt>
      <trkpt lat="55.180090" lon="25.639680"></trkpt>
      <trkpt lat="55.180220" lon="25.639400"></trkpt>
      <trkpt lat="55.180340" lon="25.639190"></trkpt>
      <trkpt lat="55.180720" lon="25.638690"></trkpt>
      <trkpt lat="55.180900" lon="25.638510"></trkpt>
      <trkpt lat="55.181000" lon="25.638450"></trkpt>
      <trkpt lat="55.181140" lon="25.638410"></trkpt>
      <trkpt lat="55.181530" lon="25.638410"></trkpt>
      <trkpt lat="55.181750" lon="25.638340"></trkpt>
      <trkpt lat="55.182180" lon="25.638000"></trkpt>
      <trkpt lat="55.182640" lon="25.637810"></trkpt>
      <trkpt lat="55.182770" lon="25.637820"></trkpt>
      <trkpt lat="55.183280" lon="25.638030"></trkpt>
      <trkpt lat="55.183610" lon="25.638140"></trkpt>
      <trkpt lat="55.183760" lon="25.638170"></trkpt>
      <trkpt lat="55.183950" lon="25.638170"></trkpt>
      <trkpt lat="55.184550" lon="25.638030"></trkpt>
      <trkpt lat="55.185365" lon="25.637650"></trkpt>
      <trkpt lat="55.186180" lon="25.637270"></trkpt>
      <trkpt lat="55.186440" lon="25.637110"></trkpt>
      <trkpt lat="55.187060" lon="25.636620"></trkpt>
      <trkpt lat="55.187690" lon="25.636040"></trkpt>
      <trkpt lat="55.188460" lon="25.635280"></trkpt>
      <trkpt lat="55.188620" lon="25.635070"></trkpt>
      <trkpt lat="55.189085" lon="25.634190"></trkpt>
      <trkpt lat="55.189550" lon="25.633310"></trkpt>
      <trkpt lat="55.189710" lon="25.633050"></trkpt>
      <trkpt lat="55.190310" lon="25.632320"></trkpt>
      <trkpt lat="55.190480" lon="25.632090"></trkpt>
      <trkpt lat="55.190590" lon="25.631880"></trkpt>
      <trkpt lat="55.190930" lon="25.631120"></trkpt>
      <trkpt lat="55.191190" lon="25.630630"></trkpt>
      <trkpt lat="55.191580" lon="25.629805"></trkpt>
      <trkpt lat="55.191970" lon="25.628980"></trkpt>
      <trkpt lat="55.192210" lon="25.628310"></trkpt>
      <trkpt lat="55.192440" lon="25.627430"></trkpt>
      <trkpt lat="55.192590" lon="25.626720"></trkpt>
      <trkpt lat="55.192675" lon="25.625940"></trkpt>
      <trkpt lat="55.192760" lon="25.625160"></trkpt>
      <trkpt lat="55.192830" lon="25.623790"></trkpt>
      <trkpt lat="55.192880" lon="25.623570"></trkpt>
      <trkpt lat="55.192950" lon="25.623380"></trkpt>
      <trkpt lat="55.193030" lon="25.623240"></trkpt>
      <trkpt lat="55.193240" lon="25.622970"></trkpt>
      <trkpt lat="55.193380" lon="25.622760"></trkpt>
      <trkpt lat="55.193750" lon="25.622160"></trkpt>
      <trkpt lat="55.193830" lon="25.622000"></trkpt>
      <trkpt lat="55.193940" lon="25.621650"></trkpt>
      <trkpt lat="55.193990" lon="25.621330"></trkpt>
      <trkpt lat="55.194180" lon="25.619850"></trkpt>
      <trkpt lat="55.194270" lon="25.618680"></trkpt>
      <trkpt lat="55.194360" lon="25.617510"></trkpt>
      <trkpt lat="55.194450" lon="25.616340"></trkpt>
      <trkpt lat="55.194540" lon="25.615390"></trkpt>
      <trkpt lat="55.194630" lon="25.614440"></trkpt>
      <trkpt lat="55.194670" lon="25.613520"></trkpt>
      <trkpt lat="55.194730" lon="25.612740"></trkpt>
      <trkpt lat="55.194860" lon="25.611260"></trkpt>
      <trkpt lat="55.194990" lon="25.609780"></trkpt>
      <trkpt lat="55.194990" lon="25.608980"></trkpt>
      <trkpt lat="55.195010" lon="25.608650"></trkpt>
      <trkpt lat="55.195050" lon="25.608360"></trkpt>
      <trkpt lat="55.195180" lon="25.607860"></trkpt>
      <trkpt lat="55.195480" lon="25.606080"></trkpt>
      <trkpt lat="55.195690" lon="25.604730"></trkpt>
      <trkpt lat="55.195750" lon="25.604020"></trkpt>
      <trkpt lat="55.195750" lon="25.603530"></trkpt>
      <trkpt lat="55.195690" lon="25.602680"></trkpt>
      <trkpt lat="55.195690" lon="25.602370"></trkpt>
      <trkpt lat="55.195720" lon="25.601780"></trkpt>
      <trkpt lat="55.195700" lon="25.601560"></trkpt>
      <trkpt lat="55.195660" lon="25.601380"></trkpt>
      <trkpt lat="55.195570" lon="25.601180"></trkpt>
      <trkpt lat="55.195450" lon="25.600990"></trkpt>
      <trkpt lat="55.195320" lon="25.600840"></trkpt>
      <trkpt lat="55.195180" lon="25.600730"></trkpt>
      <trkpt lat="55.195050" lon="25.600680"></trkpt>
      <trkpt lat="55.194880" lon="25.600660"></trkpt>
      <trkpt lat="55.194740" lon="25.600680"></trkpt>
      <trkpt lat="55.194460" lon="25.600820"></trkpt>
      <trkpt lat="55.194270" lon="25.600880"></trkpt>
      <trkpt lat="55.194050" lon="25.600890"></trkpt>
      <trkpt lat="55.193860" lon="25.600750"></trkpt>
      <trkpt lat="55.193750" lon="25.600630"></trkpt>
      <trkpt lat="55.193430" lon="25.600120"></trkpt>
      <trkpt lat="55.192980" lon="25.599025"></trkpt>
      <trkpt lat="55.192530" lon="25.597930"></trkpt>
      <trkpt lat="55.192380" lon="25.597610"></trkpt>
      <trkpt lat="55.192400" lon="25.597490"></trkpt>
      <trkpt lat="55.192520" lon="25.597290"></trkpt>
      <trkpt lat="55.193075" lon="25.597605"></trkpt>
      <trkpt lat="55.193630" lon="25.597920"></trkpt>
      <trkpt lat="55.193950" lon="25.598020"></trkpt>
      <trkpt lat="55.194270" lon="25.598010"></trkpt>
      <trkpt lat="55.194500" lon="25.597940"></trkpt>
      <trkpt lat="55.194720" lon="25.597780"></trkpt>
      <trkpt lat="55.195180" lon="25.597300"></trkpt>
      <trkpt lat="55.195640" lon="25.596820"></trkpt>
      <trkpt lat="55.196213" lon="25.596303"></trkpt>
      <trkpt lat="55.196787" lon="25.595787"></trkpt>
      <trkpt lat="55.197360" lon="25.595270"></trkpt>
      <trkpt lat="55.197610" lon="25.595110"></trkpt>
      <trkpt lat="55.198070" lon="25.594270"></trkpt>
      <trkpt lat="55.198360" lon="25.593680"></trkpt>
      <trkpt lat="55.198750" lon="25.593190"></trkpt>
      <trkpt lat="55.199130" lon="25.592840"></trkpt>
      <trkpt lat="55.199230" lon="25.592670"></trkpt>
      <trkpt lat="55.199280" lon="25.592500"></trkpt>
      <trkpt lat="55.199320" lon="25.592280"></trkpt>
      <trkpt lat="55.199370" lon="25.591450"></trkpt>
      <trkpt lat="55.199630" lon="25.590130"></trkpt>
      <trkpt lat="55.199800" lon="25.589760"></trkpt>
      <trkpt lat="55.200050" lon="25.589390"></trkpt>
      <trkpt lat="55.200530" lon="25.588790"></trkpt>
      <trkpt lat="55.200660" lon="25.588600"></trkpt>
      <trkpt lat="55.200770" lon="25.588330"></trkpt>
      <trkpt lat="55.200750" lon="25.588170"></trkpt>
      <trkpt lat="55.200590" lon="25.587660"></trkpt>
      <trkpt lat="55.200430" lon="25.586930"></trkpt>
      <trkpt lat="55.199950" lon="25.586515"></trkpt>
      <trkpt lat="55.199470" lon="25.586100"></trkpt>
      <trkpt lat="55.198950" lon="25.585560"></trkpt>
      <trkpt lat="55.198420" lon="25.584980"></trkpt>
      <trkpt lat="55.198015" lon="25.584595"></trkpt>
      <trkpt lat="55.197610" lon="25.584210"></trkpt>
      <trkpt lat="55.197410" lon="25.583950"></trkpt>
      <trkpt lat="55.197320" lon="25.583680"></trkpt>
      <trkpt lat="55.197160" lon="25.583330"></trkpt>
      <trkpt lat="55.196850" lon="25.582440"></trkpt>
      <trkpt lat="55.196540" lon="25.581550"></trkpt>
      <trkpt lat="55.196460" lon="25.581050"></trkpt>
      <trkpt lat="55.196440" lon="25.580420"></trkpt>
      <trkpt lat="55.196360" lon="25.579850"></trkpt>
      <trkpt lat="55.196250" lon="25.579420"></trkpt>
      <trkpt lat="55.196120" lon="25.579130"></trkpt>
      <trkpt lat="55.195940" lon="25.578910"></trkpt>
      <trkpt lat="55.195650" lon="25.578710"></trkpt>
      <trkpt lat="55.195490" lon="25.578460"></trkpt>
      <trkpt lat="55.195280" lon="25.577840"></trkpt>
      <trkpt lat="55.194760" lon="25.576820"></trkpt>
      <trkpt lat="55.194505" lon="25.576165"></trkpt>
      <trkpt lat="55.194250" lon="25.575510"></trkpt>
      <trkpt lat="55.194005" lon="25.574315"></trkpt>
      <trkpt lat="55.193760" lon="25.573120"></trkpt>
      <trkpt lat="55.193770" lon="25.572740"></trkpt>
      <trkpt lat="55.193730" lon="25.571830"></trkpt>
      <trkpt lat="55.193700" lon="25.571500"></trkpt>
      <trkpt lat="55.193510" lon="25.570650"></trkpt>
      <trkpt lat="55.193540" lon="25.570450"></trkpt>
      <trkpt lat="55.193885" lon="25.569810"></trkpt>
      <trkpt lat="55.194230" lon="25.569170"></trkpt>
      <trkpt lat="55.194540" lon="25.568380"></trkpt>
      <trkpt lat="55.195160" lon="25.567500"></trkpt>
      <trkpt lat="55.195550" lon="25.566820"></trkpt>
      <trkpt lat="55.195990" lon="25.566180"></trkpt>
      <trkpt lat="55.196730" lon="25.565310"></trkpt>
      <trkpt lat="55.196930" lon="25.564910"></trkpt>
      <trkpt lat="55.197380" lon="25.563710"></trkpt>
      <trkpt lat="55.197680" lon="25.562730"></trkpt>
      <trkpt lat="55.198107" lon="25.561367"></trkpt>
      <trkpt lat="55.198533" lon="25.560003"></trkpt>
      <trkpt lat="55.198960" lon="25.558640"></trkpt>
      <trkpt lat="55.199450" lon="25.557790"></trkpt>
      <trkpt lat="55.199990" lon="25.556630"></trkpt>
      <trkpt lat="55.200300" lon="25.555860"></trkpt>
      <trkpt lat="55.200600" lon="25.555300"></trkpt>
      <trkpt lat="55.200940" lon="25.554520"></trkpt>
      <trkpt lat="55.201020" lon="25.554170"></trkpt>
      <trkpt lat="55.201060" lon="25.553640"></trkpt>
      <trkpt lat="55.201120" lon="25.553230"></trkpt>
      <trkpt lat="55.201490" lon="25.551850"></trkpt>
      <trkpt lat="55.201790" lon="25.550930"></trkpt>
      <trkpt lat="55.201870" lon="25.550630"></trkpt>
      <trkpt lat="55.201900" lon="25.550380"></trkpt>
      <trkpt lat="55.201890" lon="25.549630"></trkpt>
      <trkpt lat="55.201850" lon="25.548970"></trkpt>
      <trkpt lat="55.201840" lon="25.548260"></trkpt>
      <trkpt lat="55.201845" lon="25.547450"></trkpt>
      <trkpt lat="55.201850" lon="25.546640"></trkpt>
      <trkpt lat="55.201790" lon="25.546110"></trkpt>
      <trkpt lat="55.201600" lon="25.545500"></trkpt>
      <trkpt lat="55.201400" lon="25.544990"></trkpt>
      <trkpt lat="55.201340" lon="25.544760"></trkpt>
      <trkpt lat="55.201290" lon="25.543455"></trkpt>
      <trkpt lat="55.201240" lon="25.542150"></trkpt>
      <trkpt lat="55.201170" lon="25.541410"></trkpt>
      <trkpt lat="55.201180" lon="25.540240"></trkpt>
      <trkpt lat="55.201210" lon="25.539970"></trkpt>
      <trkpt lat="55.201210" lon="25.539190"></trkpt>
      <trkpt lat="55.201160" lon="25.538690"></trkpt>
      <trkpt lat="55.201220" lon="25.537980"></trkpt>
      <trkpt lat="55.201190" lon="25.537600"></trkpt>
      <trkpt lat="55.200930" lon="25.536450"></trkpt>
      <trkpt lat="55.200670" lon="25.535300"></trkpt>
      <trkpt lat="55.200410" lon="25.534150"></trkpt>
      <trkpt lat="55.200340" lon="25.533950"></trkpt>
      <trkpt lat="55.200260" lon="25.533830"></trkpt>
      <trkpt lat="55.200160" lon="25.533730"></trkpt>
      <trkpt lat="55.200020" lon="25.533690"></trkpt>
      <trkpt lat="55.200100" lon="25.533430"></trkpt>
      <trkpt lat="55.200480" lon="25.532770"></trkpt>
      <trkpt lat="55.200630" lon="25.532670"></trkpt>
      <trkpt lat="55.201290" lon="25.532290"></trkpt>
      <trkpt lat="55.201530" lon="25.532190"></trkpt>
      <trkpt lat="55.201870" lon="25.531990"></trkpt>
      <trkpt lat="55.202320" lon="25.531680"></trkpt>
      <trkpt lat="55.202550" lon="25.531490"></trkpt>
      <trkpt lat="55.202800" lon="25.531360"></trkpt>
      <trkpt lat="55.203360" lon="25.530970"></trkpt>
      <trkpt lat="55.203690" lon="25.530700"></trkpt>
      <trkpt lat="55.204300" lon="25.530350"></trkpt>
      <trkpt lat="55.204580" lon="25.530070"></trkpt>
      <trkpt lat="55.204960" lon="25.529410"></trkpt>
      <trkpt lat="55.205340" lon="25.528670"></trkpt>
      <trkpt lat="55.205720" lon="25.527930"></trkpt>
      <trkpt lat="55.206140" lon="25.527210"></trkpt>
      <trkpt lat="55.206290" lon="25.526900"></trkpt>
      <trkpt lat="55.206530" lon="25.526350"></trkpt>
      <trkpt lat="55.206650" lon="25.526200"></trkpt>
      <trkpt lat="55.206870" lon="25.525970"></trkpt>
      <trkpt lat="55.207010" lon="25.525890"></trkpt>
      <trkpt lat="55.207160" lon="25.525860"></trkpt>
      <trkpt lat="55.207260" lon="25.525890"></trkpt>
      <trkpt lat="55.207350" lon="25.525950"></trkpt>
      <trkpt lat="55.207630" lon="25.526240"></trkpt>
      <trkpt lat="55.207800" lon="25.526360"></trkpt>
      <trkpt lat="55.208140" lon="25.526670"></trkpt>
      <trkpt lat="55.208820" lon="25.527110"></trkpt>
      <trkpt lat="55.209130" lon="25.527420"></trkpt>
      <trkpt lat="55.209565" lon="25.527780"></trkpt>
      <trkpt lat="55.210000" lon="25.528140"></trkpt>
      <trkpt lat="55.210445" lon="25.528570"></trkpt>
      <trkpt lat="55.210890" lon="25.529000"></trkpt>
      <trkpt lat="55.211640" lon="25.529660"></trkpt>
      <trkpt lat="55.212175" lon="25.530155"></trkpt>
      <trkpt lat="55.212710" lon="25.530650"></trkpt>
      <trkpt lat="55.212940" lon="25.530900"></trkpt>
      <trkpt lat="55.213290" lon="25.531390"></trkpt>
      <trkpt lat="55.213490" lon="25.531720"></trkpt>
      <trkpt lat="55.213690" lon="25.532220"></trkpt>
      <trkpt lat="55.213850" lon="25.532660"></trkpt>
      <trkpt lat="55.214070" lon="25.533060"></trkpt>
      <trkpt lat="55.214605" lon="25.533885"></trkpt>
      <trkpt lat="55.215140" lon="25.534710"></trkpt>
      <trkpt lat="55.215480" lon="25.535380"></trkpt>
      <trkpt lat="55.215960" lon="25.536418"></trkpt>
      <trkpt lat="55.216440" lon="25.537457"></trkpt>
      <trkpt lat="55.216920" lon="25.538495"></trkpt>
      <trkpt lat="55.217400" lon="25.539533"></trkpt>
      <trkpt lat="55.217880" lon="25.540572"></trkpt>
      <trkpt lat="55.218360" lon="25.541610"></trkpt>
      <trkpt lat="55.218615" lon="25.542335"></trkpt>
      <trkpt lat="55.218870" lon="25.543060"></trkpt>
      <trkpt lat="55.219220" lon="25.544130"></trkpt>
      <trkpt lat="55.219390" lon="25.544810"></trkpt>
      <trkpt lat="55.219570" lon="25.545800"></trkpt>
      <trkpt lat="55.219790" lon="25.546525"></trkpt>
      <trkpt lat="55.220010" lon="25.547250"></trkpt>
      <trkpt lat="55.220345" lon="25.548420"></trkpt>
      <trkpt lat="55.220680" lon="25.549590"></trkpt>
      <trkpt lat="55.220750" lon="25.550050"></trkpt>
      <trkpt lat="55.220790" lon="25.550740"></trkpt>
      <trkpt lat="55.220760" lon="25.551775"></trkpt>
      <trkpt lat="55.220730" lon="25.552810"></trkpt>
      <trkpt lat="55.220750" lon="25.553070"></trkpt>
      <trkpt lat="55.220900" lon="25.553430"></trkpt>
      <trkpt lat="55.221040" lon="25.553450"></trkpt>
      <trkpt lat="55.221170" lon="25.553500"></trkpt>
      <trkpt lat="55.221380" lon="25.553690"></trkpt>
      <trkpt lat="55.221795" lon="25.554170"></trkpt>
      <trkpt lat="55.222210" lon="25.554650"></trkpt>
      <trkpt lat="55.222410" lon="25.554820"></trkpt>
      <trkpt lat="55.222580" lon="25.554900"></trkpt>
      <trkpt lat="55.223110" lon="25.554970"></trkpt>
      <trkpt lat="55.223600" lon="25.555120"></trkpt>
      <trkpt lat="55.224090" lon="25.555270"></trkpt>
      <trkpt lat="55.224300" lon="25.555300"></trkpt>
      <trkpt lat="55.224520" lon="25.555210"></trkpt>
      <trkpt lat="55.225150" lon="25.554695"></trkpt>
      <trkpt lat="55.225780" lon="25.554180"></trkpt>
      <trkpt lat="55.226255" lon="25.554060"></trkpt>
      <trkpt lat="55.226730" lon="25.553940"></trkpt>
      <trkpt lat="55.227390" lon="25.553590"></trkpt>
      <trkpt lat="55.228070" lon="25.553570"></trkpt>
      <trkpt lat="55.228750" lon="25.553550"></trkpt>
      <trkpt lat="55.229460" lon="25.553340"></trkpt>
      <trkpt lat="55.230290" lon="25.552890"></trkpt>
      <trkpt lat="55.230640" lon="25.552550"></trkpt>
      <trkpt lat="55.231225" lon="25.551875"></trkpt>
      <trkpt lat="55.231810" lon="25.551200"></trkpt>
      <trkpt lat="55.232455" lon="25.550665"></trkpt>
      <trkpt lat="55.233100" lon="25.550130"></trkpt>
      <trkpt lat="55.233460" lon="25.549750"></trkpt>
      <trkpt lat="55.233820" lon="25.549450"></trkpt>
      <trkpt lat="55.234160" lon="25.549340"></trkpt>
      <trkpt lat="55.234390" lon="25.549150"></trkpt>
      <trkpt lat="55.234950" lon="25.548560"></trkpt>
      <trkpt lat="55.235110" lon="25.548410"></trkpt>
      <trkpt lat="55.235240" lon="25.548330"></trkpt>
      <trkpt lat="55.235440" lon="25.548280"></trkpt>
      <trkpt lat="55.235830" lon="25.548320"></trkpt>
      <trkpt lat="55.236050" lon="25.548300"></trkpt>
      <trkpt lat="55.236280" lon="25.548200"></trkpt>
      <trkpt lat="55.236750" lon="25.547800"></trkpt>
      <trkpt lat="55.236930" lon="25.547680"></trkpt>
      <trkpt lat="55.237440" lon="25.547560"></trkpt>
      <trkpt lat="55.237950" lon="25.547440"></trkpt>
      <trkpt lat="55.238400" lon="25.547325"></trkpt>
      <trkpt lat="55.238850" lon="25.547210"></trkpt>
      <trkpt lat="55.239450" lon="25.547210"></trkpt>
      <trkpt lat="55.239900" lon="25.547165"></trkpt>
      <trkpt lat="55.240350" lon="25.547120"></trkpt>
      <trkpt lat="55.241085" lon="25.546935"></trkpt>
      <trkpt lat="55.241820" lon="25.546750"></trkpt>
      <trkpt lat="55.242500" lon="25.546640"></trkpt>
      <trkpt lat="55.243180" lon="25.546570"></trkpt>
      <trkpt lat="55.243982" lon="25.546626"></trkpt>
      <trkpt lat="55.244784" lon="25.546682"></trkpt>
      <trkpt lat="55.245586" lon="25.546738"></trkpt>
      <trkpt lat="55.246388" lon="25.546794"></trkpt>
      <trkpt lat="55.247190" lon="25.546850"></trkpt>
      <trkpt lat="55.247210" lon="25.546850"></trkpt>
      <trkpt lat="55.247990" lon="25.546920"></trkpt>
      <trkpt lat="55.248770" lon="25.546990"></trkpt>
      <trkpt lat="55.249520" lon="25.547030"></trkpt>
      <trkpt lat="55.250030" lon="25.547165"></trkpt>
      <trkpt lat="55.250540" lon="25.547300"></trkpt>
      <trkpt lat="55.251235" lon="25.547545"></trkpt>
      <trkpt lat="55.251930" lon="25.547790"></trkpt>
      <trkpt lat="55.252250" lon="25.547880"></trkpt>
      <trkpt lat="55.252550" lon="25.547940"></trkpt>
      <trkpt lat="55.252850" lon="25.547960"></trkpt>
      <trkpt lat="55.253120" lon="25.547940"></trkpt>
      <trkpt lat="55.253320" lon="25.547890"></trkpt>
      <trkpt lat="55.253520" lon="25.547790"></trkpt>
      <trkpt lat="55.254120" lon="25.547370"></trkpt>
      <trkpt lat="55.254240" lon="25.547320"></trkpt>
      <trkpt lat="55.254350" lon="25.547300"></trkpt>
      <trkpt lat="55.254450" lon="25.547310"></trkpt>
      <trkpt lat="55.254690" lon="25.547400"></trkpt>
      <trkpt lat="55.255500" lon="25.547800"></trkpt>
      <trkpt lat="55.255610" lon="25.548380"></trkpt>
      <trkpt lat="55.255660" lon="25.548770"></trkpt>
      <trkpt lat="55.255745" lon="25.550085"></trkpt>
      <trkpt lat="55.255830" lon="25.551400"></trkpt>
      <trkpt lat="55.255890" lon="25.551970"></trkpt>
      <trkpt lat="55.256120" lon="25.553000"></trkpt>
      <trkpt lat="55.256350" lon="25.554030"></trkpt>
      <trkpt lat="55.256580" lon="25.555060"></trkpt>
      <trkpt lat="55.256600" lon="25.555440"></trkpt>
      <trkpt lat="55.256550" lon="25.555720"></trkpt>
      <trkpt lat="55.256460" lon="25.556040"></trkpt>
      <trkpt lat="55.256040" lon="25.557250"></trkpt>
      <trkpt lat="55.256000" lon="25.557870"></trkpt>
      <trkpt lat="55.256057" lon="25.559337"></trkpt>
      <trkpt lat="55.256113" lon="25.560803"></trkpt>
      <trkpt lat="55.256170" lon="25.562270"></trkpt>
      <trkpt lat="55.256250" lon="25.563150"></trkpt>
      <trkpt lat="55.256350" lon="25.563850"></trkpt>
      <trkpt lat="55.256740" lon="25.565220"></trkpt>
      <trkpt lat="55.257130" lon="25.566590"></trkpt>
      <trkpt lat="55.257510" lon="25.567470"></trkpt>
      <trkpt lat="55.257610" lon="25.567920"></trkpt>
      <trkpt lat="55.257680" lon="25.568380"></trkpt>
      <trkpt lat="55.257830" lon="25.568670"></trkpt>
      <trkpt lat="55.258000" lon="25.568850"></trkpt>
      <trkpt lat="55.258420" lon="25.568990"></trkpt>
      <trkpt lat="55.259050" lon="25.569060"></trkpt>
      <trkpt lat="55.259700" lon="25.569280"></trkpt>
      <trkpt lat="55.260190" lon="25.569480"></trkpt>
      <trkpt lat="55.260780" lon="25.569800"></trkpt>
      <trkpt lat="55.261340" lon="25.570010"></trkpt>
      <trkpt lat="55.261720" lon="25.570020"></trkpt>
      <trkpt lat="55.262320" lon="25.569960"></trkpt>
      <trkpt lat="55.263190" lon="25.570020"></trkpt>
      <trkpt lat="55.263430" lon="25.569990"></trkpt>
      <trkpt lat="55.263640" lon="25.569910"></trkpt>
      <trkpt lat="55.264330" lon="25.569635"></trkpt>
      <trkpt lat="55.265020" lon="25.569360"></trkpt>
      <trkpt lat="55.265170" lon="25.569210"></trkpt>
      <trkpt lat="55.265270" lon="25.569420"></trkpt>
      <trkpt lat="55.265460" lon="25.569730"></trkpt>
      <trkpt lat="55.266050" lon="25.570510"></trkpt>
      <trkpt lat="55.266640" lon="25.571290"></trkpt>
      <trkpt lat="55.267230" lon="25.572070"></trkpt>
      <trkpt lat="55.267860" lon="25.572880"></trkpt>
      <trkpt lat="55.268490" lon="25.573690"></trkpt>
      <trkpt lat="55.268750" lon="25.574050"></trkpt>
      <trkpt lat="55.268880" lon="25.574260"></trkpt>
      <trkpt lat="55.269150" lon="25.574820"></trkpt>
      <trkpt lat="55.269230" lon="25.575070"></trkpt>
      <trkpt lat="55.269290" lon="25.575340"></trkpt>
      <trkpt lat="55.269420" lon="25.576240"></trkpt>
      <trkpt lat="55.269490" lon="25.576440"></trkpt>
      <trkpt lat="55.269560" lon="25.576570"></trkpt>
      <trkpt lat="55.269650" lon="25.576680"></trkpt>
      <trkpt lat="55.269750" lon="25.576750"></trkpt>
      <trkpt lat="55.269860" lon="25.576790"></trkpt>
      <trkpt lat="55.269980" lon="25.576810"></trkpt>
      <trkpt lat="55.270745" lon="25.576760"></trkpt>
      <trkpt lat="55.271510" lon="25.576710"></trkpt>
      <trkpt lat="55.271690" lon="25.576710"></trkpt>
      <trkpt lat="55.272000" lon="25.576780"></trkpt>
      <trkpt lat="55.272140" lon="25.576830"></trkpt>
      <trkpt lat="55.272440" lon="25.577040"></trkpt>
      <trkpt lat="55.272620" lon="25.577210"></trkpt>
      <trkpt lat="55.273240" lon="25.577890"></trkpt>
      <trkpt lat="55.273450" lon="25.578090"></trkpt>
      <trkpt lat="55.273965" lon="25.578520"></trkpt>
      <trkpt lat="55.274480" lon="25.578950"></trkpt>
      <trkpt lat="55.274960" lon="25.579430"></trkpt>
      <trkpt lat="55.275330" lon="25.579900"></trkpt>
      <trkpt lat="55.275685" lon="25.580545"></trkpt>
      <trkpt lat="55.276040" lon="25.581190"></trkpt>
      <trkpt lat="55.276270" lon="25.581480"></trkpt>
      <trkpt lat="55.276720" lon="25.581930"></trkpt>
      <trkpt lat="55.276880" lon="25.582220"></trkpt>
      <trkpt lat="55.277030" lon="25.582630"></trkpt>
      <trkpt lat="55.277310" lon="25.583580"></trkpt>
      <trkpt lat="55.277450" lon="25.583940"></trkpt>
      <trkpt lat="55.277610" lon="25.584290"></trkpt>
      <trkpt lat="55.277750" lon="25.584550"></trkpt>
      <trkpt lat="55.277900" lon="25.584790"></trkpt>
      <trkpt lat="55.278150" lon="25.585130"></trkpt>
      <trkpt lat="55.278645" lon="25.585710"></trkpt>
      <trkpt lat="55.279140" lon="25.586290"></trkpt>
      <trkpt lat="55.279310" lon="25.586470"></trkpt>
      <trkpt lat="55.279520" lon="25.586630"></trkpt>
      <trkpt lat="55.279710" lon="25.586740"></trkpt>
      <trkpt lat="55.279910" lon="25.586820"></trkpt>
      <trkpt lat="55.280160" lon="25.586860"></trkpt>
      <trkpt lat="55.280645" lon="25.586875"></trkpt>
      <trkpt lat="55.281130" lon="25.586890"></trkpt>
      <trkpt lat="55.281490" lon="25.586980"></trkpt>
      <trkpt lat="55.281660" lon="25.587060"></trkpt>
      <trkpt lat="55.282110" lon="25.587370"></trkpt>
      <trkpt lat="55.282620" lon="25.587770"></trkpt>
      <trkpt lat="55.282730" lon="25.587900"></trkpt>
      <trkpt lat="55.282920" lon="25.588180"></trkpt>
      <trkpt lat="55.283060" lon="25.588490"></trkpt>
      <trkpt lat="55.283290" lon="25.589130"></trkpt>
      <trkpt lat="55.283530" lon="25.589540"></trkpt>
      <trkpt lat="55.284150" lon="25.590260"></trkpt>
      <trkpt lat="55.284260" lon="25.590420"></trkpt>
      <trkpt lat="55.284460" lon="25.590790"></trkpt>
      <trkpt lat="55.284510" lon="25.590710"></trkpt>
      <trkpt lat="55.284660" lon="25.590630"></trkpt>
      <trkpt lat="55.285220" lon="25.590750"></trkpt>
      <trkpt lat="55.285420" lon="25.590830"></trkpt>
      <trkpt lat="55.286200" lon="25.591310"></trkpt>
      <trkpt lat="55.286330" lon="25.591420"></trkpt>
      <trkpt lat="55.286850" lon="25.592040"></trkpt>
      <trkpt lat="55.287120" lon="25.592250"></trkpt>
      <trkpt lat="55.287780" lon="25.592860"></trkpt>
      <trkpt lat="55.288080" lon="25.593010"></trkpt>
      <trkpt lat="55.288520" lon="25.593140"></trkpt>
      <trkpt lat="55.289167" lon="25.593450"></trkpt>
      <trkpt lat="55.289813" lon="25.593760"></trkpt>
      <trkpt lat="55.290460" lon="25.594070"></trkpt>
      <trkpt lat="55.290740" lon="25.594060"></trkpt>
      <trkpt lat="55.291170" lon="25.593790"></trkpt>
      <trkpt lat="55.291460" lon="25.593810"></trkpt>
      <trkpt lat="55.291890" lon="25.594160"></trkpt>
      <trkpt lat="55.292580" lon="25.594940"></trkpt>
      <trkpt lat="55.293090" lon="25.595705"></trkpt>
      <trkpt lat="55.293600" lon="25.596470"></trkpt>
      <trkpt lat="55.293915" lon="25.597350"></trkpt>
      <trkpt lat="55.294230" lon="25.598230"></trkpt>
      <trkpt lat="55.294270" lon="25.598430"></trkpt>
      <trkpt lat="55.294350" lon="25.599220"></trkpt>
      <trkpt lat="55.294650" lon="25.599820"></trkpt>
      <trkpt lat="55.295050" lon="25.600200"></trkpt>
      <trkpt lat="55.295580" lon="25.600550"></trkpt>
      <trkpt lat="55.296110" lon="25.600900"></trkpt>
      <trkpt lat="55.296793" lon="25.600877"></trkpt>
      <trkpt lat="55.297477" lon="25.600853"></trkpt>
      <trkpt lat="55.298160" lon="25.600830"></trkpt>
      <trkpt lat="55.298830" lon="25.600570"></trkpt>
      <trkpt lat="55.299200" lon="25.600200"></trkpt>
      <trkpt lat="55.299740" lon="25.599340"></trkpt>
      <trkpt lat="55.300280" lon="25.598480"></trkpt>
      <trkpt lat="55.300440" lon="25.598210"></trkpt>
      <trkpt lat="55.300780" lon="25.597740"></trkpt>
      <trkpt lat="55.300620" lon="25.597960"></trkpt>
      <trkpt lat="55.300780" lon="25.597740"></trkpt>
      <trkpt lat="55.300820" lon="25.597680"></trkpt>
      <trkpt lat="55.301150" lon="25.597510"></trkpt>
      <trkpt lat="55.301650" lon="25.597155"></trkpt>
      <trkpt lat="55.302150" lon="25.596800"></trkpt>
      <trkpt lat="55.302753" lon="25.596470"></trkpt>
      <trkpt lat="55.303357" lon="25.596140"></trkpt>
      <trkpt lat="55.303960" lon="25.595810"></trkpt>
      <trkpt lat="55.304400" lon="25.595430"></trkpt>
      <trkpt lat="55.304970" lon="25.594820"></trkpt>
      <trkpt lat="55.305345" lon="25.594160"></trkpt>
      <trkpt lat="55.305720" lon="25.593500"></trkpt>
      <trkpt lat="55.306183" lon="25.592633"></trkpt>
      <trkpt lat="55.306647" lon="25.591767"></trkpt>
      <trkpt lat="55.307110" lon="25.590900"></trkpt>
      <trkpt lat="55.307620" lon="25.589890"></trkpt>
      <trkpt lat="55.307830" lon="25.589590"></trkpt>
      <trkpt lat="55.308040" lon="25.589360"></trkpt>
      <trkpt lat="55.308703" lon="25.588893"></trkpt>
      <trkpt lat="55.309367" lon="25.588427"></trkpt>
      <trkpt lat="55.310030" lon="25.587960"></trkpt>
      <trkpt lat="55.310465" lon="25.587435"></trkpt>
      <trkpt lat="55.310900" lon="25.586910"></trkpt>
      <trkpt lat="55.311350" lon="25.586830"></trkpt>
      <trkpt lat="55.311450" lon="25.586840"></trkpt>
      <trkpt lat="55.311590" lon="25.586880"></trkpt>
      <trkpt lat="55.312040" lon="25.587120"></trkpt>
      <trkpt lat="55.312270" lon="25.587160"></trkpt>
      <trkpt lat="55.312860" lon="25.587160"></trkpt>
      <trkpt lat="55.313450" lon="25.587160"></trkpt>
      <trkpt lat="55.313680" lon="25.587130"></trkpt>
      <trkpt lat="55.314190" lon="25.586870"></trkpt>
      <trkpt lat="55.314370" lon="25.587760"></trkpt>
      <trkpt lat="55.314490" lon="25.588090"></trkpt>
      <trkpt lat="55.314640" lon="25.588350"></trkpt>
      <trkpt lat="55.314830" lon="25.588560"></trkpt>
      <trkpt lat="55.315020" lon="25.588680"></trkpt>
      <trkpt lat="55.315220" lon="25.588760"></trkpt>
      <trkpt lat="55.315360" lon="25.588890"></trkpt>
      <trkpt lat="55.315500" lon="25.589120"></trkpt>
      <trkpt lat="55.315610" lon="25.589370"></trkpt>
      <trkpt lat="55.315720" lon="25.589850"></trkpt>
      <trkpt lat="55.315660" lon="25.590430"></trkpt>
      <trkpt lat="55.315415" lon="25.591715"></trkpt>
      <trkpt lat="55.315170" lon="25.593000"></trkpt>
      <trkpt lat="55.315130" lon="25.593470"></trkpt>
      <trkpt lat="55.314970" lon="25.594510"></trkpt>
      <trkpt lat="55.314815" lon="25.595795"></trkpt>
      <trkpt lat="55.314660" lon="25.597080"></trkpt>
      <trkpt lat="55.314565" lon="25.598065"></trkpt>
      <trkpt lat="55.314470" lon="25.599050"></trkpt>
      <trkpt lat="55.314450" lon="25.599770"></trkpt>
      <trkpt lat="55.314370" lon="25.600850"></trkpt>
      <trkpt lat="55.314380" lon="25.601700"></trkpt>
      <trkpt lat="55.314360" lon="25.602360"></trkpt>
      <trkpt lat="55.314230" lon="25.603290"></trkpt>
      <trkpt lat="55.314190" lon="25.603680"></trkpt>
      <trkpt lat="55.313990" lon="25.604200"></trkpt>
      <trkpt lat="55.313740" lon="25.605180"></trkpt>
      <trkpt lat="55.313470" lon="25.606360"></trkpt>
      <trkpt lat="55.313400" lon="25.607150"></trkpt>
      <trkpt lat="55.313410" lon="25.608010"></trkpt>
      <trkpt lat="55.313390" lon="25.609460"></trkpt>
      <trkpt lat="55.313360" lon="25.609920"></trkpt>
      <trkpt lat="55.313130" lon="25.611070"></trkpt>
      <trkpt lat="55.313150" lon="25.611360"></trkpt>
      <trkpt lat="55.313280" lon="25.611780"></trkpt>
      <trkpt lat="55.313310" lon="25.611980"></trkpt>
      <trkpt lat="55.313350" lon="25.613150"></trkpt>
      <trkpt lat="55.313560" lon="25.613850"></trkpt>
      <trkpt lat="55.313540" lon="25.614220"></trkpt>
      <trkpt lat="55.313420" lon="25.614600"></trkpt>
      <trkpt lat="55.313120" lon="25.615090"></trkpt>
      <trkpt lat="55.312980" lon="25.615470"></trkpt>
      <trkpt lat="55.312890" lon="25.615990"></trkpt>
      <trkpt lat="55.312820" lon="25.616570"></trkpt>
      <trkpt lat="55.312890" lon="25.617690"></trkpt>
      <trkpt lat="55.312980" lon="25.618240"></trkpt>
      <trkpt lat="55.313010" lon="25.618670"></trkpt>
      <trkpt lat="55.312960" lon="25.619280"></trkpt>
      <trkpt lat="55.312880" lon="25.619860"></trkpt>
      <trkpt lat="55.312840" lon="25.620490"></trkpt>
      <trkpt lat="55.312930" lon="25.621290"></trkpt>
      <trkpt lat="55.313120" lon="25.622420"></trkpt>
      <trkpt lat="55.313200" lon="25.623780"></trkpt>
      <trkpt lat="55.313280" lon="25.624340"></trkpt>
      <trkpt lat="55.313510" lon="25.625340"></trkpt>
      <trkpt lat="55.313490" lon="25.626530"></trkpt>
      <trkpt lat="55.313380" lon="25.627190"></trkpt>
      <trkpt lat="55.313140" lon="25.628250"></trkpt>
      <trkpt lat="55.312910" lon="25.629020"></trkpt>
      <trkpt lat="55.312680" lon="25.629790"></trkpt>
      <trkpt lat="55.312360" lon="25.630410"></trkpt>
      <trkpt lat="55.312040" lon="25.631030"></trkpt>
      <trkpt lat="55.311540" lon="25.631725"></trkpt>
      <trkpt lat="55.311040" lon="25.632420"></trkpt>
      <trkpt lat="55.310370" lon="25.633420"></trkpt>
      <trkpt lat="55.310035" lon="25.634015"></trkpt>
      <trkpt lat="55.309700" lon="25.634610"></trkpt>
      <trkpt lat="55.309570" lon="25.634890"></trkpt>
      <trkpt lat="55.309480" lon="25.635000"></trkpt>
      <trkpt lat="55.309310" lon="25.635620"></trkpt>
      <trkpt lat="55.308950" lon="25.636550"></trkpt>
      <trkpt lat="55.308590" lon="25.637480"></trkpt>
      <trkpt lat="55.308230" lon="25.638410"></trkpt>
      <trkpt lat="55.307930" lon="25.639550"></trkpt>
      <trkpt lat="55.308090" lon="25.640320"></trkpt>
      <trkpt lat="55.308250" lon="25.641090"></trkpt>
      <trkpt lat="55.308430" lon="25.642080"></trkpt>
      <trkpt lat="55.308660" lon="25.642850"></trkpt>
      <trkpt lat="55.309057" lon="25.644260"></trkpt>
      <trkpt lat="55.309453" lon="25.645670"></trkpt>
      <trkpt lat="55.309850" lon="25.647080"></trkpt>
      <trkpt lat="55.309960" lon="25.647670"></trkpt>
      <trkpt lat="55.310030" lon="25.648330"></trkpt>
      <trkpt lat="55.310220" lon="25.649110"></trkpt>
      <trkpt lat="55.310260" lon="25.649540"></trkpt>
      <trkpt lat="55.310350" lon="25.651095"></trkpt>
      <trkpt lat="55.310440" lon="25.652650"></trkpt>
      <trkpt lat="55.310630" lon="25.653630"></trkpt>
      <trkpt lat="55.310970" lon="25.654600"></trkpt>
      <trkpt lat="55.311540" lon="25.655617"></trkpt>
      <trkpt lat="55.312110" lon="25.656633"></trkpt>
      <trkpt lat="55.312680" lon="25.657650"></trkpt>
      <trkpt lat="55.313310" lon="25.658240"></trkpt>
      <trkpt lat="55.313570" lon="25.658610"></trkpt>
      <trkpt lat="55.313790" lon="25.659100"></trkpt>
      <trkpt lat="55.314173" lon="25.660070"></trkpt>
      <trkpt lat="55.314557" lon="25.661040"></trkpt>
      <trkpt lat="55.314940" lon="25.662010"></trkpt>
      <trkpt lat="55.315110" lon="25.663155"></trkpt>
      <trkpt lat="55.315280" lon="25.664300"></trkpt>
      <trkpt lat="55.315420" lon="25.664610"></trkpt>
      <trkpt lat="55.315860" lon="25.665340"></trkpt>
      <trkpt lat="55.316020" lon="25.665450"></trkpt>
      <trkpt lat="55.316410" lon="25.665430"></trkpt>
      <trkpt lat="55.316520" lon="25.665340"></trkpt>
      <trkpt lat="55.317150" lon="25.664380"></trkpt>
      <trkpt lat="55.317260" lon="25.664270"></trkpt>
      <trkpt lat="55.317590" lon="25.664200"></trkpt>
      <trkpt lat="55.318460" lon="25.664180"></trkpt>
      <trkpt lat="55.318680" lon="25.664260"></trkpt>
      <trkpt lat="55.319160" lon="25.664600"></trkpt>
      <trkpt lat="55.319280" lon="25.664630"></trkpt>
      <trkpt lat="55.319370" lon="25.664620"></trkpt>
      <trkpt lat="55.319540" lon="25.664520"></trkpt>
      <trkpt lat="55.319640" lon="25.664420"></trkpt>
      <trkpt lat="55.319730" lon="25.664290"></trkpt>
      <trkpt lat="55.319990" lon="25.663710"></trkpt>
      <trkpt lat="55.320315" lon="25.662810"></trkpt>
      <trkpt lat="55.320640" lon="25.661910"></trkpt>
      <trkpt lat="55.320870" lon="25.661065"></trkpt>
      <trkpt lat="55.321100" lon="25.660220"></trkpt>
      <trkpt lat="55.321270" lon="25.659790"></trkpt>
      <trkpt lat="55.321350" lon="25.659660"></trkpt>
      <trkpt lat="55.321820" lon="25.659520"></trkpt>
      <trkpt lat="55.322400" lon="25.659480"></trkpt>
      <trkpt lat="55.322520" lon="25.659500"></trkpt>
      <trkpt lat="55.322910" lon="25.659690"></trkpt>
      <trkpt lat="55.323040" lon="25.659680"></trkpt>
      <trkpt lat="55.323430" lon="25.659300"></trkpt>
      <trkpt lat="55.323890" lon="25.658740"></trkpt>
      <trkpt lat="55.324030" lon="25.658640"></trkpt>
      <trkpt lat="55.324150" lon="25.658490"></trkpt>
      <trkpt lat="55.324240" lon="25.658480"></trkpt>
      <trkpt lat="55.324300" lon="25.658510"></trkpt>
      <trkpt lat="55.324340" lon="25.658560"></trkpt>
      <trkpt lat="55.324650" lon="25.659800"></trkpt>
      <trkpt lat="55.324960" lon="25.661040"></trkpt>
      <trkpt lat="55.325270" lon="25.662280"></trkpt>
      <trkpt lat="55.325400" lon="25.662580"></trkpt>
      <trkpt lat="55.325580" lon="25.662890"></trkpt>
      <trkpt lat="55.325780" lon="25.663190"></trkpt>
      <trkpt lat="55.325980" lon="25.663390"></trkpt>
      <trkpt lat="55.326180" lon="25.663560"></trkpt>
      <trkpt lat="55.327003" lon="25.664027"></trkpt>
      <trkpt lat="55.327827" lon="25.664493"></trkpt>
      <trkpt lat="55.328650" lon="25.664960"></trkpt>
      <trkpt lat="55.328940" lon="25.665280"></trkpt>
      <trkpt lat="55.329140" lon="25.665560"></trkpt>
      <trkpt lat="55.329370" lon="25.665750"></trkpt>
      <trkpt lat="55.329570" lon="25.665820"></trkpt>
      <trkpt lat="55.330356" lon="25.665814"></trkpt>
      <trkpt lat="55.331141" lon="25.665809"></trkpt>
      <trkpt lat="55.331927" lon="25.665803"></trkpt>
      <trkpt lat="55.332713" lon="25.665797"></trkpt>
      <trkpt lat="55.333499" lon="25.665791"></trkpt>
      <trkpt lat="55.334284" lon="25.665786"></trkpt>
      <trkpt lat="55.335070" lon="25.665780"></trkpt>
      <trkpt lat="55.335460" lon="25.665700"></trkpt>
      <trkpt lat="55.335630" lon="25.665590"></trkpt>
      <trkpt lat="55.336130" lon="25.665075"></trkpt>
      <trkpt lat="55.336630" lon="25.664560"></trkpt>
      <trkpt lat="55.337065" lon="25.664145"></trkpt>
      <trkpt lat="55.337500" lon="25.663730"></trkpt>
      <trkpt lat="55.337870" lon="25.663430"></trkpt>
      <trkpt lat="55.337920" lon="25.663630"></trkpt>
      <trkpt lat="55.338070" lon="25.664040"></trkpt>
      <trkpt lat="55.338180" lon="25.664570"></trkpt>
      <trkpt lat="55.338320" lon="25.665640"></trkpt>
      <trkpt lat="55.338410" lon="25.666040"></trkpt>
      <trkpt lat="55.338740" lon="25.667160"></trkpt>
      <trkpt lat="55.339100" lon="25.668030"></trkpt>
      <trkpt lat="55.339460" lon="25.668900"></trkpt>
      <trkpt lat="55.339600" lon="25.669310"></trkpt>
      <trkpt lat="55.339660" lon="25.669620"></trkpt>
      <trkpt lat="55.339640" lon="25.670090"></trkpt>
      <trkpt lat="55.339560" lon="25.670560"></trkpt>
      <trkpt lat="55.339520" lon="25.671580"></trkpt>
      <trkpt lat="55.339480" lon="25.672600"></trkpt>
      <trkpt lat="55.339410" lon="25.673360"></trkpt>
      <trkpt lat="55.339205" lon="25.674220"></trkpt>
      <trkpt lat="55.339000" lon="25.675080"></trkpt>
      <trkpt lat="55.338910" lon="25.675710"></trkpt>
      <trkpt lat="55.338950" lon="25.676990"></trkpt>
      <trkpt lat="55.338860" lon="25.678300"></trkpt>
      <trkpt lat="55.338920" lon="25.678880"></trkpt>
      <trkpt lat="55.339090" lon="25.679460"></trkpt>
      <trkpt lat="55.339550" lon="25.680230"></trkpt>
      <trkpt lat="55.339730" lon="25.680580"></trkpt>
      <trkpt lat="55.339840" lon="25.680990"></trkpt>
      <trkpt lat="55.339910" lon="25.681550"></trkpt>
      <trkpt lat="55.339890" lon="25.682360"></trkpt>
      <trkpt lat="55.339760" lon="25.683070"></trkpt>
      <trkpt lat="55.339500" lon="25.683930"></trkpt>
      <trkpt lat="55.339420" lon="25.684720"></trkpt>
      <trkpt lat="55.339395" lon="25.685845"></trkpt>
      <trkpt lat="55.339370" lon="25.686970"></trkpt>
      <trkpt lat="55.339240" lon="25.688050"></trkpt>
      <trkpt lat="55.339240" lon="25.688310"></trkpt>
      <trkpt lat="55.339350" lon="25.689577"></trkpt>
      <trkpt lat="55.339460" lon="25.690845"></trkpt>
      <trkpt lat="55.339570" lon="25.692112"></trkpt>
      <trkpt lat="55.339680" lon="25.693380"></trkpt>
      <trkpt lat="55.339685" lon="25.694230"></trkpt>
      <trkpt lat="55.339690" lon="25.695080"></trkpt>
      <trkpt lat="55.339660" lon="25.695290"></trkpt>
      <trkpt lat="55.339590" lon="25.695530"></trkpt>
      <trkpt lat="55.339160" lon="25.696500"></trkpt>
      <trkpt lat="55.338765" lon="25.697135"></trkpt>
      <trkpt lat="55.338370" lon="25.697770"></trkpt>
      <trkpt lat="55.338190" lon="25.698090"></trkpt>
      <trkpt lat="55.338080" lon="25.698420"></trkpt>
      <trkpt lat="55.337990" lon="25.699120"></trkpt>
      <trkpt lat="55.337970" lon="25.699460"></trkpt>
      <trkpt lat="55.338000" lon="25.699780"></trkpt>
      <trkpt lat="55.338200" lon="25.700670"></trkpt>
      <trkpt lat="55.338360" lon="25.700940"></trkpt>
      <trkpt lat="55.338490" lon="25.701030"></trkpt>
      <trkpt lat="55.338960" lon="25.701025"></trkpt>
      <trkpt lat="55.339430" lon="25.701020"></trkpt>
      <trkpt lat="55.340010" lon="25.701140"></trkpt>
      <trkpt lat="55.340590" lon="25.701260"></trkpt>
      <trkpt lat="55.340740" lon="25.701380"></trkpt>
      <trkpt lat="55.340890" lon="25.701690"></trkpt>
      <trkpt lat="55.341350" lon="25.702800"></trkpt>
      <trkpt lat="55.341460" lon="25.703500"></trkpt>
      <trkpt lat="55.341540" lon="25.704620"></trkpt>
      <trkpt lat="55.341520" lon="25.704880"></trkpt>
      <trkpt lat="55.341410" lon="25.705715"></trkpt>
      <trkpt lat="55.341300" lon="25.706550"></trkpt>
      <trkpt lat="55.341150" lon="25.707240"></trkpt>
      <trkpt lat="55.340960" lon="25.707870"></trkpt>
      <trkpt lat="55.340930" lon="25.708020"></trkpt>
      <trkpt lat="55.340920" lon="25.708200"></trkpt>
      <trkpt lat="55.340560" lon="25.708640"></trkpt>
      <trkpt lat="55.340045" lon="25.709205"></trkpt>
      <trkpt lat="55.339530" lon="25.709770"></trkpt>
      <trkpt lat="55.338930" lon="25.710360"></trkpt>
      <trkpt lat="55.338160" lon="25.710930"></trkpt>
      <trkpt lat="55.337573" lon="25.711157"></trkpt>
      <trkpt lat="55.336987" lon="25.711383"></trkpt>
      <trkpt lat="55.336400" lon="25.711610"></trkpt>
      <trkpt lat="55.335710" lon="25.711690"></trkpt>
      <trkpt lat="55.335530" lon="25.711890"></trkpt>
      <trkpt lat="55.335440" lon="25.712070"></trkpt>
      <trkpt lat="55.335210" lon="25.712780"></trkpt>
      <trkpt lat="55.335120" lon="25.713130"></trkpt>
      <trkpt lat="55.335070" lon="25.713490"></trkpt>
      <trkpt lat="55.334980" lon="25.713750"></trkpt>
      <trkpt lat="55.334710" lon="25.714210"></trkpt>
      <trkpt lat="55.334530" lon="25.714350"></trkpt>
      <trkpt lat="55.334290" lon="25.714590"></trkpt>
      <trkpt lat="55.334190" lon="25.714760"></trkpt>
      <trkpt lat="55.334050" lon="25.715040"></trkpt>
      <trkpt lat="55.333660" lon="25.716370"></trkpt>
      <trkpt lat="55.333530" lon="25.716670"></trkpt>
      <trkpt lat="55.333430" lon="25.716850"></trkpt>
      <trkpt lat="55.332960" lon="25.717410"></trkpt>
      <trkpt lat="55.332690" lon="25.718220"></trkpt>
      <trkpt lat="55.332475" lon="25.719195"></trkpt>
      <trkpt lat="55.332260" lon="25.720170"></trkpt>
      <trkpt lat="55.332220" lon="25.720420"></trkpt>
      <trkpt lat="55.332230" lon="25.721480"></trkpt>
      <trkpt lat="55.332240" lon="25.722540"></trkpt>
      <trkpt lat="55.332210" lon="25.723080"></trkpt>
      <trkpt lat="55.332140" lon="25.724015"></trkpt>
      <trkpt lat="55.332070" lon="25.724950"></trkpt>
      <trkpt lat="55.332050" lon="25.725150"></trkpt>
      <trkpt lat="55.332000" lon="25.725360"></trkpt>
      <trkpt lat="55.332040" lon="25.725750"></trkpt>
      <trkpt lat="55.332090" lon="25.726130"></trkpt>
      <trkpt lat="55.332680" lon="25.726165"></trkpt>
      <trkpt lat="55.333270" lon="25.726200"></trkpt>
      <trkpt lat="55.334005" lon="25.726670"></trkpt>
      <trkpt lat="55.334740" lon="25.727140"></trkpt>
      <trkpt lat="55.335090" lon="25.727260"></trkpt>
      <trkpt lat="55.335390" lon="25.727300"></trkpt>
      <trkpt lat="55.335570" lon="25.727270"></trkpt>
      <trkpt lat="55.336400" lon="25.727750"></trkpt>
      <trkpt lat="55.336910" lon="25.728410"></trkpt>
      <trkpt lat="55.337670" lon="25.729200"></trkpt>
      <trkpt lat="55.338280" lon="25.729870"></trkpt>
      <trkpt lat="55.338730" lon="25.730430"></trkpt>
      <trkpt lat="55.338970" lon="25.731020"></trkpt>
      <trkpt lat="55.339100" lon="25.731590"></trkpt>
      <trkpt lat="55.339150" lon="25.732000"></trkpt>
      <trkpt lat="55.339160" lon="25.732350"></trkpt>
      <trkpt lat="55.339060" lon="25.733090"></trkpt>
      <trkpt lat="55.338910" lon="25.733630"></trkpt>
      <trkpt lat="55.338750" lon="25.734130"></trkpt>
      <trkpt lat="55.338570" lon="25.735413"></trkpt>
      <trkpt lat="55.338390" lon="25.736697"></trkpt>
      <trkpt lat="55.338210" lon="25.737980"></trkpt>
      <trkpt lat="55.338060" lon="25.738800"></trkpt>
      <trkpt lat="55.338020" lon="25.739320"></trkpt>
      <trkpt lat="55.338040" lon="25.739910"></trkpt>
      <trkpt lat="55.338165" lon="25.740715"></trkpt>
      <trkpt lat="55.338290" lon="25.741520"></trkpt>
      <trkpt lat="55.338590" lon="25.742590"></trkpt>
      <trkpt lat="55.338850" lon="25.743130"></trkpt>
      <trkpt lat="55.339090" lon="25.743490"></trkpt>
      <trkpt lat="55.339570" lon="25.744035"></trkpt>
      <trkpt lat="55.340050" lon="25.744580"></trkpt>
      <trkpt lat="55.340713" lon="25.745377"></trkpt>
      <trkpt lat="55.341375" lon="25.746175"></trkpt>
      <trkpt lat="55.342038" lon="25.746972"></trkpt>
      <trkpt lat="55.342700" lon="25.747770"></trkpt>
      <trkpt lat="55.342850" lon="25.748090"></trkpt>
      <trkpt lat="55.343030" lon="25.748610"></trkpt>
      <trkpt lat="55.343210" lon="25.749390"></trkpt>
      <trkpt lat="55.343390" lon="25.750170"></trkpt>
      <trkpt lat="55.343690" lon="25.751315"></trkpt>
      <trkpt lat="55.343990" lon="25.752460"></trkpt>
      <trkpt lat="55.344255" lon="25.753265"></trkpt>
      <trkpt lat="55.344520" lon="25.754070"></trkpt>
      <trkpt lat="55.344620" lon="25.754420"></trkpt>
      <trkpt lat="55.344600" lon="25.754870"></trkpt>
      <trkpt lat="55.344510" lon="25.755150"></trkpt>
      <trkpt lat="55.344450" lon="25.755500"></trkpt>
      <trkpt lat="55.344390" lon="25.757040"></trkpt>
      <trkpt lat="55.344410" lon="25.757490"></trkpt>
      <trkpt lat="55.344490" lon="25.757980"></trkpt>
      <trkpt lat="55.344720" lon="25.758780"></trkpt>
      <trkpt lat="55.344890" lon="25.759190"></trkpt>
      <trkpt lat="55.345060" lon="25.759450"></trkpt>
      <trkpt lat="55.345220" lon="25.759640"></trkpt>
      <trkpt lat="55.345865" lon="25.760270"></trkpt>
      <trkpt lat="55.346510" lon="25.760900"></trkpt>
      <trkpt lat="55.346620" lon="25.761080"></trkpt>
      <trkpt lat="55.346690" lon="25.761300"></trkpt>
      <trkpt lat="55.346720" lon="25.761590"></trkpt>
      <trkpt lat="55.346660" lon="25.762180"></trkpt>
      <trkpt lat="55.346595" lon="25.763065"></trkpt>
      <trkpt lat="55.346530" lon="25.763950"></trkpt>
      <trkpt lat="55.346480" lon="25.765270"></trkpt>
      <trkpt lat="55.346480" lon="25.766120"></trkpt>
      <trkpt lat="55.346400" lon="25.767000"></trkpt>
      <trkpt lat="55.346410" lon="25.767860"></trkpt>
      <trkpt lat="55.346470" lon="25.768300"></trkpt>
      <trkpt lat="55.346570" lon="25.768810"></trkpt>
      <trkpt lat="55.346908" lon="25.770135"></trkpt>
      <trkpt lat="55.347245" lon="25.771460"></trkpt>
      <trkpt lat="55.347583" lon="25.772785"></trkpt>
      <trkpt lat="55.347920" lon="25.774110"></trkpt>
      <trkpt lat="55.347940" lon="25.774290"></trkpt>
      <trkpt lat="55.347810" lon="25.774360"></trkpt>
      <trkpt lat="55.347680" lon="25.774480"></trkpt>
      <trkpt lat="55.347540" lon="25.774720"></trkpt>
      <trkpt lat="55.347450" lon="25.775010"></trkpt>
      <trkpt lat="55.347410" lon="25.775380"></trkpt>
      <trkpt lat="55.347428" lon="25.776852"></trkpt>
      <trkpt lat="55.347445" lon="25.778325"></trkpt>
      <trkpt lat="55.347463" lon="25.779797"></trkpt>
      <trkpt lat="55.347480" lon="25.781270"></trkpt>
      <trkpt lat="55.347510" lon="25.781610"></trkpt>
      <trkpt lat="55.347580" lon="25.781970"></trkpt>
      <trkpt lat="55.347680" lon="25.782320"></trkpt>
      <trkpt lat="55.348085" lon="25.783395"></trkpt>
      <trkpt lat="55.348490" lon="25.784470"></trkpt>
      <trkpt lat="55.348550" lon="25.784770"></trkpt>
      <trkpt lat="55.348580" lon="25.785170"></trkpt>
      <trkpt lat="55.348484" lon="25.786633"></trkpt>
      <trkpt lat="55.348389" lon="25.788096"></trkpt>
      <trkpt lat="55.348293" lon="25.789559"></trkpt>
      <trkpt lat="55.348197" lon="25.791021"></trkpt>
      <trkpt lat="55.348102" lon="25.792484"></trkpt>
      <trkpt lat="55.348006" lon="25.793947"></trkpt>
      <trkpt lat="55.347910" lon="25.795410"></trkpt>
      <trkpt lat="55.347870" lon="25.795740"></trkpt>
      <trkpt lat="55.347780" lon="25.795980"></trkpt>
      <trkpt lat="55.347680" lon="25.796150"></trkpt>
      <trkpt lat="55.347510" lon="25.796250"></trkpt>
      <trkpt lat="55.346790" lon="25.796405"></trkpt>
      <trkpt lat="55.346070" lon="25.796560"></trkpt>
      <trkpt lat="55.345900" lon="25.796680"></trkpt>
      <trkpt lat="55.345780" lon="25.796840"></trkpt>
      <trkpt lat="55.345650" lon="25.797150"></trkpt>
      <trkpt lat="55.345288" lon="25.798420"></trkpt>
      <trkpt lat="55.344925" lon="25.799690"></trkpt>
      <trkpt lat="55.344563" lon="25.800960"></trkpt>
      <trkpt lat="55.344200" lon="25.802230"></trkpt>
      <trkpt lat="55.343950" lon="25.802895"></trkpt>
      <trkpt lat="55.343700" lon="25.803560"></trkpt>
      <trkpt lat="55.343460" lon="25.804050"></trkpt>
      <trkpt lat="55.343065" lon="25.804740"></trkpt>
      <trkpt lat="55.342670" lon="25.805430"></trkpt>
      <trkpt lat="55.342590" lon="25.805620"></trkpt>
      <trkpt lat="55.342520" lon="25.805860"></trkpt>
      <trkpt lat="55.342470" lon="25.806280"></trkpt>
      <trkpt lat="55.342470" lon="25.806500"></trkpt>
      <trkpt lat="55.342550" lon="25.807000"></trkpt>
      <trkpt lat="55.342690" lon="25.807510"></trkpt>
      <trkpt lat="55.342960" lon="25.808340"></trkpt>
      <trkpt lat="55.343090" lon="25.808790"></trkpt>
      <trkpt lat="55.343130" lon="25.808770"></trkpt>
      <trkpt lat="55.343250" lon="25.808780"></trkpt>
      <trkpt lat="55.343370" lon="25.808850"></trkpt>
      <trkpt lat="55.343630" lon="25.809010"></trkpt>
      <trkpt lat="55.344150" lon="25.809400"></trkpt>
      <trkpt lat="55.344660" lon="25.809900"></trkpt>
      <trkpt lat="55.345207" lon="25.810503"></trkpt>
      <trkpt lat="55.345753" lon="25.811107"></trkpt>
      <trkpt lat="55.346300" lon="25.811710"></trkpt>
      <trkpt lat="55.346590" lon="25.811910"></trkpt>
      <trkpt lat="55.346900" lon="25.812070"></trkpt>
      <trkpt lat="55.347460" lon="25.812300"></trkpt>
      <trkpt lat="55.347910" lon="25.812530"></trkpt>
      <trkpt lat="55.348745" lon="25.813005"></trkpt>
      <trkpt lat="55.349580" lon="25.813480"></trkpt>
      <trkpt lat="55.349650" lon="25.813550"></trkpt>
      <trkpt lat="55.349700" lon="25.813630"></trkpt>
      <trkpt lat="55.349970" lon="25.814220"></trkpt>
      <trkpt lat="55.350040" lon="25.814310"></trkpt>
      <trkpt lat="55.350230" lon="25.814480"></trkpt>
    </trkseg>
  </trk>
</gpx>
